{
  "val_mae": 6.325361161314664,
  "val_r2": 0.9133903088008791,
  "val_rmse": 12.925137995424615
}