project_id,master_project_en,area_name_en,developer,project_status,project_type_en,percent_completed,no_of_units,no_of_buildings,no_of_villas,no_of_lands,total_assets,project_start_date,project_end_date,start_year,end_year,planned_duration_days,is_ready,is_offplan,is_delivered,is_overdue,is_zombie,months_overdue,progress_band,cohort_median_completion,vs_cohort_pts
426351107,Dubai Studio City,Al Hebiah Second,TECOM Investments,Finished,Standard,100.0,111,1,0,0,112,2022-09-15,2024-09-14,2022.0,2024.0,730.0,True,False,True,False,False,,>70% built,100.0,0.0
411471164,Jabal Ali Village,Jabal Ali First,Nakheel,Active,Standard,79.0,0,0,0,205,205,2022-09-29,2025-12-31,2022.0,2025.0,1189.0,False,True,False,True,False,7.1,>70% built,100.0,-21.0
34098121,DAMAC HILLS 2,Madinat Hind 4,Front Line Investment Management,Finished,Standard,100.0,0,0,0,418,418,2016-12-20,2022-03-21,2016.0,2022.0,1917.0,True,False,True,False,False,,>70% built,100.0,0.0
751875646,DownTown Dubai,Burj Khalifa,Emaar Properties,Active,Standard,6.0,621,1,0,0,622,2025-02-01,2027-11-30,2025.0,2027.0,1032.0,False,True,False,False,False,,<30% built,0.0,6.0
634,Jumeirah Village Circle,Al Barsha South Fourth,Jumeirah Village,Finished,Standard,100.0,65,1,0,0,66,2008-09-01,2013-08-15,2008.0,2013.0,1809.0,True,False,True,False,False,,>70% built,100.0,0.0
556630812,Dubai Sports City,Al Hebiah Fourth,Dubai Sports City,Active,Standard,33.0,1110,2,0,0,1112,2024-06-01,2026-03-30,2024.0,2026.0,667.0,False,True,False,True,False,4.2,30-70% built,8.0,25.0
612886319,Jumeirah Village Triangle,Al Barsha South Fifth,Jumeirah Village,Active,Standard,37.0,263,1,0,0,264,2024-05-15,2026-11-25,2024.0,2026.0,924.0,False,True,False,False,False,,30-70% built,8.0,29.0
760845474,Al Furjan,Jabal Ali First,Al Furjan,Not Started,Standard,0.0,0,0,15,0,15,2025-08-01,2027-04-30,2025.0,2027.0,637.0,False,True,False,False,False,,<30% built,0.0,0.0
831,Dubai Land Residence Complex,Wadi Al Safa 5,Dubai Properties,Finished,Standard,100.0,0,1,0,0,1,2008-12-10,2010-12-31,2008.0,2010.0,751.0,True,False,True,False,False,,>70% built,100.0,0.0
806380170,Palm Deira,Palm Deira,Nakheel,Pending,Standard,0.0,64,1,0,0,65,2025-10-01,2028-09-30,2025.0,2028.0,1095.0,False,True,False,False,False,,<30% built,0.0,0.0
801710051,,Bukadra,Meydan Group,Not Started,Standard,0.0,296,1,0,0,297,2025-09-01,2028-12-31,2025.0,2028.0,1217.0,False,True,False,False,False,,<30% built,0.0,0.0
27136683,,Al Barshaa South Third,Orion Real Estate Development,Finished,Standard,100.0,196,1,0,0,197,2016-01-01,2022-07-15,2016.0,2022.0,2387.0,True,False,True,False,False,,>70% built,100.0,0.0
490578574,Jumeirah Village Circle,Al Barsha South Fourth,Jumeirah Village,Finished,Standard,100.0,507,1,0,0,508,2023-03-23,2024-10-01,2023.0,2024.0,558.0,True,False,True,False,False,,>70% built,48.0,52.0
572541372,Jumeirah Village Circle,Al Barsha South Fourth,Jumeirah Village,Active,Standard,3.0,351,1,0,0,352,2024-04-01,2027-03-31,2024.0,2027.0,1094.0,False,True,False,False,False,,<30% built,8.0,-5.0
581747282,,Al Hebiah Fifth,Wahat Al Jazeera Real Estate,Active,Standard,5.0,96,2,0,0,98,2024-04-22,,2024.0,,,False,True,False,False,False,,<30% built,8.0,-3.0
746208416,,Dubai Investment Park Second,Emaar Development,Not Started,Standard,0.0,0,0,0,178,178,2025-03-13,2029-04-30,2025.0,2029.0,1509.0,False,True,False,False,False,,<30% built,0.0,0.0
31307314,DUBAI HILLS - PARKWAY VISTAS,Hadaeq Sheikh Mohammed Bin Rashid,Dubai Hills Estate,Finished,Standard,100.0,0,0,0,60,60,2016-11-06,2019-08-24,2016.0,2019.0,1021.0,True,False,True,False,False,,>70% built,100.0,0.0
386110372,Dubai Health Care City Phase 2,Al Jadaf,Dubai Healthcare City,Finished,Standard,100.0,126,1,0,0,127,2021-09-01,2022-11-30,2021.0,2022.0,455.0,True,False,True,False,False,,>70% built,100.0,0.0
475,Silicon Oasis,Nadd Hessa,Dubai Integrated Economic Zones,Finished,Standard,100.0,206,2,0,0,208,2007-02-01,2010-05-31,2007.0,2010.0,1215.0,True,False,True,False,False,,>70% built,100.0,0.0
627510787,,Al Yufrah 1,Emaar Development,Active,Standard,8.0,0,0,488,121,609,2024-08-23,2028-08-31,2024.0,2028.0,1469.0,False,True,False,False,False,,<30% built,8.0,0.0
1285,Jumeirah Islands,Al Thanyah Fifth,Nakheel,Conditional Activating,Standard,32.0,1372,4,11,0,1387,2006-01-09,2013-01-01,2006.0,2013.0,2549.0,False,True,False,True,False,163.0,30-70% built,100.0,-68.0
1197,Liwan1,Wadi Al Safa 2,Remraam,Finished,Standard,100.0,67,1,0,0,68,2008-08-04,2016-09-28,2008.0,2016.0,2977.0,True,False,True,False,False,,>70% built,100.0,0.0
553864167,Down Town Jabal Ali,Jabal Ali Industrial Second,Nakheel,Active,Standard,90.0,284,1,0,0,285,2022-10-06,,2022.0,,,False,True,False,False,False,,>70% built,100.0,-10.0
673057641,Palm Deira,Palm Deira,Palm Deira,Active,Standard,9.0,62,1,0,0,63,2024-11-01,2026-04-01,2024.0,2026.0,516.0,False,True,False,True,True,4.1,<30% built,8.0,1.0
24754715,Dubai South Residential District,Madinat Al Mataar,Dubai World Trade Centre,Finished,Standard,100.0,1452,13,0,12,1477,2015-11-01,2020-02-06,2015.0,2020.0,1558.0,True,False,True,False,False,,>70% built,100.0,0.0
27875224,City Walk,Al Wasl,City Walk Residential 1,Finished,Standard,100.0,286,5,0,0,291,2013-05-18,2017-02-07,2013.0,2017.0,1361.0,True,False,True,False,False,,>70% built,100.0,0.0
688752026,,Al Yufrah 1,Emaar Development,Active,Standard,1.0,0,0,290,265,555,2025-02-28,2028-10-31,2025.0,2028.0,1341.0,False,True,False,False,False,,<30% built,0.0,1.0
489582936,Business Park,Zaabeel Second,DHAM (Dubai Holding Asset Management),Active,Standard,14.0,558,3,0,0,561,2023-05-25,2027-02-25,2023.0,2027.0,1372.0,False,True,False,False,False,,<30% built,48.0,-34.0
711087248,Dubai World Central,Madinat Al Mataar,Expo City Real Estate Development,Active,Standard,47.0,288,21,0,0,309,2025-05-01,2027-06-15,2025.0,2027.0,775.0,False,True,False,False,False,,30-70% built,0.0,47.0
31016354,Al Furjan,Jabal Ali First,Al Furjan,Finished,Standard,100.0,273,1,0,0,274,2016-05-15,2018-03-11,2016.0,2018.0,665.0,True,False,True,False,False,,>70% built,100.0,0.0
531714602,Al Furjan,Jabal Ali First,Nakheel,Finished,Standard,100.0,102,1,0,0,103,2023-08-01,,2023.0,,,True,False,True,False,False,,>70% built,48.0,52.0
35238007,DownTown Dubai,Burj Khalifa,Emaar Properties,Finished,Standard,100.0,431,1,0,0,432,2016-09-21,2023-10-30,2016.0,2023.0,2595.0,True,False,True,False,False,,>70% built,100.0,0.0
576549994,Jumeirah Village Triangle,Al Barsha South Fifth,Jumeirah Village,Active,Standard,17.0,185,1,0,0,186,2024-03-06,,2024.0,,,False,True,False,False,False,,<30% built,8.0,9.0
21377043,Silicon Oasis,Nadd Hessa,Dubai Integrated Economic Zones,Finished,Standard,100.0,112,1,0,0,113,2014-06-05,2020-01-20,2014.0,2020.0,2055.0,True,False,True,False,False,,>70% built,100.0,0.0
564313379,Business Bay,Business Bay,Business Bay,Active,Standard,1.0,65,2,0,0,67,2024-07-01,2027-12-31,2024.0,2027.0,1278.0,False,True,False,False,False,,<30% built,8.0,-7.0
1465,DownTown Dubai,Burj Khalifa,Emaar Properties,Pending,Standard,0.0,0,0,0,0,0,,,,,,False,True,False,False,False,,<30% built,,
377175223,Jumeirah Village Circle,Al Barsha South Fourth,Jumeirah Village,Finished,Standard,100.0,96,1,0,0,97,2021-11-01,2023-11-01,2021.0,2023.0,730.0,True,False,True,False,False,,>70% built,100.0,0.0
8546559,DAMAC HILLS,Al Hebiah Third,DAMAC Crescent Properties,Finished,Standard,100.0,0,0,161,166,327,2013-07-01,2018-02-14,2013.0,2018.0,1689.0,True,False,True,False,False,,>70% built,100.0,0.0
910,Silicon Oasis,Nadd Hessa,Dubai Integrated Economic Zones,Finished,Standard,100.0,200,2,0,0,202,2008-10-05,2016-08-17,2008.0,2016.0,2873.0,True,False,True,False,False,,>70% built,100.0,0.0
725769310,Dubai South Residential District,Madinat Al Mataar,Dubai Aviation City Corporation,Active,Standard,37.0,40,1,0,0,41,2024-10-28,2026-07-28,2024.0,2026.0,638.0,False,True,False,True,False,0.2,30-70% built,8.0,29.0
793954686,Dubai Maritime City,Madinat Dubai Almelaheyah,Dubai Maritime City,Pending,Standard,0.0,0,0,0,0,0,2025-09-30,2029-09-30,2025.0,2029.0,1461.0,False,True,False,False,False,,<30% built,0.0,0.0
499507686,Dubai Harbour,Marsa Dubai,Harbour Real Estate,Active,Standard,14.0,646,2,0,0,648,2023-07-01,,2023.0,,,False,True,False,False,False,,<30% built,48.0,-34.0
447744766,TOWN SQUARE,Al Yelayiss 2,Nshama,Finished,Standard,100.0,484,1,0,0,485,2023-02-28,2025-09-30,2023.0,2025.0,945.0,True,False,True,False,False,,>70% built,48.0,52.0
7900151,Palm Jumeirah,Palm Jumeirah,Nakheel,Finished,Standard,100.0,708,1,0,0,709,2013-05-27,2016-11-14,2013.0,2016.0,1267.0,True,False,True,False,False,,>70% built,100.0,0.0
434404087,DownTown Dubai,Burj Khalifa,Emaar Properties,Active,Standard,80.0,35,2,0,0,37,2023-03-21,2024-12-31,2023.0,2024.0,651.0,False,True,False,True,False,19.1,>70% built,48.0,32.0
609940790,Al Furjan,Jabal Ali First,Al Furjan,Active,Standard,40.0,90,1,0,0,91,2024-08-31,2026-08-31,2024.0,2026.0,730.0,False,True,False,False,False,,30-70% built,8.0,32.0
699001247,,Al Hebiah Fifth,Dubai Properties,Not Started,Standard,0.0,0,0,902,40,942,2025-06-30,2028-06-30,2025.0,2028.0,1096.0,False,True,False,False,False,,<30% built,0.0,0.0
669517874,,Wadi Al Safa 4,Majid Al Futtaim Communities,Not Started,Standard,0.0,324,3,0,0,327,2024-12-01,2027-12-30,2024.0,2027.0,1124.0,False,True,False,False,False,,<30% built,8.0,-8.0
43654242,,Mirdif,Dubai Investment Real Estate,Finished,Standard,100.0,407,3,0,0,410,2016-11-21,2020-03-03,2016.0,2020.0,1198.0,True,False,True,False,False,,>70% built,100.0,0.0
659730462,Jumeirah Village Triangle,Al Barsha South Fifth,Nakheel,Active,Standard,13.0,168,1,0,0,169,2024-08-27,2026-10-27,2024.0,2026.0,791.0,False,True,False,False,False,,<30% built,8.0,5.0
372790670,,Wadi Al Safa 5,Emaar Development,Finished,Standard,100.0,0,0,35,17,52,2022-02-10,2024-10-31,2022.0,2024.0,994.0,True,False,True,False,False,,>70% built,100.0,0.0
688502633,International Media Production Zone,Me'Aisem First,DHAM (Dubai Holding Asset Management),Pending,Standard,0.0,60,1,0,0,61,2025-06-01,2026-12-31,2025.0,2026.0,578.0,False,True,False,False,False,,<30% built,0.0,0.0
499374379,SOBHA HARTLAND,Al Merkadh,Sobha,Active,Standard,37.0,342,1,0,0,343,2023-04-17,,2023.0,,,False,True,False,False,False,,30-70% built,48.0,-11.0
525244178,,Me'Aisem Second,Emaar Properties,Active,Standard,34.0,0,0,0,264,264,2023-08-14,,2023.0,,,False,True,False,False,False,,30-70% built,48.0,-14.0
462463162,DownTown Dubai,Burj Khalifa,Emaar Development,Active,Standard,81.0,234,1,0,0,235,2022-12-07,2025-12-31,2022.0,2025.0,1120.0,False,True,False,True,False,7.1,>70% built,100.0,-19.0
245380566,Arjan,Al Barshaa South Third,Liwan,Finished,Standard,100.0,419,2,0,0,421,2019-06-01,2023-01-09,2019.0,2023.0,1318.0,True,False,True,False,False,,>70% built,100.0,0.0
610098793,Motor City,Al Hebiah First,Union Properties PJSC,Active,Standard,6.0,2995,8,0,0,3003,2024-06-01,2028-12-31,2024.0,2028.0,1674.0,False,True,False,False,False,,<30% built,8.0,-2.0
772484436,Majan,Wadi Al Safa 3,Liwan,Not Started,Standard,0.0,349,1,0,0,350,2025-06-01,2028-10-31,2025.0,2028.0,1248.0,False,True,False,False,False,,<30% built,0.0,0.0
757638119,Meydan Racecourse Community,Nad Al Shiba First,Meydan Group,Active,Standard,13.0,41,1,0,0,42,2025-05-01,2026-12-31,2025.0,2026.0,609.0,False,True,False,False,False,,<30% built,0.0,13.0
82811057,Dubai Creek Harbour,Al Khairan First,The Lagoons (Phase 1),Finished,Standard,100.0,160,1,0,0,161,2017-08-15,2025-02-24,2017.0,2025.0,2750.0,True,False,True,False,False,,>70% built,100.0,0.0
30176250,DownTown Dubai,Burj Khalifa,Emaar Properties,Finished,Standard,100.0,137,1,0,0,138,2016-11-01,2022-12-09,2016.0,2022.0,2229.0,True,False,True,False,False,,>70% built,100.0,0.0
555152114,Majan,Wadi Al Safa 3,Liwan,Active,Standard,91.0,87,1,0,0,88,2022-12-07,,2022.0,,,False,True,False,False,False,,>70% built,100.0,-9.0
711209067,LA MER,Jumeirah First,Meraas,Not Started,Standard,0.0,0,0,0,5,5,2025-05-02,2029-03-31,2025.0,2029.0,1429.0,False,True,False,False,False,,<30% built,0.0,0.0
12905715,Jumeirah Village Circle,Al Barsha South Fourth,Jumeirah Village,Finished,Standard,100.0,0,0,22,0,22,2014-06-15,2018-05-01,2014.0,2018.0,1416.0,True,False,True,False,False,,>70% built,100.0,0.0
184,Business Bay,Business Bay,Dubai Properties,Finished,Standard,100.0,188,1,0,0,189,2007-09-18,2010-09-07,2007.0,2010.0,1085.0,True,False,True,False,False,,>70% built,100.0,0.0
773743866,Jumeirah Village Circle,Al Barsha South Fourth,Jumeirah Village,Not Started,Standard,0.0,157,1,0,0,158,2025-08-01,2028-03-31,2025.0,2028.0,973.0,False,True,False,False,False,,<30% built,0.0,0.0
45833762,Jumeirah Village Circle,Al Barsha South Fourth,Nakheel,Finished,Standard,100.0,255,4,0,0,259,2015-11-15,2019-07-28,2015.0,2019.0,1351.0,True,False,True,False,False,,>70% built,100.0,0.0
195314591,Dubai Science Park,Al Barshaa South Second,TECOM Investments,Finished,Standard,100.0,490,1,0,0,491,2018-09-25,2020-12-27,2018.0,2020.0,824.0,True,False,True,False,False,,>70% built,100.0,0.0
181245510,,Wadi Al Safa 5,Dubai Properties,Finished,Standard,100.0,0,0,422,68,490,2018-07-15,2021-07-30,2018.0,2021.0,1111.0,True,False,True,False,False,,>70% built,100.0,0.0
578534242,Springs - 2,Al Thanayah Fourth,Emaar Properties,Finished,Standard,100.0,0,0,318,86,404,2002-01-01,2005-01-01,2002.0,2005.0,1096.0,True,False,True,False,False,,>70% built,100.0,0.0
1203,Liwan1,Wadi Al Safa 2,Remraam,Finished,Standard,100.0,61,1,0,0,62,2008-06-24,2013-10-06,2008.0,2013.0,1930.0,True,False,True,False,False,,>70% built,100.0,0.0
686016080,Meydan Racecourse Community,Nad Al Shiba First,Meydan Group,Active,Standard,40.0,0,0,0,9,9,2023-02-24,2025-12-31,2023.0,2025.0,1041.0,False,True,False,True,False,7.1,30-70% built,48.0,-8.0
619334375,Dubai South Residential District,Madinat Al Mataar,Dubai Aviation City Corporation,Active,Standard,55.0,44,1,0,0,45,2024-06-01,2025-12-31,2024.0,2025.0,578.0,False,True,False,True,False,7.1,30-70% built,8.0,47.0
763931378,International City Phase 3,Warsan Fourth,International City,Pending,Standard,0.0,127,1,0,0,128,2025-10-01,2028-10-01,2025.0,2028.0,1096.0,False,True,False,False,False,,<30% built,0.0,0.0
721489422,,Saih Shuaib 2,DHAM (Dubai Holding Asset Management),Not Started,Standard,0.0,248,1,0,0,249,2025-06-29,2026-12-30,2025.0,2026.0,549.0,False,True,False,False,False,,<30% built,0.0,0.0
592949396,Palm Jumeirah,Palm Jumeirah,Nakheel,Active,Standard,2.0,165,3,0,0,168,2024-07-01,2028-03-31,2024.0,2028.0,1369.0,False,True,False,False,False,,<30% built,8.0,-6.0
303124269,International Media Production Zone,Me'Aisem First,TECOM Investments,Finished,Standard,100.0,255,3,0,0,258,2019-10-07,2022-03-31,2019.0,2022.0,906.0,True,False,True,False,False,,>70% built,100.0,0.0
637576005,Jumeirah Village Circle,Al Barsha South Fourth,Nakheel,Active,Standard,51.0,165,1,0,0,166,2024-08-01,2026-08-01,2024.0,2026.0,730.0,False,True,False,True,False,0.1,30-70% built,8.0,43.0
77709106,Dubai World Central,Madinat Al Mataar,Emaar Dubai South DWC,Finished,Standard,100.0,372,55,0,0,427,2017-08-12,2020-05-31,2017.0,2020.0,1023.0,True,False,True,False,False,,>70% built,100.0,0.0
28333488,International Media Production Zone,Me'Aisem First,TECOM Investments,Finished,Standard,100.0,591,4,0,0,595,2016-11-01,2020-03-01,2016.0,2020.0,1216.0,True,False,True,False,False,,>70% built,100.0,0.0
1103,Jumeirah Islands,Al Thanyah Fifth,Nakheel,Finished,Standard,100.0,246,7,0,450,703,2006-01-09,2012-02-01,2006.0,2012.0,2214.0,True,False,True,False,False,,>70% built,100.0,0.0
1302,Dubai Sports City,Al Hebiah Fourth,Dubai Sports City,Finished,Standard,100.0,180,1,0,0,181,2007-06-17,2017-04-20,2007.0,2017.0,3595.0,True,False,True,False,False,,>70% built,100.0,0.0
482154959,Jumeirah Lakes Towers,Al Thanyah Fifth,DMCC (Dubai Multi Commodities Centre),Active,Standard,27.0,610,1,0,0,611,2023-04-01,2027-06-30,2023.0,2027.0,1551.0,False,True,False,False,False,,<30% built,48.0,-21.0
446865081,Dubai Hills Estate,Hadaeq Sheikh Mohammed Bin Rashid,Dubai Hills Estate,Active,Standard,71.0,306,3,0,0,309,2023-03-03,2026-09-30,2023.0,2026.0,1307.0,False,True,False,False,False,,>70% built,48.0,23.0
424488472,Palm Jumeirah,Palm Jumeirah,Palm Jumeirah,Active,Standard,80.0,226,5,0,0,231,2022-06-01,2025-12-31,2022.0,2025.0,1309.0,False,True,False,True,False,7.1,>70% built,100.0,-20.0
627661891,Dubai Land Residence Complex,Wadi Al Safa 5,Dubailand Residences,Active,Standard,3.0,288,1,0,0,289,2024-08-01,2027-08-01,2024.0,2027.0,1095.0,False,True,False,False,False,,<30% built,8.0,-5.0
594515251,,Al Yufrah 1,Emaar Development,Active,Standard,72.0,0,0,406,63,469,2024-01-08,,2024.0,,,False,True,False,False,False,,>70% built,8.0,64.0
717667526,Palm Deira,Palm Deira,Nakheel,Pending,Standard,0.0,0,0,0,0,0,2025-02-01,2027-02-01,2025.0,2027.0,730.0,False,True,False,False,False,,<30% built,0.0,0.0
297988676,TILAL AL GHAF,Al Hebiah Fourth,Majid Al Futtaim Communities,Finished,Standard,100.0,0,0,916,152,1068,2020-06-30,2023-11-03,2020.0,2023.0,1221.0,True,False,True,False,False,,>70% built,100.0,0.0
1311,DownTown Dubai,Burj Khalifa,Emaar Properties,Finished,Standard,100.0,217,3,0,0,220,2012-02-14,2012-01-13,2012.0,2012.0,,True,False,True,False,False,,>70% built,100.0,0.0
580833344,Arjan,Al Barshaa South Third,Liwan,Active,Standard,40.0,223,1,0,0,224,2024-04-20,2025-12-30,2024.0,2025.0,619.0,False,True,False,True,False,7.1,30-70% built,8.0,32.0
9690799,Dubai Sports City,Al Hebiah Fourth,Dubai Sports City,Finished,Standard,100.0,0,0,0,31,31,2013-09-30,2016-10-31,2013.0,2016.0,1127.0,True,False,True,False,False,,>70% built,100.0,0.0
1442,Arjan,Al Barshaa South Third,Remraam,Finished,Standard,100.0,172,1,0,0,173,2011-01-05,2014-03-31,2011.0,2014.0,1181.0,True,False,True,False,False,,>70% built,100.0,0.0
31809936,Jumeirah Village Circle,Al Barsha South Fourth,Nakheel,Finished,Standard,100.0,0,0,0,0,0,2016-05-15,2020-02-12,2016.0,2020.0,1368.0,True,False,True,False,False,,>70% built,100.0,0.0
25333395,Jumeirah Village Circle,Al Barsha South Fourth,Jumeirah Village,Finished,Standard,100.0,70,1,0,0,71,2015-05-01,2018-06-24,2015.0,2018.0,1150.0,True,False,True,False,False,,>70% built,100.0,0.0
353374618,Mohammed Bin Rashid AL Maktoum City -District -1 Community,Al Merkadh,Meydan Group,Finished,Standard,100.0,31,1,0,0,32,2021-06-01,2023-01-30,2021.0,2023.0,608.0,True,False,True,False,False,,>70% built,100.0,0.0
33710887,Dubai Health Care City Phase 2,Al Jadaf,Dubai Healthcare City,Finished,Standard,100.0,359,1,0,0,360,2016-10-01,2019-08-31,2016.0,2019.0,1064.0,True,False,True,False,False,,>70% built,100.0,0.0
646523962,Jumeirah Village Circle,Al Barsha South Fourth,Nakheel,Not Started,Standard,0.0,228,1,0,0,229,2024-11-27,2028-03-31,2024.0,2028.0,1220.0,False,True,False,False,False,,<30% built,8.0,-8.0
15986259,Dubai Investment Park Second,Dubai Investment Park Second,Dubai Investments Park Development,Finished,Standard,100.0,212,2,0,0,214,2014-12-01,2017-07-20,2014.0,2017.0,962.0,True,False,True,False,False,,>70% built,100.0,0.0
53856865,Meydan Racecourse Community,Nad Al Shiba First,Meydan Group,Finished,Standard,100.0,43,1,0,0,44,2016-09-01,2019-09-29,2016.0,2019.0,1123.0,True,False,True,False,False,,>70% built,100.0,0.0
741813358,,Saih Shuaib 2,DHAM (Dubai Holding Asset Management),Not Started,Standard,0.0,0,0,15,0,15,2025-03-20,2028-06-20,2025.0,2028.0,1188.0,False,True,False,False,False,,<30% built,0.0,0.0
668306529,Majan,Wadi Al Safa 3,Liwan,Active,Standard,13.0,253,1,0,0,254,2024-10-10,2027-04-09,2024.0,2027.0,911.0,False,True,False,False,False,,<30% built,8.0,5.0
49027017,Dubai World Central,Madinat Al Mataar,Emaar Dubai South DWC,Finished,Standard,100.0,291,3,0,0,294,2017-07-20,2020-05-15,2017.0,2020.0,1030.0,True,False,True,False,False,,>70% built,100.0,0.0
25,Jumeirah Village Circle,Al Barsha South Fourth,Jumeirah Village,Finished,Standard,100.0,0,0,25,0,25,2008-11-21,2013-11-27,2008.0,2013.0,1832.0,True,False,True,False,False,,>70% built,100.0,0.0
619971121,DAMAC HILLS 2,Madinat Hind 4,Front Line Investment Management,Not Started,Standard,0.0,1145,3,0,0,1148,2024-09-01,2027-06-30,2024.0,2027.0,1032.0,False,True,False,False,False,,<30% built,8.0,-8.0
789566641,Jumeirah Village Circle,Al Barsha South Fourth,Jumeirah Village,Pending,Standard,29.0,0,0,0,0,0,2025-09-01,2027-03-01,2025.0,2027.0,546.0,False,True,False,False,False,,<30% built,0.0,29.0
414502717,Nad Al Sheba Gardens,Nad Al Shiba First,Shamal Real Estate,Active,Standard,99.0,0,0,213,202,415,2022-07-10,2024-12-01,2022.0,2024.0,875.0,False,True,False,True,False,20.1,>70% built,100.0,-1.0
832,Dubai Land Residence Complex,Wadi Al Safa 5,Dubai Properties,Finished,Standard,100.0,0,1,0,0,1,2016-01-31,2016-06-30,2016.0,2016.0,151.0,True,False,True,False,False,,>70% built,100.0,0.0
518401938,Barsha Heights,Al Thanyah First,TECOM Investments,Pending,Standard,33.0,0,0,0,0,0,2016-11-15,,2016.0,,,False,True,False,False,False,,30-70% built,100.0,-67.0
244930502,,Wadi Al Safa 5,Emaar Development,Finished,Standard,100.0,0,0,438,77,515,2019-06-15,2022-12-16,2019.0,2022.0,1280.0,True,False,True,False,False,,>70% built,100.0,0.0
168224988,Meydan One Community,Al Merkadh,Meydan Group,Finished,Standard,100.0,247,1,0,0,248,2017-10-01,2023-06-30,2017.0,2023.0,2098.0,True,False,True,False,False,,>70% built,100.0,0.0
400684997,Arjan,Al Barshaa South Third,Liwan,Finished,Standard,100.0,94,1,0,0,95,2021-10-30,2024-06-30,2021.0,2024.0,974.0,True,False,True,False,False,,>70% built,100.0,0.0
763646166,Palm Deira,Palm Deira,Nakheel,Not Started,Standard,0.0,146,1,0,0,147,2025-06-15,2027-09-30,2025.0,2027.0,837.0,False,True,False,False,False,,<30% built,0.0,0.0
654471807,Jumeirah Garden City,Al Satwa,Meraas,Active,Standard,14.0,219,1,0,0,220,2024-11-19,2026-06-30,2024.0,2026.0,588.0,False,True,False,True,True,1.1,<30% built,8.0,6.0
447572715,,Al Hebiah Fifth,Wahat Al Jazeera Real Estate,Active,Standard,61.0,0,0,0,423,423,2022-02-12,2025-12-31,2022.0,2025.0,1418.0,False,True,False,True,False,7.1,30-70% built,100.0,-39.0
476011932,Dubai Creek Harbour,Al Khairan First,The Lagoons (Phase 1),Finished,Standard,100.0,340,1,0,0,341,2023-07-02,2027-06-30,2023.0,2027.0,1459.0,True,False,True,False,False,,>70% built,48.0,52.0
697002052,,Jumeirah Second,Dubai Peninsula,Not Started,Standard,0.0,74,3,0,0,77,2025-07-12,2028-12-31,2025.0,2028.0,1268.0,False,True,False,False,False,,<30% built,0.0,0.0
557159500,Dubai Studio City,Al Hebiah Second,DHAM (Dubai Holding Asset Management),Active,Standard,50.0,69,1,0,0,70,2024-02-01,,2024.0,,,False,True,False,False,False,,30-70% built,8.0,42.0
185524878,TOWN SQUARE,Al Yelayiss 2,Nshama,Finished,Standard,100.0,0,0,264,31,295,2018-10-15,2021-09-15,2018.0,2021.0,1066.0,True,False,True,False,False,,>70% built,100.0,0.0
33149130,Jumeirah Village Circle,Al Barsha South Fourth,Jumeirah Village,Finished,Standard,100.0,127,1,0,0,128,2015-11-19,2019-10-07,2015.0,2019.0,1418.0,True,False,True,False,False,,>70% built,100.0,0.0
161,Business Bay,Business Bay,Business Bay,Finished,Standard,100.0,131,2,0,0,133,2007-05-01,2010-11-01,2007.0,2010.0,1280.0,True,False,True,False,False,,>70% built,100.0,0.0
649111531,Dubai Marina,Marsa Dubai,Emaar Development,Active,Standard,71.0,296,1,0,0,297,2024-12-01,2026-03-31,2024.0,2026.0,485.0,False,True,False,True,False,4.1,>70% built,8.0,63.0
759311429,Al Furjan,Jabal Ali First,Nakheel,Not Started,Standard,0.0,82,1,0,0,83,2025-06-09,2027-12-30,2025.0,2027.0,934.0,False,True,False,False,False,,<30% built,0.0,0.0
78776231,Dubai South Residential District,Madinat Al Mataar,Dubai Aviation City Corporation,Frozen,Standard,0.0,108,1,0,0,109,2017-07-01,2019-09-01,2017.0,2019.0,792.0,False,False,False,False,False,,<30% built,100.0,-100.0
178575566,DAMAC HILLS 2,Madinat Hind 4,Front Line Investment Management,Finished,Standard,100.0,0,0,0,142,142,2018-06-21,2021-08-18,2018.0,2021.0,1154.0,True,False,True,False,False,,>70% built,100.0,0.0
356,Palm Jumeirah,Palm Jumeirah,Nakheel,Finished,Standard,100.0,543,3,18,2,566,2008-01-23,2021-02-03,2008.0,2021.0,4760.0,True,False,True,False,False,,>70% built,100.0,0.0
978,Jumeirah Lakes Towers,Al Thanyah Fifth,DMCC (Dubai Multi Commodities Centre),Finished,Standard,100.0,421,1,0,0,422,2008-12-30,2009-05-30,2008.0,2009.0,151.0,True,False,True,False,False,,>70% built,100.0,0.0
536546437,Jumeirah Village Circle,Al Barsha South Fourth,Jumeirah Village,Active,Standard,88.0,108,1,0,0,109,2023-06-01,,2023.0,,,False,True,False,False,False,,>70% built,48.0,40.0
612,Business Bay,Business Bay,Dubai Properties,Finished,Standard,100.0,92,1,0,1,94,2007-05-01,2010-12-30,2007.0,2010.0,1339.0,True,False,True,False,False,,>70% built,100.0,0.0
533591180,Liwan2,Wadi Al Safa 2,Liwan,Active,Standard,65.0,22,1,0,0,23,2023-12-01,,2023.0,,,False,True,False,False,False,,30-70% built,48.0,17.0
10579593,International City Phase 1,Al Warsan First,International City,Finished,Standard,100.0,0,0,0,360,360,2013-09-25,2016-06-26,2013.0,2016.0,1005.0,True,False,True,False,False,,>70% built,100.0,0.0
507894403,Mohammed Bin Rashid AL Maktoum City -District -1 Community,Al Merkadh,District One,Active,Standard,7.0,456,4,0,0,460,2023-10-28,2027-09-30,2023.0,2027.0,1433.0,False,True,False,False,False,,<30% built,48.0,-41.0
705323429,Nad Al Sheba Gardens,Nad Al Shiba First,Shamal Real Estate,Active,Standard,46.0,48,1,0,0,49,2024-06-20,2026-06-30,2024.0,2026.0,740.0,False,True,False,True,False,1.1,30-70% built,8.0,38.0
779834298,Dubai South Residential District,Madinat Al Mataar,Dubai Aviation City Corporation,Pending,Standard,0.0,43,1,0,0,44,2025-09-01,2026-12-30,2025.0,2026.0,485.0,False,True,False,False,False,,<30% built,0.0,0.0
19484629,Jumeirah Village Circle,Al Barsha South Fourth,Jumeirah Village,Finished,Standard,100.0,280,1,0,0,281,2015-02-01,2021-11-17,2015.0,2021.0,2481.0,True,False,True,False,False,,>70% built,100.0,0.0
493,Silicon Oasis,Nadd Hessa,Dubai Integrated Economic Zones,Finished,Standard,100.0,238,2,0,0,240,2007-12-12,2018-05-22,2007.0,2018.0,3814.0,True,False,True,False,False,,>70% built,100.0,0.0
48190444,Dubai Health Care City Phase 2,Al Jadaf,Dubai Healthcare City,Active,Standard,98.0,282,2,0,0,284,2017-02-20,2025-07-10,2017.0,2025.0,3062.0,False,True,False,True,False,12.8,>70% built,100.0,-2.0
540563698,,Bukadra,Sobha,Active,Standard,35.0,0,0,0,111,111,2023-10-10,2027-12-31,2023.0,2027.0,1543.0,False,True,False,False,False,,30-70% built,48.0,-13.0
25664617,Al Furjan,Jabal Ali First,Al Furjan,Finished,Standard,100.0,0,0,0,247,247,2014-10-19,2016-08-03,2014.0,2016.0,654.0,True,False,True,False,False,,>70% built,100.0,0.0
26109290,Dubai Hills Estate,Hadaeq Sheikh Mohammed Bin Rashid,Dubai Hills Estate,Finished,Standard,100.0,0,1,666,193,860,2016-12-28,2019-09-30,2016.0,2019.0,1006.0,True,False,True,False,False,,>70% built,100.0,0.0
760303129,Dubai Land Residence Complex,Wadi Al Safa 5,Nakheel,Not Started,Standard,0.0,538,1,0,0,539,2025-05-30,2027-12-15,2025.0,2027.0,929.0,False,True,False,False,False,,<30% built,0.0,0.0
659662647,Jumeirah Park,Al Thanyah Fifth,Nakheel,Pending,Standard,30.0,0,0,0,0,0,2024-03-15,2025-03-15,2024.0,2025.0,365.0,False,True,False,True,False,16.7,<30% built,8.0,22.0
1208,Liwan1,Wadi Al Safa 2,Remraam,Finished,Standard,100.0,65,1,0,0,66,2009-07-01,2014-07-23,2009.0,2014.0,1848.0,True,False,True,False,False,,>70% built,100.0,0.0
569133085,DownTown Dubai,Burj Khalifa,Emaar Properties,Active,Standard,6.0,276,1,0,0,277,2024-01-01,2027-12-31,2024.0,2027.0,1460.0,False,True,False,False,False,,<30% built,8.0,-2.0
8481385,DAMAC HILLS,Al Hebiah Third,DAMAC Crescent Properties,Finished,Standard,100.0,0,0,0,121,121,2013-07-01,2016-02-21,2013.0,2016.0,965.0,True,False,True,False,False,,>70% built,100.0,0.0
641239356,Jumeirah Garden City,Al Satwa,Meraas,Active,Standard,2.0,64,1,0,0,65,2024-08-15,2026-08-14,2024.0,2026.0,729.0,False,True,False,False,False,,<30% built,8.0,-6.0
619194945,,Al Hebiah Fifth,Wahat Al Jazeera Real Estate,Active,Standard,13.0,108,2,0,0,110,2024-08-21,2027-03-31,2024.0,2027.0,952.0,False,True,False,False,False,,<30% built,8.0,5.0
476809216,Palm Jumeirah,Palm Jumeirah,Nakheel,Active,Standard,11.0,76,1,0,0,77,2023-09-27,2027-03-27,2023.0,2027.0,1277.0,False,True,False,False,False,,<30% built,48.0,-37.0
404905801,Dubai World Central,Madinat Al Mataar,Emaar Dubai South DWC,Finished,Standard,100.0,0,0,241,37,278,2022-08-19,2025-10-31,2022.0,2025.0,1169.0,True,False,True,False,False,,>70% built,100.0,0.0
746176562,,Dubai Investment Park Second,Emaar Development,Not Started,Standard,0.0,0,0,0,79,79,2025-03-27,2029-02-28,2025.0,2029.0,1434.0,False,True,False,False,False,,<30% built,0.0,0.0
625333554,Dubai Creek Harbour,Al Khairan First,Dubai Creek Harbour,Active,Standard,2.0,512,2,0,0,514,2024-08-01,2029-03-31,2024.0,2029.0,1703.0,False,True,False,False,False,,<30% built,8.0,-6.0
174595204,Jumeirah Golf Estates,Me'Aisem First,Jumeirah Golf Estates,Finished,Standard,100.0,136,1,0,0,137,2017-05-15,2020-04-04,2017.0,2020.0,1055.0,True,False,True,False,False,,>70% built,100.0,0.0
681441931,Business Bay,Business Bay,Dubai Properties,Not Started,Standard,0.0,52,1,0,0,53,2025-05-01,2027-11-01,2025.0,2027.0,914.0,False,True,False,False,False,,<30% built,0.0,0.0
258568610,LA MER,Jumeirah First,Meraas,Finished,Standard,100.0,0,0,34,13,47,2019-07-24,2022-11-07,2019.0,2022.0,1202.0,True,False,True,False,False,,>70% built,100.0,0.0
419394277,Dubai Hills Estate,Hadaeq Sheikh Mohammed Bin Rashid,Dubai Hills Estate,Finished,Standard,100.0,306,2,0,0,308,2022-10-06,2025-12-15,2022.0,2025.0,1166.0,True,False,True,False,False,,>70% built,100.0,0.0
733508498,Liwan1,Wadi Al Safa 2,Liwan,Not Started,Standard,0.0,200,1,0,0,201,2025-05-31,2026-12-31,2025.0,2026.0,579.0,False,True,False,False,False,,<30% built,0.0,0.0
88005969,Jumeirah Village Triangle,Al Barsha South Fifth,Jumeirah Village,Active,Standard,31.0,239,1,0,0,240,2023-06-01,2026-01-31,2023.0,2026.0,975.0,False,True,False,True,False,6.1,30-70% built,48.0,-17.0
1041,Palm Jumeirah,Palm Jumeirah,Nakheel,Finished,Standard,100.0,1,1,38,0,40,2008-11-24,2009-11-10,2008.0,2009.0,351.0,True,False,True,False,False,,>70% built,100.0,0.0
664691294,Dubai Science Park,Al Barshaa South Second,DHAM (Dubai Holding Asset Management),Not Started,Standard,0.0,1575,1,0,0,1576,2024-10-01,2026-04-01,2024.0,2026.0,547.0,False,True,False,True,True,4.1,<30% built,8.0,-8.0
819416922,LA MER,Jumeirah First,Meraas,Pending,Standard,0.0,0,0,0,0,0,2026-01-30,2029-06-30,2026.0,2029.0,1247.0,False,True,False,False,False,,<30% built,0.0,0.0
47206747,Meydan Racecourse Community,Nad Al Shiba First,Meydan Group,Active,Standard,78.0,36,1,0,0,37,2016-09-15,2018-12-15,2016.0,2018.0,821.0,False,True,False,True,False,91.6,>70% built,100.0,-22.0
13583892,Business Bay,Business Bay,Business Bay,Finished,Standard,100.0,185,1,0,0,186,2014-03-01,2017-08-29,2014.0,2017.0,1277.0,True,False,True,False,False,,>70% built,100.0,0.0
743954376,TOWN SQUARE,Al Yelayiss 2,Nshama,Not Started,Standard,0.0,149,1,0,0,150,2025-11-01,2028-05-31,2025.0,2028.0,942.0,False,True,False,False,False,,<30% built,0.0,0.0
75,Jumeirah Lakes Towers,Al Thanyah Fifth,DMCC (Dubai Multi Commodities Centre),Finished,Standard,100.0,205,1,0,0,206,2007-08-26,2007-11-14,2007.0,2007.0,80.0,True,False,True,False,False,,>70% built,100.0,0.0
250,Sufouh Gardens,Al Safouh First,TECOM Investments,Finished,Standard,100.0,48,1,0,1,50,2008-03-06,2014-05-27,2008.0,2014.0,2273.0,True,False,True,False,False,,>70% built,100.0,0.0
641566629,Jaddaf Waterfront,Al Jadaf,Dubai Properties,Active,Standard,3.0,233,1,0,0,234,2024-09-01,2027-08-31,2024.0,2027.0,1094.0,False,True,False,False,False,,<30% built,8.0,-5.0
2,Jumeirah Lakes Towers,Al Thanyah Fifth,DMCC (Dubai Multi Commodities Centre),Finished,Standard,100.0,295,1,0,0,296,2007-02-04,2010-01-06,2007.0,2010.0,1067.0,True,False,True,False,False,,>70% built,100.0,0.0
829,Dubai Land Residence Complex,Wadi Al Safa 5,Dubai Properties,Finished,Standard,100.0,0,1,0,0,1,2016-01-31,2016-06-30,2016.0,2016.0,151.0,True,False,True,False,False,,>70% built,100.0,0.0
168189447,Meydan One Community,Al Merkadh,Meydan Group,Finished,Standard,100.0,204,1,0,0,205,2017-10-01,2023-09-13,2017.0,2023.0,2173.0,True,False,True,False,False,,>70% built,100.0,0.0
624872532,Wasl Gate,Jabal Ali First,JAG Development,Active,Standard,1.0,260,1,0,0,261,2025-01-01,2027-12-31,2025.0,2027.0,1094.0,False,True,False,False,False,,<30% built,0.0,1.0
148742205,Mohammed Bin Rashid AL Maktoum City -District -1 Community,Al Merkadh,District One,Finished,Standard,100.0,31,1,0,0,32,2017-12-01,2022-01-31,2017.0,2022.0,1522.0,True,False,True,False,False,,>70% built,100.0,0.0
749058040,Jumeirah Village Circle,Al Barsha South Fourth,Jumeirah Village,Not Started,Standard,0.0,200,1,0,0,201,2025-08-01,2028-12-31,2025.0,2028.0,1248.0,False,True,False,False,False,,<30% built,0.0,0.0
86853367,Business Bay,Business Bay,Business Bay,Active,Standard,15.0,351,1,0,0,352,2023-08-08,2027-03-31,2023.0,2027.0,1331.0,False,True,False,False,False,,<30% built,48.0,-33.0
452807597,Jumeira Bay,Island 2,Jumeirah Bay,Active,Standard,23.0,31,1,0,0,32,2023-02-07,2027-03-27,2023.0,2027.0,1509.0,False,True,False,False,False,,<30% built,48.0,-25.0
347,Jumeirah Lakes Towers,Al Thanyah Fifth,Nakheel,Finished,Standard,100.0,177,1,0,0,178,2006-12-18,2010-10-04,2006.0,2010.0,1386.0,True,False,True,False,False,,>70% built,100.0,0.0
741273378,,Dubai Investment Park Second,DAMAC Meree Investment,Not Started,Standard,0.0,388,3,0,0,391,2025-08-11,2029-03-31,2025.0,2029.0,1328.0,False,True,False,False,False,,<30% built,0.0,0.0
98466562,Dubai Creek Harbour,Al Khairan First,The Lagoons (Phase 1),Finished,Standard,100.0,383,2,0,0,385,2017-10-24,2022-11-30,2017.0,2022.0,1863.0,True,False,True,False,False,,>70% built,100.0,0.0
232367274,LA MER,Jumeirah First,BDLM Residential,Finished,Standard,100.0,284,4,0,0,288,2019-06-15,2022-10-19,2019.0,2022.0,1222.0,True,False,True,False,False,,>70% built,100.0,0.0
434606131,,Wadi Al Safa 3,Abwab Real Estate,Finished,Standard,100.0,0,0,57,28,85,2022-07-01,2024-03-08,2022.0,2024.0,616.0,True,False,True,False,False,,>70% built,100.0,0.0
737034891,Palm Deira,Palm Deira,Palm Deira,Not Started,Standard,0.0,54,1,0,0,55,2025-06-01,2027-05-31,2025.0,2027.0,729.0,False,True,False,False,False,,<30% built,0.0,0.0
1242,Falcon City,Wadi Al Safa 2,Dubailand,Finished,Standard,100.0,0,0,0,1,1,2007-02-20,2009-06-25,2007.0,2009.0,856.0,True,False,True,False,False,,>70% built,100.0,0.0
733800078,Al Furjan,Jabal Ali First,Nakheel,Pending,Standard,0.0,83,1,0,0,84,2025-05-01,2027-05-01,2025.0,2027.0,730.0,False,True,False,False,False,,<30% built,0.0,0.0
33413806,Al Furjan,Jabal Ali First,Al Furjan,Finished,Standard,100.0,448,1,0,0,449,2016-09-01,2020-05-31,2016.0,2020.0,1368.0,True,False,True,False,False,,>70% built,100.0,0.0
97396922,Mohammed Bin Rashid AL Maktoum District 11,Wadi Al Safa 3,Meydan Group,Finished,Standard,100.0,60,1,0,0,61,2015-12-20,2021-08-10,2015.0,2021.0,2060.0,True,False,True,False,False,,>70% built,100.0,0.0
745827737,,Al Yelayiss 1,DAMAC Elite Investment,Not Started,Standard,0.0,0,0,0,273,273,2025-10-01,2029-06-30,2025.0,2029.0,1368.0,False,True,False,False,False,,<30% built,0.0,0.0
248350640,Business Bay,Business Bay,Business Bay,Finished,Standard,100.0,703,1,0,0,704,2019-04-15,2023-06-30,2019.0,2023.0,1537.0,True,False,True,False,False,,>70% built,100.0,0.0
714212267,Jumeirah Village Circle,Al Barsha South Fourth,Jumeirah Village,Active,Standard,26.0,0,0,13,0,13,2024-10-15,2026-04-07,2024.0,2026.0,539.0,False,True,False,True,True,3.9,<30% built,8.0,18.0
778808365,Jumeirah Village Circle,Al Barsha South Fourth,Jumeirah Village,Not Started,Standard,0.0,109,1,0,0,110,2025-08-01,2027-06-30,2025.0,2027.0,698.0,False,True,False,False,False,,<30% built,0.0,0.0
726400670,,Wadi Al Safa 7,DHRE 2 BTS (Dubai Holding),Active,Standard,1.0,0,0,0,265,265,2025-05-03,2028-05-03,2025.0,2028.0,1096.0,False,True,False,False,False,,<30% built,0.0,1.0
577006574,,Al Hebiah Fifth,Wahat Al Jazeera Real Estate,Active,Standard,12.0,162,3,0,0,165,2024-04-06,,2024.0,,,False,True,False,False,False,,<30% built,8.0,4.0
352677648,SOBHA HARTLAND,Al Merkadh,Meydan Group,Finished,Standard,100.0,604,1,0,0,605,2021-01-03,2024-03-31,2021.0,2024.0,1183.0,True,False,True,False,False,,>70% built,100.0,0.0
707623637,,Al Yelayiss 1,DAMAC Elite Investment,Not Started,Standard,0.0,0,0,0,250,250,2025-04-21,2028-12-31,2025.0,2028.0,1350.0,False,True,False,False,False,,<30% built,0.0,0.0
825,Silicon Oasis,Nadd Hessa,Dubai Integrated Economic Zones,Finished,Standard,100.0,126,1,0,0,127,2008-03-23,2009-11-14,2008.0,2009.0,601.0,True,False,True,False,False,,>70% built,100.0,0.0
701161748,Jumeirah Village Circle,Al Barsha South Fourth,Jumeirah Village,Active,Standard,16.0,205,1,0,0,206,2025-01-01,2027-03-31,2025.0,2027.0,819.0,False,True,False,False,False,,<30% built,0.0,16.0
594499141,Jumeirah Village Triangle,Al Barsha South Fifth,Jumeirah Village,Active,Standard,14.0,138,1,0,0,139,2024-03-15,,2024.0,,,False,True,False,False,False,,<30% built,8.0,6.0
599992670,,Wadi Al Safa 4,Majid Al Futtaim Communities,Not Started,Standard,0.0,546,10,0,0,556,2024-12-27,,2024.0,,,False,True,False,False,False,,<30% built,8.0,-8.0
472866761,Jumeirah Village Circle,Al Barsha South Fourth,Jumeirah Village,Finished,Standard,100.0,0,0,13,0,13,2022-05-25,2023-07-05,2022.0,2023.0,406.0,True,False,True,False,False,,>70% built,100.0,0.0
14219160,Al Furjan,Jabal Ali First,Al Furjan,Finished,Standard,100.0,97,1,0,0,98,2014-10-30,2016-05-07,2014.0,2016.0,555.0,True,False,True,False,False,,>70% built,100.0,0.0
591387986,Mohammed Bin Rashid AL Maktoum District 11,Wadi Al Safa 3,Meydan Group,Active,Standard,1.0,0,0,51,0,51,2024-09-01,,2024.0,,,False,True,False,False,False,,<30% built,8.0,-7.0
659954265,Dubai South Residential District,Madinat Al Mataar,Dubai Aviation City Corporation,Pending,Standard,0.0,70,1,0,0,71,2024-12-01,2026-12-30,2024.0,2026.0,759.0,False,True,False,False,False,,<30% built,8.0,-8.0
686047506,,Al Barsha First,Al Furjan,Active,Standard,88.0,335,1,0,0,336,2021-08-17,2025-10-31,2021.0,2025.0,1536.0,False,True,False,True,False,9.1,>70% built,100.0,-12.0
673725648,Palm Jabal Ali,Palm Jabal Ali,Nakheel,Not Started,Standard,0.0,0,0,0,79,79,2025-01-14,2028-01-17,2025.0,2028.0,1098.0,False,True,False,False,False,,<30% built,0.0,0.0
21402060,Dubai Studio City,Al Hebiah Second,TECOM Investments,Finished,Standard,100.0,421,2,0,0,423,2015-06-01,2018-02-28,2015.0,2018.0,1003.0,True,False,True,False,False,,>70% built,100.0,0.0
86837684,Business Bay,Business Bay,Business Bay,Active,Standard,18.0,327,1,0,0,328,2023-08-01,2027-02-28,2023.0,2027.0,1307.0,False,True,False,False,False,,<30% built,48.0,-30.0
516332524,Dubai Sports City,Al Hebiah Fourth,Dubai Sports City,Active,Standard,7.0,243,1,0,0,244,2024-01-01,,2024.0,,,False,True,False,False,False,,<30% built,8.0,-1.0
1151,Burj Khalifa,Burj Khalifa,Emaar Properties,Finished,Standard,100.0,28,2,0,4,34,2009-04-21,2011-07-18,2009.0,2011.0,818.0,True,False,True,False,False,,>70% built,100.0,0.0
648348043,Silicon Oasis,Nadd Hessa,Dubai Integrated Economic Zones,Not Started,Standard,0.0,86,1,0,0,87,2024-09-01,2026-04-30,2024.0,2026.0,606.0,False,True,False,True,True,3.2,<30% built,8.0,-8.0
431933742,Jumeirah Village Circle,Al Barsha South Fourth,Jumeirah Village,Finished,Standard,100.0,151,1,0,0,152,2022-05-17,2024-08-11,2022.0,2024.0,817.0,True,False,True,False,False,,>70% built,100.0,0.0
564145361,,Wadi Al Safa 5,Dubailand,Active,Standard,3.0,0,0,292,158,450,2024-04-30,2028-03-30,2024.0,2028.0,1430.0,False,True,False,False,False,,<30% built,8.0,-5.0
747094910,DAMAC HILLS,Al Hebiah Third,DAMAC Crescent Properties,Not Started,Standard,0.0,0,0,0,56,56,2025-09-01,2028-06-30,2025.0,2028.0,1033.0,False,True,False,False,False,,<30% built,0.0,0.0
1437,Jumeirah Village Circle,Al Barsha South Fourth,Nakheel,Finished,Standard,100.0,199,2,0,0,201,2008-07-16,2011-01-15,2008.0,2011.0,913.0,True,False,True,False,False,,>70% built,100.0,0.0
766411263,Jumeirah Garden City,Al Satwa,Meraas,Pending,Standard,0.0,222,3,0,0,225,2025-12-01,2027-12-31,2025.0,2027.0,760.0,False,True,False,False,False,,<30% built,0.0,0.0
317,Silicon Oasis,Nadd Hessa,Dubai Integrated Economic Zones,Finished,Standard,100.0,279,1,0,0,280,2009-03-15,2011-08-04,2009.0,2011.0,872.0,True,False,True,False,False,,>70% built,100.0,0.0
535966836,,Al Yufrah 1,Emaar Development,Active,Standard,36.0,0,0,520,78,598,2023-11-17,,2023.0,,,False,True,False,False,False,,30-70% built,48.0,-12.0
1454,Liwan1,Wadi Al Safa 2,Remraam,Finished,Standard,100.0,0,0,6,0,6,2009-05-01,2010-07-12,2009.0,2010.0,437.0,True,False,True,False,False,,>70% built,100.0,0.0
408968741,City Walk,Al Wasl,Meraas,Finished,Standard,100.0,130,1,0,0,131,2022-06-01,2025-04-01,2022.0,2025.0,1035.0,True,False,True,False,False,,>70% built,100.0,0.0
798070802,,Saih Shuaib 2,DHAM (Dubai Holding Asset Management),Pending,Standard,0.0,163,1,0,0,164,2025-09-30,2027-11-30,2025.0,2027.0,791.0,False,True,False,False,False,,<30% built,0.0,0.0
534374883,Dubai Water Canal,Jumeirah Second,Meraas,Active,Standard,6.0,14,1,0,0,15,2024-11-01,2026-12-31,2024.0,2026.0,790.0,False,True,False,False,False,,<30% built,8.0,-2.0
804512759,International Media Production Zone,Me'Aisem First,DHAM (Dubai Holding Asset Management),Pending,Standard,0.0,75,1,0,0,76,2026-03-01,2027-12-31,2026.0,2027.0,670.0,False,True,False,False,False,,<30% built,0.0,0.0
767816242,,Bukadra,Meydan Group,Pending,Standard,0.0,372,2,0,0,374,2025-10-20,2027-10-20,2025.0,2027.0,730.0,False,True,False,False,False,,<30% built,0.0,0.0
373488211,Dubai Investment Park First,Dubai Investment Park First,Dubai Investments Park Development,Active,Standard,74.0,0,0,96,0,96,2021-04-06,2022-08-06,2021.0,2022.0,487.0,False,True,False,True,False,47.9,>70% built,100.0,-26.0
488098244,Jumeirah Village Circle,Al Barsha South Fourth,Jumeirah Village,Finished,Standard,100.0,160,1,0,0,161,2023-02-15,2024-08-15,2023.0,2024.0,547.0,True,False,True,False,False,,>70% built,48.0,52.0
481990291,,Um Suqaim Third,Jumeirah Hills Development,Active,Standard,46.0,326,8,0,0,334,2023-04-30,2026-04-30,2023.0,2026.0,1096.0,False,True,False,True,False,3.2,30-70% built,48.0,-2.0
412,Arjan,Al Barshaa South Third,Remraam,Finished,Standard,100.0,519,3,0,0,522,2010-04-01,2014-07-07,2010.0,2014.0,1558.0,True,False,True,False,False,,>70% built,100.0,0.0
1436,Jumeirah Village Circle,Al Barsha South Fourth,Nakheel,Finished,Standard,100.0,183,2,0,0,185,2008-02-09,2012-01-23,2008.0,2012.0,1444.0,True,False,True,False,False,,>70% built,100.0,0.0
809986877,,Saih Shuaib 2,Dubai Industrial City,Pending,Standard,0.0,0,0,0,0,0,2025-11-01,2027-11-01,2025.0,2027.0,730.0,False,True,False,False,False,,<30% built,0.0,0.0
758969455,Wasl Gate,Jabal Ali First,JAG Development,Not Started,Standard,0.0,256,1,0,0,257,2025-10-31,2028-05-31,2025.0,2028.0,943.0,False,True,False,False,False,,<30% built,0.0,0.0
648386497,Al Furjan,Jabal Ali First,Al Furjan,Active,Standard,61.0,133,1,0,0,134,2023-12-14,2025-12-13,2023.0,2025.0,730.0,False,True,False,True,False,7.7,30-70% built,48.0,13.0
14244075,SOBHA HARTLAND,Al Merkadh,Sobha,Finished,Standard,100.0,168,2,0,0,170,2014-09-01,2018-09-18,2014.0,2018.0,1478.0,True,False,True,False,False,,>70% built,100.0,0.0
556904556,Dubai Land Residence Complex,Wadi Al Safa 5,Dubailand Residences,Active,Standard,15.0,260,1,0,0,261,2024-01-31,,2024.0,,,False,True,False,False,False,,<30% built,8.0,7.0
54058440,Jaddaf Waterfront,Al Jadaf,Dubai Properties,Finished,Standard,100.0,128,1,0,0,129,2014-10-30,2017-03-30,2014.0,2017.0,882.0,True,False,True,False,False,,>70% built,100.0,0.0
737900646,DUBAI HILLS,Hadaeq Sheikh Mohammed Bin Rashid,Dubai Hills Estate,Active,Standard,2.0,0,0,0,16,16,2025-06-17,2027-02-28,2025.0,2027.0,621.0,False,True,False,False,False,,<30% built,0.0,2.0
770838554,,Dubai Investment Park Second,Emaar Development,Not Started,Standard,0.0,0,0,0,236,236,2025-11-02,2029-04-30,2025.0,2029.0,1275.0,False,True,False,False,False,,<30% built,0.0,0.0
751745969,Arjan,Al Barshaa South Third,DHAM (Dubai Holding Asset Management),Active,Standard,20.0,616,1,0,0,617,2025-02-15,2027-03-31,2025.0,2027.0,774.0,False,True,False,False,False,,<30% built,0.0,20.0
401300848,Dubai Water Canal,Al Wasl,Meydan Group,Finished,Standard,100.0,374,5,0,0,379,2018-05-01,2024-12-31,2018.0,2024.0,2436.0,True,False,True,False,False,,>70% built,100.0,0.0
44554710,DUBAI HILLS - SIDRA 2,Hadaeq Sheikh Mohammed Bin Rashid,Dubai Hills Estate,Finished,Standard,100.0,0,0,0,421,421,2017-05-05,2019-06-30,2017.0,2019.0,786.0,True,False,True,False,False,,>70% built,100.0,0.0
83184750,DownTown Dubai,Burj Khalifa,Emaar Properties,Finished,Standard,100.0,621,3,0,0,624,2017-10-18,2022-12-30,2017.0,2022.0,1899.0,True,False,True,False,False,,>70% built,100.0,0.0
593468556,Al Furjan,Jabal Ali First,Al Furjan,Active,Standard,13.0,78,1,0,0,79,2024-06-01,,2024.0,,,False,True,False,False,False,,<30% built,8.0,5.0
446953918,Nad Al Sheba Gardens,Nad Al Shiba First,Shamal Real Estate,Active,Standard,70.0,0,0,235,117,352,2023-01-09,2026-04-19,2023.0,2026.0,1196.0,False,True,False,True,False,3.5,30-70% built,48.0,22.0
559887282,DAMAC HILLS 2,Madinat Hind 4,Front Line Investment Management,Active,Standard,5.0,0,0,0,386,386,2024-02-16,,2024.0,,,False,True,False,False,False,,<30% built,8.0,-3.0
15427644,Dubai Studio City,Al Hebiah Second,TECOM Investments,Finished,Standard,100.0,151,1,0,0,152,2015-01-01,2017-07-31,2015.0,2017.0,942.0,True,False,True,False,False,,>70% built,100.0,0.0
4463425,Palm Jumeirah,Palm Jumeirah,Nakheel,Finished,Standard,100.0,105,1,0,0,106,2013-02-24,2014-03-20,2013.0,2014.0,389.0,True,False,True,False,False,,>70% built,100.0,0.0
135,TECOM Site B,Al Safouh First,TECOM Investments,Finished,Standard,100.0,0,0,57,57,114,2007-07-11,2013-12-31,2007.0,2013.0,2365.0,True,False,True,False,False,,>70% built,100.0,0.0
11539548,DAMAC HILLS,Al Hebiah Third,DAMAC Crescent Properties,Finished,Standard,100.0,0,0,0,130,130,2014-11-01,2019-04-11,2014.0,2019.0,1622.0,True,False,True,False,False,,>70% built,100.0,0.0
12864388,Uptown Mirdif,Mirdif,Jersey Real Estate Development,Finished,Mixed-use,100.0,146,1,0,0,147,2014-03-01,2016-10-30,2014.0,2016.0,974.0,True,False,True,False,False,,>70% built,100.0,0.0
624794241,Dubai World Central,Madinat Al Mataar,Dubai Aviation City Corporation,Active,Standard,70.0,0,0,80,76,156,2023-04-01,2023-12-01,2023.0,2023.0,244.0,False,True,False,True,False,32.1,30-70% built,48.0,22.0
436237964,City Walk,Al Wasl,Meraas,Active,Standard,62.0,218,1,0,0,219,2022-11-21,2025-12-21,2022.0,2025.0,1126.0,False,True,False,True,False,7.4,30-70% built,100.0,-38.0
405399019,Dubai Water Canal,Al Wasl,Meraas,Active,Standard,38.0,511,2,0,0,513,2022-06-01,2025-12-30,2022.0,2025.0,1308.0,False,True,False,True,False,7.1,30-70% built,100.0,-62.0
796703939,Jumeirah Village Circle,Al Barsha South Fourth,Jumeirah Village,Not Started,Standard,0.0,530,2,0,0,532,2025-11-01,2028-03-31,2025.0,2028.0,881.0,False,True,False,False,False,,<30% built,0.0,0.0
624,Jaddaf Waterfront,Al Jadaf,Dubai Properties,Finished,Standard,100.0,342,2,0,0,344,2007-02-01,2015-05-17,2007.0,2015.0,3027.0,True,False,True,False,False,,>70% built,100.0,0.0
542692851,,Al Yufrah 1,Emaar Development,Active,Standard,48.0,0,0,322,160,482,2023-11-02,,2023.0,,,False,True,False,False,False,,30-70% built,48.0,0.0
376287322,Dubai Sports City,Al Hebiah Fourth,Dubai Sports City,Finished,Standard,100.0,0,0,0,95,95,2021-12-20,2024-05-31,2021.0,2024.0,893.0,True,False,True,False,False,,>70% built,100.0,0.0
31820293,Jumeirah Golf Estates,Me'Aisem First,Jumeirah Golf Estates,Finished,Standard,100.0,0,0,0,40,40,2016-06-09,2017-09-07,2016.0,2017.0,455.0,True,False,True,False,False,,>70% built,100.0,0.0
516727840,Jumeirah Village Circle,Al Barsha South Fourth,Nakheel,Active,Standard,93.0,171,1,0,0,172,2023-06-19,,2023.0,,,False,True,False,False,False,,>70% built,48.0,45.0
482759286,Dubai South Residential District,Madinat Al Mataar,Dubai Aviation City Corporation,Active,Standard,41.0,0,0,145,72,217,2023-05-30,2026-05-30,2023.0,2026.0,1096.0,False,True,False,True,False,2.2,30-70% built,48.0,-7.0
507902751,Jumeirah Village Circle,Al Barsha South Fourth,Jumeirah Village,Active,Standard,59.0,211,2,0,0,213,2023-11-01,2026-05-20,2023.0,2026.0,931.0,False,True,False,True,False,2.5,30-70% built,48.0,11.0
246829655,Dubai Harbour,Marsa Dubai,Emaar Development,Finished,Standard,100.0,639,3,0,0,642,2019-09-10,2023-05-30,2019.0,2023.0,1358.0,True,False,True,False,False,,>70% built,100.0,0.0
676541166,Palm Deira,Palm Deira,Palm Deira,Active,Standard,6.0,112,1,0,0,113,2024-12-25,2026-12-25,2024.0,2026.0,730.0,False,True,False,False,False,,<30% built,8.0,-2.0
31960359,Palm Jumeirah,Palm Jumeirah,Palm Jumeirah,Finished,Standard,100.0,184,1,0,0,185,2016-07-15,2021-01-14,2016.0,2021.0,1644.0,True,False,True,False,False,,>70% built,100.0,0.0
688,Silicon Oasis,Nadd Hessa,Dubai Integrated Economic Zones,Finished,Standard,100.0,219,2,0,0,221,2008-04-21,2011-08-25,2008.0,2011.0,1221.0,True,False,True,False,False,,>70% built,100.0,0.0
10587055,International City Phase 1,Al Warsan First,Nakheel,Finished,Standard,100.0,0,0,0,207,207,2013-09-25,2016-06-27,2013.0,2016.0,1006.0,True,False,True,False,False,,>70% built,100.0,0.0
537374156,DAMAC HILLS,Al Hebiah Third,DAMAC Crescent Properties,Active,Standard,13.0,479,3,0,0,482,2023-12-28,2027-03-30,2023.0,2027.0,1188.0,False,True,False,False,False,,<30% built,48.0,-35.0
46,Business Bay,Business Bay,Business Bay,Finished,Standard,100.0,501,1,0,0,502,2007-04-30,2012-12-30,2007.0,2012.0,2071.0,True,False,True,False,False,,>70% built,100.0,0.0
147473083,International City Phase 3,Warsan Fourth,International City,Finished,Standard,100.0,109,1,0,0,110,2017-05-01,2019-07-31,2017.0,2019.0,821.0,True,False,True,False,False,,>70% built,100.0,0.0
746716456,Dubai Land Residence Complex,Wadi Al Safa 5,Dubailand Residences,Active,Standard,2.0,198,1,0,0,199,2025-05-20,2027-05-20,2025.0,2027.0,730.0,False,True,False,False,False,,<30% built,0.0,2.0
663108893,Dubai World Central,Madinat Al Mataar,Dubai Aviation City Corporation,Not Started,Standard,0.0,1428,2,0,0,1430,2024-09-25,2027-09-25,2024.0,2027.0,1095.0,False,True,False,False,False,,<30% built,8.0,-8.0
656052210,Mohammed Bin Rashid AL Maktoum District 11,Wadi Al Safa 3,Meydan Group,Not Started,Standard,0.0,38,1,0,0,39,2025-05-01,2027-06-30,2025.0,2027.0,790.0,False,True,False,False,False,,<30% built,0.0,0.0
22275847,DownTown Dubai,Burj Khalifa,Emaar Properties,Finished,Standard,100.0,927,3,0,0,930,2016-09-01,2022-11-29,2016.0,2022.0,2280.0,True,False,True,False,False,,>70% built,100.0,0.0
880,Dubai Land Residence Complex,Wadi Al Safa 5,Dubailand Residences,Finished,Standard,100.0,241,2,0,0,243,2008-05-24,2013-08-15,2008.0,2013.0,1909.0,True,False,True,False,False,,>70% built,100.0,0.0
683491084,Palm Deira,Palm Deira,Palm Deira,Not Started,Standard,0.0,63,1,0,0,64,2024-11-01,2026-10-30,2024.0,2026.0,728.0,False,True,False,False,False,,<30% built,8.0,-8.0
180069887,International City Phase 1,Al Warsan First,International City,Finished,Standard,100.0,1063,4,0,0,1067,2018-09-30,2022-02-01,2018.0,2022.0,1220.0,True,False,True,False,False,,>70% built,100.0,0.0
755616583,Dubai Creek Harbour,Al Khairan First,Dubai Creek Harbour,Not Started,Standard,0.0,475,1,0,0,476,2025-10-30,2029-09-30,2025.0,2029.0,1431.0,False,True,False,False,False,,<30% built,0.0,0.0
1310,Jumeirah Lakes Towers,Al Thanyah Fifth,DMCC (Dubai Multi Commodities Centre),Finished,Standard,100.0,307,1,0,0,308,2012-02-26,2008-08-24,2012.0,2008.0,,True,False,True,False,False,,>70% built,100.0,0.0
11411833,DownTown Dubai,Burj Khalifa,Emaar Properties,Finished,Mixed-use,100.0,347,1,0,0,348,2015-01-01,2019-03-03,2015.0,2019.0,1522.0,True,False,True,False,False,,>70% built,100.0,0.0
635508551,Jumeirah Village Circle,Al Barsha South Fourth,Jumeirah Village,Not Started,Standard,0.0,272,1,0,0,273,2025-03-31,2028-08-31,2025.0,2028.0,1249.0,False,True,False,False,False,,<30% built,0.0,0.0
709861003,Al Furjan,Jabal Ali First,Al Furjan,Active,Standard,3.0,69,1,0,0,70,2025-05-01,2027-09-30,2025.0,2027.0,882.0,False,True,False,False,False,,<30% built,0.0,3.0
623381907,Dubai Sports City,Al Hebiah Fourth,Dubai Sports City,Active,Standard,7.0,226,1,0,0,227,2024-12-09,2028-02-16,2024.0,2028.0,1164.0,False,True,False,False,False,,<30% built,8.0,-1.0
13065414,Dubai Sports City,Al Hebiah Fourth,Dubai Sports City,Finished,Standard,100.0,288,1,0,0,289,2014-06-01,2016-07-27,2014.0,2016.0,787.0,True,False,True,False,False,,>70% built,100.0,0.0
883,Jumeirah Lakes Towers,Al Thanyah Fifth,DMCC (Dubai Multi Commodities Centre),Finished,Standard,100.0,502,1,0,0,503,2004-11-27,2008-04-19,2004.0,2008.0,1239.0,True,False,True,False,False,,>70% built,100.0,0.0
728721254,Silicon Oasis,Nadd Hessa,Dubai Integrated Economic Zones,Not Started,Standard,0.0,356,2,0,0,358,2025-03-03,2028-06-30,2025.0,2028.0,1215.0,False,True,False,False,False,,<30% built,0.0,0.0
508560266,Mina Rashid,Madinat Dubai Almelaheyah,Mina Rashid Real Estate,Active,Standard,65.0,130,1,0,0,131,2023-09-30,,2023.0,,,False,True,False,False,False,,30-70% built,48.0,17.0
1117,Jumeirah Village Circle,Al Barsha South Fourth,Nakheel,Finished,Standard,100.0,190,2,0,0,192,2007-03-05,2010-02-08,2007.0,2010.0,1071.0,True,False,True,False,False,,>70% built,100.0,0.0
1187,Liwan1,Wadi Al Safa 2,Remraam,Finished,Standard,100.0,91,1,0,0,92,2008-08-28,2017-03-26,2008.0,2017.0,3132.0,True,False,True,False,False,,>70% built,100.0,0.0
611120098,Jumeirah Village Circle,Al Barsha South Fourth,Jumeirah Village,Active,Standard,3.0,94,1,0,0,95,2024-09-01,2026-09-01,2024.0,2026.0,730.0,False,True,False,False,False,,<30% built,8.0,-5.0
409860384,Dubai Creek Harbour,Al Khairan First,Dubai Creek Harbour,Finished,Standard,100.0,208,2,0,0,210,2022-03-05,2025-09-30,2022.0,2025.0,1305.0,True,False,True,False,False,,>70% built,100.0,0.0
793599334,Mina Rashid,Madinat Dubai Almelaheyah,Mina Rashid Real Estate,Not Started,Standard,0.0,328,3,0,0,331,2025-12-24,2029-12-31,2025.0,2029.0,1468.0,False,True,False,False,False,,<30% built,0.0,0.0
9533292,DAMAC HILLS,Al Hebiah Third,DAMAC Crescent Properties,Finished,Standard,100.0,158,2,0,0,160,2013-08-01,2016-12-31,2013.0,2016.0,1248.0,True,False,True,False,False,,>70% built,100.0,0.0
686228427,Dubai Life Style City,Wadi Al Safa 7,Seven Mayfair Real Estate Development,Not Started,Standard,0.0,473,9,0,0,482,2026-01-01,2028-12-31,2026.0,2028.0,1095.0,False,True,False,False,False,,<30% built,0.0,0.0
10829455,DAMAC HILLS,Al Hebiah Third,DAMAC Crescent Properties,Finished,Standard,100.0,0,0,0,118,118,2014-02-01,2018-09-12,2014.0,2018.0,1684.0,True,False,True,False,False,,>70% built,100.0,0.0
607232580,Jumeirah Village Circle,Al Barsha South Fourth,Jumeirah Village,Active,Standard,54.0,526,1,0,0,527,2024-06-01,2026-06-01,2024.0,2026.0,730.0,False,True,False,True,False,2.1,30-70% built,8.0,46.0
480387572,Jumeirah Village Circle,Al Barsha South Fourth,Jumeirah Village,Active,Standard,14.0,173,1,0,0,174,2023-09-21,2026-03-20,2023.0,2026.0,911.0,False,True,False,True,True,4.5,<30% built,48.0,-34.0
628665653,Palm Deira,Palm Deira,Nakheel,Active,Standard,58.0,76,1,0,0,77,2024-06-01,2026-06-01,2024.0,2026.0,730.0,False,True,False,True,False,2.1,30-70% built,8.0,50.0
524705931,Jumeirah Village Circle,Al Barsha South Fourth,Jumeirah Village,Active,Standard,81.0,174,1,0,0,175,2023-08-25,2025-08-31,2023.0,2025.0,737.0,False,True,False,True,False,11.1,>70% built,48.0,33.0
361592493,Jumeirah Golf Estates,Me'Aisem First,Jumeirah Golf Estates,Finished,Standard,100.0,0,0,138,12,150,2023-05-15,2025-01-10,2023.0,2025.0,606.0,True,False,True,False,False,,>70% built,48.0,52.0
511,,Zaabeel Second,Al Fattan Properties,Finished,Standard,100.0,0,0,0,0,0,2008-01-07,2010-03-16,2008.0,2010.0,799.0,True,False,True,False,False,,>70% built,100.0,0.0
689340227,,Al Yelayiss 1,DAMAC Elite Investment,Not Started,Standard,0.0,0,0,0,379,379,2025-03-23,2028-12-31,2025.0,2028.0,1379.0,False,True,False,False,False,,<30% built,0.0,0.0
227,Dubai Marina,Marsa Dubai,Emaar Properties,Finished,Standard,100.0,700,1,0,0,701,2008-03-10,2012-07-12,2008.0,2012.0,1585.0,True,False,True,False,False,,>70% built,100.0,0.0
1,Jumeirah Lakes Towers,Al Thanyah Fifth,DMCC (Dubai Multi Commodities Centre),Finished,Standard,100.0,248,1,0,0,249,2007-08-04,2010-05-03,2007.0,2010.0,1003.0,True,False,True,False,False,,>70% built,100.0,0.0
315,Dubai Sports City,Al Hebiah Fourth,Dubai Sports City,Finished,Standard,100.0,224,1,0,0,225,2009-01-13,2016-01-31,2009.0,2016.0,2574.0,True,False,True,False,False,,>70% built,100.0,0.0
457406609,Meydan One Community,Al Merkadh,Meydan Group,Finished,Standard,100.0,124,1,0,0,125,2022-11-08,2025-07-30,2022.0,2025.0,995.0,True,False,True,False,False,,>70% built,100.0,0.0
493545806,Jumeirah Village Circle,Al Barsha South Fourth,Jumeirah Village,Finished,Standard,100.0,113,1,0,0,114,2022-11-14,2025-03-31,2022.0,2025.0,868.0,True,False,True,False,False,,>70% built,100.0,0.0
348100922,,Wadi Al Safa 5,Dubai Properties,Finished,Standard,100.0,0,0,178,39,217,2021-05-15,2022-02-01,2021.0,2022.0,262.0,True,False,True,False,False,,>70% built,100.0,0.0
670323432,International Media Production Zone,Me'Aisem First,DHAM (Dubai Holding Asset Management),Not Started,Standard,0.0,532,2,0,0,534,2025-04-01,2027-06-01,2025.0,2027.0,791.0,False,True,False,False,False,,<30% built,0.0,0.0
648529389,International Media Production Zone,Me'Aisem First,DHAM (Dubai Holding Asset Management),Not Started,Standard,0.0,98,1,0,0,99,2025-01-02,2028-01-02,2025.0,2028.0,1095.0,False,True,False,False,False,,<30% built,0.0,0.0
164654613,Jumeirah Village Circle,Al Barsha South Fourth,Jumeirah Village,Finished,Standard,100.0,239,1,0,0,240,2017-12-28,2020-07-06,2017.0,2020.0,921.0,True,False,True,False,False,,>70% built,100.0,0.0
571859292,Al Furjan,Jabal Ali First,Al Furjan,Active,Standard,21.0,141,1,0,0,142,2024-02-01,2026-01-31,2024.0,2026.0,730.0,False,True,False,True,True,6.1,<30% built,8.0,13.0
819413954,LA MER,Jumeirah First,Meraas,Pending,Standard,0.0,0,0,0,0,0,2026-01-30,2029-06-30,2026.0,2029.0,1247.0,False,True,False,False,False,,<30% built,0.0,0.0
353179911,Dubai Harbour,Marsa Dubai,Emaar Development,Finished,Standard,100.0,552,3,0,0,555,2021-09-26,2025-10-31,2021.0,2025.0,1496.0,True,False,True,False,False,,>70% built,100.0,0.0
15657773,DAMAC HILLS 2,Madinat Hind 4,Front Line Investment Management,Finished,Standard,100.0,0,0,0,477,477,2015-06-01,2021-05-30,2015.0,2021.0,2190.0,True,False,True,False,False,,>70% built,100.0,0.0
736626070,International City Phase 3,Warsan Fourth,International City,Not Started,Standard,0.0,106,1,0,0,107,2025-08-01,2027-06-30,2025.0,2027.0,698.0,False,True,False,False,False,,<30% built,0.0,0.0
1070,Dubai Land Residence Complex,Wadi Al Safa 5,Dubailand Residences,Finished,Standard,100.0,116,1,0,0,117,2007-10-01,2009-06-01,2007.0,2009.0,609.0,True,False,True,False,False,,>70% built,100.0,0.0
731124315,,Al Yufrah 1,Sobha,Not Started,Standard,0.0,0,0,0,224,224,2025-07-15,2028-06-30,2025.0,2028.0,1081.0,False,True,False,False,False,,<30% built,0.0,0.0
27443852,Al Furjan,Jabal Ali First,Al Furjan,Finished,Standard,100.0,117,1,0,0,118,2016-01-01,2019-01-29,2016.0,2019.0,1124.0,True,False,True,False,False,,>70% built,100.0,0.0
734107872,Jumeirah Village Circle,Al Barsha South Fourth,Jumeirah Village,Not Started,Standard,0.0,71,1,0,0,72,2025-02-11,2026-08-30,2025.0,2026.0,565.0,False,True,False,False,False,,<30% built,0.0,0.0
288,Jumeirah Village Circle,Al Barsha South Fourth,Jumeirah Village,Finished,Standard,100.0,545,2,0,0,547,2008-10-21,2017-09-28,2008.0,2017.0,3264.0,True,False,True,False,False,,>70% built,100.0,0.0
816760332,Jumeirah Village Triangle,Al Barsha South Fifth,Jumeirah Village,Pending,Standard,0.0,0,0,0,0,0,2025-10-31,2027-10-31,2025.0,2027.0,730.0,False,True,False,False,False,,<30% built,0.0,0.0
641374700,Jumeirah Village Circle,Al Barsha South Fourth,Nakheel,Active,Standard,6.0,343,1,0,0,344,2024-09-01,2027-08-31,2024.0,2027.0,1094.0,False,True,False,False,False,,<30% built,8.0,-2.0
511807206,,Ghadeer Al tair,Meydan Group,Active,Standard,40.0,0,0,0,467,467,2023-12-01,,2023.0,,,False,True,False,False,False,,30-70% built,48.0,-8.0
959,International City Phase 3,Warsan Fourth,Nakheel,Finished,Standard,100.0,48,2,0,0,50,2009-04-01,2013-03-26,2009.0,2013.0,1455.0,True,False,True,False,False,,>70% built,100.0,0.0
10068302,DownTown Dubai,Burj Khalifa,Emaar Properties,Finished,Standard,100.0,209,1,0,0,210,2013-05-01,2019-09-25,2013.0,2019.0,2338.0,True,False,True,False,False,,>70% built,100.0,0.0
803278882,,Wadi Al Safa 5,Dubailand,Not Started,Standard,0.0,66,1,0,0,67,2026-01-15,2029-12-30,2026.0,2029.0,1445.0,False,True,False,False,False,,<30% built,0.0,0.0
194494367,Dubai Hills Estate,Hadaeq Sheikh Mohammed Bin Rashid,Dubai Hills Estate,Finished,Standard,100.0,216,1,0,0,217,2019-01-17,2022-12-14,2019.0,2022.0,1427.0,True,False,True,False,False,,>70% built,100.0,0.0
753723127,Jumeirah Village Circle,Al Barsha South Fourth,Nakheel,Not Started,Standard,0.0,840,1,0,0,841,2025-05-01,2028-12-31,2025.0,2028.0,1340.0,False,True,False,False,False,,<30% built,0.0,0.0
726956050,Majan,Wadi Al Safa 3,Liwan,Not Started,Standard,0.0,445,1,0,0,446,2025-06-01,2028-06-30,2025.0,2028.0,1125.0,False,True,False,False,False,,<30% built,0.0,0.0
720,Jumeirah Village Circle,Al Barsha South Fourth,Jumeirah Village,Finished,Standard,100.0,46,1,0,0,47,2009-02-03,2013-03-03,2009.0,2013.0,1489.0,True,False,True,False,False,,>70% built,100.0,0.0
590896767,Mohammed Bin Rashid AL Maktoum District 11,Wadi Al Safa 3,Meydan Group,Active,Standard,2.0,0,0,19,0,19,2024-08-12,2027-02-12,2024.0,2027.0,914.0,False,True,False,False,False,,<30% built,8.0,-6.0
509257518,Jumeirah Lakes Towers,Al Thanyah Fifth,DMCC (Dubai Multi Commodities Centre),Active,Standard,21.0,381,1,0,0,382,2023-05-26,2026-03-30,2023.0,2026.0,1039.0,False,True,False,True,True,4.2,<30% built,48.0,-27.0
608734908,Arjan,Al Barshaa South Third,Liwan,Not Started,Standard,0.0,596,2,0,0,598,2025-01-01,2029-01-31,2025.0,2029.0,1491.0,False,True,False,False,False,,<30% built,0.0,0.0
596890294,Dubai Land Residence Complex,Wadi Al Safa 5,Dubailand Residences,Active,Standard,10.0,288,1,0,0,289,2024-10-14,,2024.0,,,False,True,False,False,False,,<30% built,8.0,2.0
660061742,International City Phase 3,Warsan Fourth,International City,Active,Standard,37.0,99,1,0,0,100,2024-03-28,2026-03-31,2024.0,2026.0,733.0,False,True,False,True,False,4.1,30-70% built,8.0,29.0
624923058,Jaddaf Waterfront,Al Jadaf,Dubai Properties,Active,Standard,13.0,134,1,0,0,135,2024-08-01,2026-12-30,2024.0,2026.0,881.0,False,True,False,False,False,,<30% built,8.0,5.0
471844625,Business Bay,Business Bay,Business Bay,Active,Standard,20.0,190,1,0,0,191,2023-03-01,2025-12-31,2023.0,2025.0,1036.0,False,True,False,True,True,7.1,<30% built,48.0,-28.0
768163884,Jumeirah Village Circle,Al Barsha South Fourth,Nakheel,Not Started,Standard,0.0,130,1,0,0,131,2026-03-01,2028-09-01,2026.0,2028.0,915.0,False,True,False,False,False,,<30% built,0.0,0.0
694687844,,Saih Shuaib 2,DHAM (Dubai Holding Asset Management),Active,Standard,25.0,0,0,23,0,23,2024-12-16,2027-12-15,2024.0,2027.0,1094.0,False,True,False,False,False,,<30% built,8.0,17.0
525290753,,Wadi Al Safa 3,Al Furjan,Active,Standard,88.0,0,0,189,13,202,2023-06-01,,2023.0,,,False,True,False,False,False,,>70% built,48.0,40.0
601479041,,Me'Aisem Second,Emaar Properties,Active,Standard,5.0,0,0,0,203,203,2024-04-01,,2024.0,,,False,True,False,False,False,,<30% built,8.0,-3.0
685684130,Dubai Sports City,Al Hebiah Fourth,Dubai Sports City,Active,Standard,3.0,129,1,0,0,130,2025-01-15,2027-05-15,2025.0,2027.0,850.0,False,True,False,False,False,,<30% built,0.0,3.0
374736980,Jabal Ali Village,Jabal Ali First,Nakheel,Active,Standard,82.0,0,0,0,295,295,2022-04-17,2025-12-30,2022.0,2025.0,1353.0,False,True,False,True,False,7.1,>70% built,100.0,-18.0
211475489,,Al Wasl,Rove Hospitality,Finished,Standard,100.0,517,1,0,0,518,2019-01-19,2021-09-30,2019.0,2021.0,985.0,True,False,True,False,False,,>70% built,100.0,0.0
651956379,Silicon Oasis,Nadd Hessa,Dubai Integrated Economic Zones,Active,Standard,10.0,410,1,0,0,411,2024-12-01,2027-11-30,2024.0,2027.0,1094.0,False,True,False,False,False,,<30% built,8.0,2.0
790442743,International City Phase 3,Warsan Fourth,International City,Not Started,Standard,0.0,105,1,0,0,106,2025-08-01,2027-07-31,2025.0,2027.0,729.0,False,True,False,False,False,,<30% built,0.0,0.0
284651567,Arjan,Al Barshaa South Third,Liwan,Finished,Standard,100.0,156,1,0,0,157,2018-01-07,2023-09-30,2018.0,2023.0,2092.0,True,False,True,False,False,,>70% built,100.0,0.0
711160296,,Wadi Al Safa 4,Majid Al Futtaim Communities,Not Started,Standard,0.0,553,9,0,0,562,2025-09-15,2029-05-15,2025.0,2029.0,1338.0,False,True,False,False,False,,<30% built,0.0,0.0
15087057,Palm Jumeirah,Palm Jumeirah,Nakheel,Finished,Standard,100.0,435,1,0,0,436,2015-02-01,2021-11-30,2015.0,2021.0,2494.0,True,False,True,False,False,,>70% built,100.0,0.0
181242177,,Wadi Al Safa 5,Dubai Properties,Finished,Standard,100.0,0,0,154,24,178,2018-08-15,2020-04-30,2018.0,2020.0,624.0,True,False,True,False,False,,>70% built,100.0,0.0
484257662,Palm Jabal Ali,Palm Jabal Ali,Nakheel,Active,Standard,6.0,0,0,0,140,140,2023-12-02,,2023.0,,,False,True,False,False,False,,<30% built,48.0,-42.0
11612861,Arabian Ranches II - YASMIN,Wadi Al Safa 7,Emaar Properties,Finished,Standard,100.0,0,0,0,98,98,2015-03-01,2017-07-01,2015.0,2017.0,853.0,True,False,True,False,False,,>70% built,100.0,0.0
684229786,,Al Yufrah 1,Emaar Development,Active,Standard,3.0,0,0,128,31,159,2025-02-28,2028-06-30,2025.0,2028.0,1218.0,False,True,False,False,False,,<30% built,0.0,3.0
606164287,TOWN SQUARE,Al Yelayiss 2,Nshama,Active,Standard,6.0,196,1,0,0,197,2024-10-25,,2024.0,,,False,True,False,False,False,,<30% built,8.0,-2.0
741004437,Business Bay,Business Bay,Business Bay,Not Started,Standard,0.0,245,1,0,0,246,2025-06-21,2028-12-22,2025.0,2028.0,1280.0,False,True,False,False,False,,<30% built,0.0,0.0
704445877,Dubai Hills Estate,Hadaeq Sheikh Mohammed Bin Rashid,Dubai Hills Estate,Not Started,Standard,0.0,488,3,0,0,491,2025-05-02,2029-01-31,2025.0,2029.0,1370.0,False,True,False,False,False,,<30% built,0.0,0.0
762,Silicon Oasis,Nadd Hessa,Dubai Integrated Economic Zones,Finished,Standard,100.0,189,1,0,0,190,2008-04-21,2009-03-03,2008.0,2009.0,316.0,True,False,True,False,False,,>70% built,100.0,0.0
393605221,,Wadi Al Safa 5,Dubai Properties,Finished,Standard,100.0,0,0,244,43,287,2022-05-15,2025-02-01,2022.0,2025.0,993.0,True,False,True,False,False,,>70% built,100.0,0.0
634829717,International City Phase 3,Warsan Fourth,International City,Active,Standard,33.0,88,1,0,0,89,2024-06-12,2025-08-30,2024.0,2025.0,444.0,False,True,False,True,False,11.1,30-70% built,8.0,25.0
657,Liwan1,Wadi Al Safa 2,Remraam,Finished,Standard,100.0,0,0,6,0,6,2009-05-01,2011-09-12,2009.0,2011.0,864.0,True,False,True,False,False,,>70% built,100.0,0.0
695770780,Mohammed Bin Rashid AL Maktoum District 11,Wadi Al Safa 3,Meydan Group,Not Started,Standard,0.0,76,1,0,0,77,2025-02-03,2027-03-30,2025.0,2027.0,785.0,False,True,False,False,False,,<30% built,0.0,0.0
625,Jumeirah Village Circle,Al Barsha South Fourth,Jumeirah Village,Finished,Standard,100.0,0,0,10,0,10,2009-01-01,2023-11-06,2009.0,2023.0,5422.0,True,False,True,False,False,,>70% built,100.0,0.0
27571302,Mudon,Al Hebiah Sixth,Dubailand Residences,Finished,Standard,100.0,0,0,0,495,495,2016-01-01,2020-05-14,2016.0,2020.0,1595.0,True,False,True,False,False,,>70% built,100.0,0.0
736445191,,Bukadra,Meydan Group,Pending,Standard,0.0,0,0,0,0,0,2025-10-01,2028-03-31,2025.0,2028.0,912.0,False,True,False,False,False,,<30% built,0.0,0.0
1424,Jumeirah Village Circle,Al Barsha South Fourth,Jumeirah Village,Finished,Standard,100.0,0,0,14,0,14,2008-11-21,2010-11-01,2008.0,2010.0,710.0,True,False,True,False,False,,>70% built,100.0,0.0
443948947,,Um Suqaim Third,Jumeirah Hills Development,Active,Standard,66.0,372,4,0,0,376,2022-12-27,2026-01-27,2022.0,2026.0,1127.0,False,True,False,True,False,6.2,30-70% built,100.0,-34.0
720585350,Dubai World Central,Madinat Al Mataar,Emaar Dubai South DWC,Not Started,Standard,0.0,0,0,244,60,304,2025-01-30,2029-03-31,2025.0,2029.0,1521.0,False,True,False,False,False,,<30% built,0.0,0.0
612586073,Jumeirah Village Circle,Al Barsha South Fourth,Jumeirah Village,Active,Standard,21.0,176,1,0,0,177,2024-04-01,2026-10-01,2024.0,2026.0,913.0,False,True,False,False,False,,<30% built,8.0,13.0
549106286,,Wadi Al Safa 2,Sobha,Active,Standard,43.0,0,0,0,339,339,2023-10-15,,2023.0,,,False,True,False,False,False,,30-70% built,48.0,-5.0
722132328,Dubai Health Care City Phase 1,Um Hurair Second,Dubai Healthcare City,Not Started,Standard,0.0,102,1,0,0,103,2025-02-13,2028-02-13,2025.0,2028.0,1095.0,False,True,False,False,False,,<30% built,0.0,0.0
448,Business Bay,Business Bay,Business Bay,Finished,Standard,100.0,177,0,0,0,177,2010-03-01,2014-03-30,2010.0,2014.0,1490.0,True,False,True,False,False,,>70% built,100.0,0.0
485,Business Bay,Business Bay,Dubai Properties,Finished,Standard,100.0,302,2,0,0,304,2008-10-29,2011-10-27,2008.0,2011.0,1093.0,True,False,True,False,False,,>70% built,100.0,0.0
610448171,Jumeirah Village Circle,Al Barsha South Fourth,Nakheel,Active,Standard,16.0,137,1,0,0,138,2025-01-30,2026-12-31,2025.0,2026.0,700.0,False,True,False,False,False,,<30% built,0.0,16.0
472592091,DAMAC HILLS 2,Madinat Hind 4,Front Line Investment Management,Active,Standard,94.0,0,0,105,620,725,2023-03-01,2025-06-30,2023.0,2025.0,852.0,False,True,False,True,False,13.1,>70% built,48.0,46.0
721824732,Dubai Land Residence Complex,Wadi Al Safa 5,Dubailand Residences,Not Started,Standard,0.0,361,1,0,0,362,2025-06-25,2027-09-27,2025.0,2027.0,824.0,False,True,False,False,False,,<30% built,0.0,0.0
148741617,Mohammed Bin Rashid AL Maktoum City -District -1 Community,Al Merkadh,District One,Finished,Standard,100.0,31,1,0,0,32,2017-12-01,2022-01-31,2017.0,2022.0,1522.0,True,False,True,False,False,,>70% built,100.0,0.0
256,Dubai Marina,Marsa Dubai,Emaar Properties,Finished,Standard,100.0,232,1,0,0,233,2007-08-01,2009-08-26,2007.0,2009.0,756.0,True,False,True,False,False,,>70% built,100.0,0.0
478267767,Palm Jumeirah,Palm Jumeirah,Nakheel,Pending,Standard,80.0,0,0,0,0,0,2019-09-01,,2019.0,,,False,True,False,False,False,,>70% built,100.0,-20.0
218628987,Dubai Health Care City Phase 2,Al Jadaf,Dubai Healthcare City,Finished,Standard,100.0,182,1,0,0,183,2019-01-15,2021-06-30,2019.0,2021.0,897.0,True,False,True,False,False,,>70% built,100.0,0.0
654872659,Mohammed Bin Rashid AL Maktoum District 11,Wadi Al Safa 3,Meydan Group,Active,Standard,4.0,54,1,0,0,55,2024-10-01,2026-12-31,2024.0,2026.0,821.0,False,True,False,False,False,,<30% built,8.0,-4.0
477433150,Palm Jumeirah,Palm Jumeirah,Palm Jumeirah,Active,Standard,34.0,25,1,0,0,26,2023-05-15,2026-03-01,2023.0,2026.0,1021.0,False,True,False,True,False,5.1,30-70% built,48.0,-14.0
547022699,Dubai World Central,Madinat Al Mataar,Dubai Aviation City Corporation,Active,Standard,42.0,526,1,0,0,527,2023-10-13,2025-12-30,2023.0,2025.0,809.0,False,True,False,True,False,7.1,30-70% built,48.0,-6.0
748031327,Dubai Land Residence Complex,Wadi Al Safa 5,Dubailand Residences,Not Started,Standard,0.0,151,1,0,0,152,2025-05-01,2027-02-28,2025.0,2027.0,668.0,False,True,False,False,False,,<30% built,0.0,0.0
665441759,Dubai Health Care City Phase 1,Um Hurair Second,Dubai Healthcare City,Pending,Standard,0.0,90,1,0,0,91,2025-03-15,2028-03-30,2025.0,2028.0,1111.0,False,True,False,False,False,,<30% built,0.0,0.0
660381847,Dubai Investment Park First,Dubai Investment Park First,Dubai Investments Park Development,Pending,Standard,0.0,583,4,0,0,587,2024-09-03,2028-12-05,2024.0,2028.0,1554.0,False,True,False,False,False,,<30% built,8.0,-8.0
774095888,Motor City,Al Hebiah First,Union Properties PJSC,Pending,Standard,0.0,598,1,0,0,599,2025-11-01,2029-06-30,2025.0,2029.0,1337.0,False,True,False,False,False,,<30% built,0.0,0.0
37940924,,Al Yelayiss 1,Al Aryam (Phase 1),Finished,Standard,100.0,0,0,402,109,511,2014-04-20,2016-07-31,2014.0,2016.0,833.0,True,False,True,False,False,,>70% built,100.0,0.0
4118430,Palm Jumeirah,Palm Jumeirah,Nakheel,Finished,Standard,100.0,0,0,0,104,104,2012-04-29,2015-05-05,2012.0,2015.0,1101.0,True,False,True,False,False,,>70% built,100.0,0.0
677437134,Jumeirah Village Circle,Al Barsha South Fourth,Jumeirah Village,Pending,Standard,0.0,207,1,0,0,208,2025-04-01,2027-04-01,2025.0,2027.0,730.0,False,True,False,False,False,,<30% built,0.0,0.0
8037213,Business Bay,Business Bay,Dubai Properties,Finished,Standard,100.0,261,1,0,0,262,2013-05-20,2015-12-31,2013.0,2015.0,955.0,True,False,True,False,False,,>70% built,100.0,0.0
609,Dubai Sports City,Al Hebiah Fourth,Dubai Sports City,Finished,Standard,100.0,304,1,0,0,305,2008-01-07,2014-05-21,2008.0,2014.0,2326.0,True,False,True,False,False,,>70% built,100.0,0.0
19963196,Palm Jumeirah,Palm Jumeirah,Palm Jumeirah,Finished,Standard,100.0,242,3,0,0,245,2015-04-01,2018-01-28,2015.0,2018.0,1033.0,True,False,True,False,False,,>70% built,100.0,0.0
88735505,DUBAI HILLS - MAPLE 3,Hadaeq Sheikh Mohammed Bin Rashid,Dubai Hills Estate,Finished,Standard,100.0,0,0,562,163,725,2017-10-10,2020-05-17,2017.0,2020.0,950.0,True,False,True,False,False,,>70% built,100.0,0.0
80969710,Business Bay,Business Bay,Business Bay,Finished,Standard,100.0,451,1,0,0,452,2017-10-22,2020-12-06,2017.0,2020.0,1141.0,True,False,True,False,False,,>70% built,100.0,0.0
708561275,Jumeirah Garden City,Al Satwa,Meraas,Active,Standard,2.0,166,1,0,0,167,2025-01-24,2026-07-23,2025.0,2026.0,545.0,False,True,False,True,True,0.4,<30% built,0.0,2.0
514,,Saih Shuaib 2,Dubai Industrial City,Finished,Standard,100.0,0,0,115,0,115,2009-03-17,2014-09-10,2009.0,2014.0,2003.0,True,False,True,False,False,,>70% built,100.0,0.0
16514851,Silicon Oasis,Nadd Hessa,Dubai Integrated Economic Zones,Finished,Standard,100.0,136,2,0,0,138,2014-06-05,2018-12-13,2014.0,2018.0,1652.0,True,False,True,False,False,,>70% built,100.0,0.0
598026436,Jumeirah Village Circle,Al Barsha South Fourth,Jumeirah Village,Active,Standard,31.0,464,1,0,0,465,2024-02-01,,2024.0,,,False,True,False,False,False,,30-70% built,8.0,23.0
440239910,Business Bay,Business Bay,Business Bay,Active,Standard,48.0,467,1,0,0,468,2023-03-15,2025-07-30,2023.0,2025.0,868.0,False,True,False,True,False,12.2,30-70% built,48.0,0.0
590079374,Jumeirah Village Circle,Al Barsha South Fourth,Jumeirah Village,Active,Standard,39.0,272,1,0,0,273,2024-01-04,,2024.0,,,False,True,False,False,False,,30-70% built,8.0,31.0
574953656,Jumeirah Village Circle,Al Barsha South Fourth,Jumeirah Village,Active,Standard,82.0,0,0,15,0,15,2024-06-30,2025-12-31,2024.0,2025.0,549.0,False,True,False,True,False,7.1,>70% built,8.0,74.0
7386657,DownTown Dubai,Burj Khalifa,Emaar Properties,Finished,Standard,100.0,790,5,0,0,795,2014-01-01,2017-04-01,2014.0,2017.0,1186.0,True,False,True,False,False,,>70% built,100.0,0.0
1102,International City Phase 1,Al Warsan First,Nakheel,Conditional Activating,Standard,0.0,2314,33,0,3,2350,2010-09-27,2012-12-31,2010.0,2012.0,826.0,False,True,False,True,True,163.1,<30% built,100.0,-100.0
170127618,Jumeirah Golf Estates,Me'Aisem First,Jumeirah Golf Estates,Finished,Standard,100.0,0,0,0,19,19,2015-08-25,2020-02-09,2015.0,2020.0,1629.0,True,False,True,False,False,,>70% built,100.0,0.0
531698062,Al Furjan,Jabal Ali First,Nakheel,Finished,Standard,100.0,102,1,0,0,103,2023-08-01,,2023.0,,,True,False,True,False,False,,>70% built,48.0,52.0
712768926,Mohammed Bin Rashid AL Maktoum City -District -1 Community,Al Merkadh,Meydan Group,Pending,Standard,0.0,0,0,0,0,0,2025-04-13,2025-09-30,2025.0,2025.0,170.0,False,True,False,True,True,10.1,<30% built,0.0,0.0
514052834,Dubai Hills Estate,Hadaeq Sheikh Mohammed Bin Rashid,Dubai Hills Estate,Active,Standard,38.0,490,3,0,0,493,2023-11-29,,2023.0,,,False,True,False,False,False,,30-70% built,48.0,-10.0
401536619,Jumeirah Village Circle,Al Barsha South Fourth,Nakheel,Finished,Standard,100.0,0,0,35,1,36,2021-12-01,2023-06-25,2021.0,2023.0,571.0,True,False,True,False,False,,>70% built,100.0,0.0
1448,DMCC-EZ2,Jabal Ali First,DMCC (Dubai Multi Commodities Centre),Finished,Standard,100.0,1160,3,0,0,1163,2006-04-15,2006-04-16,2006.0,2006.0,1.0,True,False,True,False,False,,>70% built,100.0,0.0
138556814,Wasl 1,Al Kifaf,Park 1,Finished,Standard,100.0,764,4,0,0,768,2017-08-21,2020-10-15,2017.0,2020.0,1151.0,True,False,True,False,False,,>70% built,100.0,0.0
682,Jumeirah Lakes Towers,Al Thanyah Fifth,DMCC (Dubai Multi Commodities Centre),Finished,Standard,100.0,0,0,0,3,3,2008-12-30,2009-05-26,2008.0,2009.0,147.0,True,False,True,False,False,,>70% built,100.0,0.0
119,Motor City,Al Hebiah First,Union Properties PJSC,Finished,Standard,100.0,73,1,0,0,74,2008-01-03,2010-07-25,2008.0,2010.0,934.0,True,False,True,False,False,,>70% built,100.0,0.0
507695157,Jumeirah Village Circle,Al Barsha South Fourth,Jumeirah Village,Finished,Standard,100.0,191,1,0,0,192,2023-06-01,2024-08-31,2023.0,2024.0,457.0,True,False,True,False,False,,>70% built,48.0,52.0
820401834,Palm Jabal Ali,Palm Jabal Ali,Nakheel,Pending,Standard,0.0,0,0,0,0,0,2025-12-05,2028-12-04,2025.0,2028.0,1095.0,False,True,False,False,False,,<30% built,0.0,0.0
682261710,Palm Deira,Palm Deira,Palm Deira,Active,Standard,8.0,137,1,0,0,138,2025-01-15,2027-01-15,2025.0,2027.0,730.0,False,True,False,False,False,,<30% built,0.0,8.0
621300950,Mohammed Bin Rashid AL Maktoum District 11,Wadi Al Safa 3,Meydan Group,Active,Standard,17.0,0,0,36,0,36,2024-08-15,2026-12-31,2024.0,2026.0,868.0,False,True,False,False,False,,<30% built,8.0,9.0
161604943,Mohammed Bin Rashid AL Maktoum City -District -1 Community,Al Merkadh,District One,Finished,Standard,100.0,136,1,0,0,137,2018-09-01,2023-03-06,2018.0,2023.0,1647.0,True,False,True,False,False,,>70% built,100.0,0.0
598891319,Majan,Wadi Al Safa 3,Liwan,Active,Standard,95.0,100,1,0,0,101,2023-07-30,2025-04-30,2023.0,2025.0,640.0,False,True,False,True,False,15.1,>70% built,48.0,47.0
465784051,Jumeirah Village Circle,Al Barsha South Fourth,Jumeirah Village,Finished,Standard,100.0,170,1,0,0,171,2022-10-15,2023-10-26,2022.0,2023.0,376.0,True,False,True,False,False,,>70% built,100.0,0.0
4741971,,Wadi Al Safa 6,Emaar Properties,Finished,Standard,100.0,0,0,0,33,33,2012-06-27,2014-08-21,2012.0,2014.0,785.0,True,False,True,False,False,,>70% built,100.0,0.0
11341596,Arabian Ranches II - LILA,Wadi Al Safa 7,Emaar Properties,Finished,Standard,100.0,0,0,0,219,219,2014-11-01,2017-02-01,2014.0,2017.0,823.0,True,False,True,False,False,,>70% built,100.0,0.0
12131574,Jumeirah Village Circle,Al Barsha South Fourth,Jumeirah Village,Finished,Standard,100.0,0,0,9,0,9,2014-01-15,2016-06-20,2014.0,2016.0,887.0,True,False,True,False,False,,>70% built,100.0,0.0
594627746,Jaddaf Waterfront,Al Jadaf,Culture Village,Active,Standard,6.0,173,1,0,0,174,2024-03-12,,2024.0,,,False,True,False,False,False,,<30% built,8.0,-2.0
1308,Business Bay,Business Bay,Business Bay,Finished,Standard,100.0,280,1,0,0,281,2008-06-15,2014-12-01,2008.0,2014.0,2360.0,True,False,True,False,False,,>70% built,100.0,0.0
25109683,Jumeriah Beach Residence  - JBR,Marsa Dubai,Istithmar Real Estate,Finished,Standard,100.0,164,1,0,0,165,2015-09-01,2020-03-06,2015.0,2020.0,1648.0,True,False,True,False,False,,>70% built,100.0,0.0
158,The Palmarosa,Wadi Al Safa 7,Dubailand,Active,Standard,97.0,11,11,282,0,304,2008-10-09,2022-10-31,2008.0,2022.0,5135.0,False,True,False,True,False,45.1,>70% built,100.0,-3.0
356065496,,Wadi Al Safa 5,Emaar Development,Finished,Standard,100.0,0,0,332,25,357,2021-10-05,2024-11-30,2021.0,2024.0,1152.0,True,False,True,False,False,,>70% built,100.0,0.0
771967960,International City Phase 3,Warsan Fourth,Nakheel,Not Started,Standard,0.0,30,1,0,0,31,2025-06-30,2027-09-30,2025.0,2027.0,822.0,False,True,False,False,False,,<30% built,0.0,0.0
98,Dubai Sports City,Al Hebiah Fourth,Dubai Sports City,Finished,Standard,100.0,289,1,0,0,290,2008-08-19,2013-04-03,2008.0,2013.0,1688.0,True,False,True,False,False,,>70% built,100.0,0.0
799,Silicon Oasis,Nadd Hessa,Dubai Integrated Economic Zones,Finished,Standard,100.0,136,1,0,0,137,2008-04-01,2012-04-09,2008.0,2012.0,1469.0,True,False,True,False,False,,>70% built,100.0,0.0
90243683,Jumeirah Village Circle,Al Barsha South Fourth,Jumeirah Village,Active,Standard,47.0,256,1,0,0,257,2017-04-01,2025-08-31,2017.0,2025.0,3074.0,False,True,False,True,False,11.1,30-70% built,100.0,-53.0
979,Jumeirah Lakes Towers,Al Thanyah Fifth,DMCC (Dubai Multi Commodities Centre),Finished,Standard,100.0,380,1,0,1,382,2008-12-30,2009-05-26,2008.0,2009.0,147.0,True,False,True,False,False,,>70% built,100.0,0.0
769649415,Dubai World Central,Madinat Al Mataar,Dubai Aviation City Corporation,Not Started,Standard,0.0,0,0,144,33,177,2026-01-30,2028-05-30,2026.0,2028.0,851.0,False,True,False,False,False,,<30% built,0.0,0.0
1449,Dubai Marina,Marsa Dubai,Emaar Properties,Finished,Standard,100.0,108,1,0,0,109,2014-01-26,,2014.0,,,True,False,True,False,False,,>70% built,100.0,0.0
174831993,Jumeirah Village Circle,Al Barsha South Fourth,Jumeirah Village,Finished,Standard,100.0,128,1,0,0,129,2017-07-12,2023-07-12,2017.0,2023.0,2191.0,True,False,True,False,False,,>70% built,100.0,0.0
578506163,Springs - 1,Al Thanayah Fourth,Emaar Properties,Finished,Standard,100.0,0,0,478,141,619,2001-01-01,2004-10-01,2001.0,2004.0,1369.0,True,False,True,False,False,,>70% built,100.0,0.0
34144880,Dubai South Residential District,Madinat Al Mataar,Dubai Aviation City Corporation,Finished,Standard,100.0,240,41,0,0,281,2016-12-15,2020-02-27,2016.0,2020.0,1169.0,True,False,True,False,False,,>70% built,100.0,0.0
85,International Media Production Zone,Me'Aisem First,TECOM Investments,Finished,Standard,100.0,585,4,0,0,589,2006-07-11,2013-12-26,2006.0,2013.0,2725.0,True,False,True,False,False,,>70% built,100.0,0.0
759144667,Dubai Marina,Marsa Dubai,Emaar Properties,Active,Standard,66.0,74,6,0,0,80,2025-06-06,2026-06-06,2025.0,2026.0,365.0,False,True,False,True,False,1.9,30-70% built,0.0,66.0
32627592,The World,World Islands,The World,Active,Standard,84.0,0,0,32,0,32,2016-01-07,2022-09-30,2016.0,2022.0,2458.0,False,True,False,True,False,46.1,>70% built,100.0,-16.0
811603664,Down Town Jabal Ali,Jabal Ali Industrial Second,Nakheel,Pending,Standard,0.0,0,0,0,0,0,2025-09-03,2027-09-03,2025.0,2027.0,730.0,False,True,False,False,False,,<30% built,0.0,0.0
15665625,DAMAC HILLS 2,Madinat Hind 4,Front Line Investment Management,Finished,Standard,100.0,0,0,0,133,133,2015-06-01,2021-08-23,2015.0,2021.0,2275.0,True,False,True,False,False,,>70% built,100.0,0.0
244992685,,Um Suqaim Third,Jumeirah Hills Development,Finished,Standard,100.0,307,3,0,0,310,2019-06-01,2023-05-11,2019.0,2023.0,1440.0,True,False,True,False,False,,>70% built,100.0,0.0
541,Dubai Marina,Marsa Dubai,Emaar Properties,Finished,Standard,100.0,195,1,0,0,196,2008-02-12,2011-06-06,2008.0,2011.0,1210.0,True,False,True,False,False,,>70% built,100.0,0.0
1219,Liwan1,Wadi Al Safa 2,Remraam,Finished,Standard,100.0,65,1,0,0,66,2009-03-19,2016-10-24,2009.0,2016.0,2776.0,True,False,True,False,False,,>70% built,100.0,0.0
164165164,Dubai Hills Estate,Hadaeq Sheikh Mohammed Bin Rashid,Dubai Hills Estate,Finished,Standard,100.0,336,3,0,0,339,2018-06-03,2023-01-31,2018.0,2023.0,1703.0,True,False,True,False,False,,>70% built,100.0,0.0
652916868,,Al Yelayiss 1,Shamal Real Estate,Active,Standard,4.0,0,0,0,770,770,2024-12-01,2028-03-30,2024.0,2028.0,1215.0,False,True,False,False,False,,<30% built,8.0,-4.0
501,Dubai Sports City,Al Hebiah Fourth,Dubai Sports City,Finished,Standard,100.0,221,1,0,0,222,2007-10-01,2020-05-14,2007.0,2020.0,4609.0,True,False,True,False,False,,>70% built,100.0,0.0
4663528,Living Legends,Wadi Al Safa 3,Dubailand,Finished,Standard,100.0,0,0,1,200,201,2011-08-01,2018-05-08,2011.0,2018.0,2472.0,True,False,True,False,False,,>70% built,100.0,0.0
1432,Jumeirah Village Circle,Al Barsha South Fourth,Jumeirah Village,Finished,Standard,100.0,0,0,15,0,15,2008-11-21,2010-11-01,2008.0,2010.0,710.0,True,False,True,False,False,,>70% built,100.0,0.0
447523380,Arjan,Al Barshaa South Third,Liwan,Active,Standard,93.0,422,1,0,0,423,2022-11-01,2025-03-30,2022.0,2025.0,880.0,False,True,False,True,False,16.2,>70% built,100.0,-7.0
679279025,Dubai Land Residence Complex,Wadi Al Safa 5,Dubailand Residences,Not Started,Standard,0.0,831,1,0,0,832,2025-01-01,2029-01-01,2025.0,2029.0,1461.0,False,True,False,False,False,,<30% built,0.0,0.0
613460716,International City Phase 3,Warsan Fourth,International City,Not Started,Standard,0.0,72,1,0,0,73,2024-04-01,2026-03-31,2024.0,2026.0,729.0,False,True,False,True,True,4.1,<30% built,8.0,-8.0
481585513,Jumeirah Village Circle,Al Barsha South Fourth,Jumeirah Village,Finished,Standard,100.0,276,1,0,0,277,2023-01-24,2025-09-15,2023.0,2025.0,965.0,True,False,True,False,False,,>70% built,48.0,52.0
784607360,,Dubai Investment Park Second,Emaar Development,Not Started,Standard,0.0,0,0,0,137,137,2025-11-02,2029-05-31,2025.0,2029.0,1306.0,False,True,False,False,False,,<30% built,0.0,0.0
375426669,Dubai Harbour,Marsa Dubai,Emaar Development,Active,Standard,95.0,494,2,0,0,496,2022-02-28,2025-12-30,2022.0,2025.0,1401.0,False,True,False,True,False,7.1,>70% built,100.0,-5.0
689160334,Al Furjan,Jabal Ali First,Al Furjan,Pending,Standard,0.0,92,1,0,0,93,2025-06-30,2028-06-30,2025.0,2028.0,1096.0,False,True,False,False,False,,<30% built,0.0,0.0
778642290,Palm Deira,Palm Deira,Nakheel,Pending,Standard,0.0,0,0,0,0,0,2025-06-19,2027-06-19,2025.0,2027.0,730.0,False,True,False,False,False,,<30% built,0.0,0.0
92,Palm Jumeirah,Palm Jumeirah,Nakheel,Finished,Standard,100.0,232,2,5,0,239,2006-03-19,2012-07-11,2006.0,2012.0,2306.0,True,False,True,False,False,,>70% built,100.0,0.0
457760522,Dubai Hills Estate,Hadaeq Sheikh Mohammed Bin Rashid,Dubai Hills Estate,Finished,Standard,100.0,125,1,0,0,126,2022-11-01,2024-08-30,2022.0,2024.0,668.0,True,False,True,False,False,,>70% built,100.0,0.0
552492835,Jumeirah Village Circle,Al Barsha South Fourth,Jumeirah Village,Active,Standard,50.0,430,2,0,0,432,2024-04-29,,2024.0,,,False,True,False,False,False,,30-70% built,8.0,42.0
203371862,Arabian Ranches II - Dhalia,Wadi Al Safa 7,Emaar Development,Finished,Standard,100.0,0,0,168,28,196,2019-03-15,2021-11-17,2019.0,2021.0,978.0,True,False,True,False,False,,>70% built,100.0,0.0
578847982,Arjan,Al Barshaa South Third,Liwan,Active,Standard,14.0,309,1,0,0,310,2024-07-01,2026-12-01,2024.0,2026.0,883.0,False,True,False,False,False,,<30% built,8.0,6.0
731772938,International City Phase 1,Al Warsan First,Nakheel,Active,Standard,7.0,133,1,0,0,134,2024-10-01,2026-07-31,2024.0,2026.0,668.0,False,True,False,True,True,0.1,<30% built,8.0,-1.0
533719199,Dubai Maritime City,Madinat Dubai Almelaheyah,Dubai Maritime City,Active,Standard,10.0,781,1,0,0,782,2024-03-01,,2024.0,,,False,True,False,False,False,,<30% built,8.0,2.0
556,Dubai Sports City,Al Hebiah Fourth,Dubai Sports City,Active,Standard,76.0,554,2,0,0,556,2008-04-19,2024-03-23,2008.0,2024.0,5817.0,False,True,False,True,False,28.4,>70% built,100.0,-24.0
738759742,Jumeirah Village Circle,Al Barsha South Fourth,Nakheel,Pending,Standard,19.0,76,1,0,0,77,2025-04-01,2028-03-01,2025.0,2028.0,1065.0,False,True,False,False,False,,<30% built,0.0,19.0
26576105,Jumeirah Village Triangle,Al Barsha South Fifth,Jumeirah Village,Finished,Standard,100.0,57,1,0,0,58,2015-10-15,2018-04-15,2015.0,2018.0,913.0,True,False,True,False,False,,>70% built,100.0,0.0
192,Business Bay,Business Bay,Dubai Properties,Finished,Standard,100.0,172,1,0,0,173,2008-04-01,2011-06-29,2008.0,2011.0,1184.0,True,False,True,False,False,,>70% built,100.0,0.0
733274234,,Bukadra,Meydan Group,Not Started,Standard,0.0,130,1,0,0,131,2025-10-01,2028-03-31,2025.0,2028.0,912.0,False,True,False,False,False,,<30% built,0.0,0.0
346488630,Meydan One Community,Al Merkadh,Meydan Group,Finished,Standard,100.0,276,1,0,0,277,2017-11-15,2023-06-30,2017.0,2023.0,2053.0,True,False,True,False,False,,>70% built,100.0,0.0
410810984,Jumeirah Village Circle,Al Barsha South Fourth,Jumeirah Village,Finished,Standard,100.0,92,1,0,0,93,2022-01-01,2023-01-31,2022.0,2023.0,395.0,True,False,True,False,False,,>70% built,100.0,0.0
165299690,HADAEQ SHEIKH MOHAMMED BIN RASHID - DISRICT 7,Hadaeq Sheikh Mohammed Bin Rashid,Meydan Group,Finished,Standard,100.0,904,8,694,48,1654,2018-05-01,2024-08-16,2018.0,2024.0,2299.0,True,False,True,False,False,,>70% built,100.0,0.0
744036238,Dubai South Residential District,Madinat Al Mataar,Dubai Aviation City Corporation,Not Started,Standard,0.0,71,1,0,0,72,2025-06-30,2027-04-30,2025.0,2027.0,669.0,False,True,False,False,False,,<30% built,0.0,0.0
443,Business Bay,Business Bay,Business Bay,Finished,Standard,100.0,2041,5,0,0,2046,2008-03-27,2018-10-23,2008.0,2018.0,3862.0,True,False,True,False,False,,>70% built,100.0,0.0
427003345,Al Furjan,Jabal Ali First,Al Furjan,Finished,Standard,100.0,188,1,0,0,189,2018-02-01,2023-11-27,2018.0,2023.0,2125.0,True,False,True,False,False,,>70% built,100.0,0.0
11539810,DAMAC HILLS,Al Hebiah Third,DAMAC Crescent Properties,Finished,Standard,100.0,0,0,0,175,175,2014-06-01,2019-07-31,2014.0,2019.0,1886.0,True,False,True,False,False,,>70% built,100.0,0.0
489,Living Legends,Wadi Al Safa 3,Dubailand,Finished,Standard,100.0,0,0,2,152,154,2011-08-01,2015-12-13,2011.0,2015.0,1595.0,True,False,True,False,False,,>70% built,100.0,0.0
28073990,Jumeirah Village Circle,Al Barsha South Fourth,Jumeirah Village,Finished,Standard,100.0,120,1,0,0,121,2015-06-17,2020-02-06,2015.0,2020.0,1695.0,True,False,True,False,False,,>70% built,100.0,0.0
202099775,,Wadi Al Safa 5,Nshama,Pending,Standard,0.0,0,0,0,0,0,2018-12-08,,2018.0,,,False,True,False,False,False,,<30% built,100.0,-100.0
740412314,Palm Deira,Palm Deira,Nakheel,Not Started,Standard,0.0,63,1,0,0,64,2025-08-01,2027-08-30,2025.0,2027.0,759.0,False,True,False,False,False,,<30% built,0.0,0.0
11,Silicon Oasis,Nadd Hessa,Dubai Integrated Economic Zones,Finished,Standard,100.0,128,1,0,0,129,2008-05-17,2015-04-16,2008.0,2015.0,2525.0,True,False,True,False,False,,>70% built,100.0,0.0
27088122,Al Furjan,Jabal Ali First,Al Furjan,Finished,Standard,100.0,454,2,0,0,456,2016-03-01,2019-02-28,2016.0,2019.0,1094.0,True,False,True,False,False,,>70% built,100.0,0.0
575762500,Mohammed Bin Rashid AL Maktoum District 11,Wadi Al Safa 3,Meydan Group,Not Started,Standard,0.0,0,0,38,0,38,2023-12-05,,2023.0,,,False,True,False,False,False,,<30% built,48.0,-48.0
557457997,Majan,Wadi Al Safa 3,Liwan,Active,Standard,51.0,203,1,0,0,204,2024-01-20,,2024.0,,,False,True,False,False,False,,30-70% built,8.0,43.0
796885535,Palm Deira,Palm Deira,Nakheel,Pending,Standard,0.0,111,1,0,0,112,2025-10-11,2028-10-11,2025.0,2028.0,1096.0,False,True,False,False,False,,<30% built,0.0,0.0
15643745,,Wadi Al Safa 3,Abwab Real Estate,Finished,Standard,100.0,302,15,0,4,321,2014-12-01,2022-12-30,2014.0,2022.0,2951.0,True,False,True,False,False,,>70% built,100.0,0.0
11542030,DAMAC HILLS,Al Hebiah Third,DAMAC Crescent Properties,Finished,Standard,100.0,0,0,0,54,54,2014-06-01,2019-01-16,2014.0,2019.0,1690.0,True,False,True,False,False,,>70% built,100.0,0.0
699142922,Dubai South Residential District,Madinat Al Mataar,Dubai Aviation City Corporation,Not Started,Standard,0.0,66,1,0,0,67,2025-04-01,2028-04-01,2025.0,2028.0,1096.0,False,True,False,False,False,,<30% built,0.0,0.0
275896163,SOBHA HARTLAND,Al Merkadh,Sobha,Finished,Standard,100.0,784,1,0,0,785,2019-09-02,2023-08-30,2019.0,2023.0,1458.0,True,False,True,False,False,,>70% built,100.0,0.0
416,Business Bay,Business Bay,Dubai Properties,Finished,Standard,100.0,164,1,0,0,165,2007-04-11,2010-12-23,2007.0,2010.0,1352.0,True,False,True,False,False,,>70% built,100.0,0.0
404828603,Business Bay,Business Bay,Business Bay,Active,Standard,93.0,853,1,0,0,854,2022-06-01,2025-06-01,2022.0,2025.0,1096.0,False,True,False,True,False,14.1,>70% built,100.0,-7.0
808551342,Palm Deira,Palm Deira,Palm Deira,Not Started,Standard,0.0,98,1,0,0,99,2025-11-01,2027-09-01,2025.0,2027.0,669.0,False,True,False,False,False,,<30% built,0.0,0.0
710324711,Falcon City,Wadi Al Safa 2,Ellington Karma Development,Not Started,Standard,0.0,743,4,0,0,747,2025-01-31,2028-09-30,2025.0,2028.0,1338.0,False,True,False,False,False,,<30% built,0.0,0.0
11539306,DAMAC HILLS,Al Hebiah Third,DAMAC Crescent Properties,Finished,Standard,100.0,0,0,0,2,2,2014-04-01,2020-04-11,2014.0,2020.0,2202.0,True,False,True,False,False,,>70% built,100.0,0.0
425468802,DUBAI HILLS,Hadaeq Sheikh Mohammed Bin Rashid,Dubai Hills Estate,Active,Standard,98.0,0,0,0,137,137,2022-12-13,2026-06-30,2022.0,2026.0,1295.0,False,True,False,True,False,1.1,>70% built,100.0,-2.0
95071021,Business Bay,Business Bay,Business Bay,Finished,Standard,100.0,353,2,0,0,355,2016-06-01,2021-12-28,2016.0,2021.0,2036.0,True,False,True,False,False,,>70% built,100.0,0.0
787491019,Majan,Wadi Al Safa 3,Liwan,Not Started,Standard,0.0,737,1,0,0,738,2025-07-01,2028-10-31,2025.0,2028.0,1218.0,False,True,False,False,False,,<30% built,0.0,0.0
9533811,DAMAC HILLS,Al Hebiah Third,DAMAC Crescent Properties,Finished,Standard,100.0,151,2,0,0,153,2013-08-01,2016-03-23,2013.0,2016.0,965.0,True,False,True,False,False,,>70% built,100.0,0.0
301417524,International Media Production Zone,Me'Aisem First,TECOM Investments,Finished,Standard,100.0,606,5,0,0,611,2020-02-29,2023-02-28,2020.0,2023.0,1095.0,True,False,True,False,False,,>70% built,100.0,0.0
503888677,Jumeirah Village Circle,Al Barsha South Fourth,Jumeirah Village,Active,Standard,5.0,239,1,0,0,240,2023-09-15,2025-12-25,2023.0,2025.0,832.0,False,True,False,True,True,7.3,<30% built,48.0,-43.0
176,,Saih Shuaib 2,Dubai Industrial City,Finished,Standard,100.0,0,0,14,0,14,2008-10-08,2011-05-31,2008.0,2011.0,965.0,True,False,True,False,False,,>70% built,100.0,0.0
24796221,DAMAC HILLS 2,Madinat Hind 4,Front Line Investment Management,Finished,Standard,100.0,870,5,0,1,876,2015-12-01,2022-08-26,2015.0,2022.0,2460.0,True,False,True,False,False,,>70% built,100.0,0.0
541989311,Jumeirah Village Circle,Al Barsha South Fourth,Jumeirah Village,Active,Standard,59.0,175,1,0,0,176,2023-11-14,,2023.0,,,False,True,False,False,False,,30-70% built,48.0,11.0
534689505,Dubai Harbour,Marsa Dubai,Dubai Harbour Community,Active,Standard,16.0,448,2,0,0,450,2023-10-01,2028-10-31,2023.0,2028.0,1857.0,False,True,False,False,False,,<30% built,48.0,-32.0
87258581,Wasl 1,Al Kifaf,Park 1,Active,Standard,45.0,615,1,0,0,616,2023-07-25,,2023.0,,,False,True,False,False,False,,30-70% built,48.0,-3.0
780734606,Dubai Sports City,Al Hebiah Fourth,Dubai Sports City,Pending,Standard,40.0,0,0,0,0,0,2025-07-09,2027-10-09,2025.0,2027.0,822.0,False,True,False,False,False,,30-70% built,0.0,40.0
16471116,Dubai Hills Estate,Hadaeq Sheikh Mohammed Bin Rashid,Dubai Hills Estate,Finished,Standard,100.0,551,6,0,5,562,2016-02-01,2020-01-19,2016.0,2020.0,1448.0,True,False,True,False,False,,>70% built,100.0,0.0
800463795,Dubai Sports City,Al Hebiah Fourth,Dubai Sports City,Not Started,Standard,0.0,230,1,0,0,231,2025-10-20,2027-10-20,2025.0,2027.0,730.0,False,True,False,False,False,,<30% built,0.0,0.0
445588891,Business Bay,Business Bay,Business Bay,Active,Standard,40.0,72,1,0,0,73,2022-06-30,2025-06-30,2022.0,2025.0,1096.0,False,True,False,True,False,13.1,30-70% built,100.0,-60.0
391625516,Meydan One Community,Al Merkadh,Meydan Group,Finished,Standard,100.0,248,1,0,0,249,2020-11-23,2024-01-18,2020.0,2024.0,1151.0,True,False,True,False,False,,>70% built,100.0,0.0
381471976,,Wadi Al Safa 5,Emaar Development,Finished,Standard,100.0,0,0,0,128,128,2022-03-28,2025-09-30,2022.0,2025.0,1282.0,True,False,True,False,False,,>70% built,100.0,0.0
416173975,Jumeirah Village Circle,Al Barsha South Fourth,Jumeirah Village,Finished,Standard,100.0,117,1,0,0,118,2022-05-15,2024-01-15,2022.0,2024.0,610.0,True,False,True,False,False,,>70% built,100.0,0.0
782006037,,Nad Al Shiba First,Shamal Real Estate,Not Started,Standard,0.0,0,0,201,115,316,2025-09-01,2028-10-01,2025.0,2028.0,1126.0,False,True,False,False,False,,<30% built,0.0,0.0
184151037,Jumeirah Village Circle,Al Barsha South Fourth,Jumeirah Village,Finished,Standard,100.0,147,1,0,0,148,2018-06-04,2020-04-27,2018.0,2020.0,693.0,True,False,True,False,False,,>70% built,100.0,0.0
401,Jumeirah Village Circle,Al Barsha South Fourth,Jumeirah Village,Finished,Standard,100.0,0,0,15,0,15,2008-06-30,2010-10-31,2008.0,2010.0,853.0,True,False,True,False,False,,>70% built,100.0,0.0
781331844,Dubai South Residential District,Madinat Al Mataar,Dubai Aviation City Corporation,Pending,Standard,0.0,47,1,0,0,48,2025-09-01,2027-09-01,2025.0,2027.0,730.0,False,True,False,False,False,,<30% built,0.0,0.0
332,Dubai Sports City,Al Hebiah Fourth,Dubai Sports City,Finished,Standard,100.0,251,1,0,0,252,2008-08-15,2013-03-11,2008.0,2013.0,1669.0,True,False,True,False,False,,>70% built,100.0,0.0
28764992,Al Furjan,Jabal Ali First,Al Furjan,Finished,Standard,100.0,103,1,0,0,104,2015-08-01,2018-12-19,2015.0,2018.0,1236.0,True,False,True,False,False,,>70% built,100.0,0.0
1251,Silicon Oasis,Nadd Hessa,Dubai Integrated Economic Zones,Finished,Standard,100.0,112,1,0,0,113,2008-01-16,2010-05-13,2008.0,2010.0,848.0,True,False,True,False,False,,>70% built,100.0,0.0
1040,Palm Jumeirah,Palm Jumeirah,Nakheel,Finished,Standard,100.0,463,10,0,0,473,2008-11-24,2009-10-22,2008.0,2009.0,332.0,True,False,True,False,False,,>70% built,100.0,0.0
490085090,,Wadi Al Safa 5,Emaar Development,Active,Standard,77.0,0,0,362,63,425,2023-06-26,2026-12-30,2023.0,2026.0,1283.0,False,True,False,False,False,,>70% built,48.0,29.0
631450243,,Al Yufrah 1,Emaar Development,Not Started,Standard,0.0,0,0,745,113,858,2024-11-22,2028-12-31,2024.0,2028.0,1500.0,False,True,False,False,False,,<30% built,8.0,-8.0
447563473,,Al Hebiah Fifth,Wahat Al Jazeera Real Estate,Active,Standard,49.0,0,0,0,822,822,2022-02-12,2025-12-31,2022.0,2025.0,1418.0,False,True,False,True,False,7.1,30-70% built,100.0,-51.0
624931033,,Wadi Al Safa 5,Dubai Properties,Active,Standard,2.0,0,0,893,404,1297,2024-07-16,2028-05-31,2024.0,2028.0,1415.0,False,True,False,False,False,,<30% built,8.0,-6.0
136340871,Dubai South Residential District,Madinat Al Mataar,Dubai Aviation City Corporation,Finished,Standard,100.0,6,2,268,0,276,2018-01-05,2023-06-01,2018.0,2023.0,1973.0,True,False,True,False,False,,>70% built,100.0,0.0
614034710,,Bukadra,Meydan Group,Active,Standard,4.0,415,1,0,0,416,2024-05-15,2027-12-31,2024.0,2027.0,1325.0,False,True,False,False,False,,<30% built,8.0,-4.0
693500370,TOWN SQUARE,Al Yelayiss 2,Nshama,Not Started,Standard,0.0,178,1,0,0,179,2025-08-25,2027-12-30,2025.0,2027.0,857.0,False,True,False,False,False,,<30% built,0.0,0.0
676468466,Jumeirah Village Circle,Al Barsha South Fourth,Jumeirah Village,Not Started,Standard,0.0,269,1,0,0,270,2025-01-01,2028-06-30,2025.0,2028.0,1276.0,False,True,False,False,False,,<30% built,0.0,0.0
510490630,DAMAC Lagoons,Al Hebiah Fifth,Wahat Al Jazeera Real Estate,Active,Standard,36.0,0,0,0,553,553,2023-08-29,,2023.0,,,False,True,False,False,False,,30-70% built,48.0,-12.0
430,Dubai Marina,Marsa Dubai,Emaar Properties,Finished,Standard,100.0,644,1,0,0,645,2011-05-01,2018-04-30,2011.0,2018.0,2556.0,True,False,True,False,False,,>70% built,100.0,0.0
740163390,Mohammed Bin Rashid AL Maktoum District 11,Wadi Al Safa 3,Meydan Group,Pending,Standard,0.0,0,0,0,0,0,2025-04-05,2028-04-05,2025.0,2028.0,1096.0,False,True,False,False,False,,<30% built,0.0,0.0
681579672,Dubai Marina,Marsa Dubai,Emaar Properties,Active,Standard,3.0,682,1,0,0,683,2024-12-01,2028-03-31,2024.0,2028.0,1216.0,False,True,False,False,False,,<30% built,8.0,-5.0
706871425,Jumeirah Garden City,Al Satwa,Meraas,Pending,Standard,0.0,0,0,0,0,0,2026-01-01,2028-06-30,2026.0,2028.0,911.0,False,True,False,False,False,,<30% built,0.0,0.0
396828167,,Wadi Al Safa 5,Dubai Properties,Finished,Standard,100.0,0,0,226,43,269,2022-04-20,2024-07-01,2022.0,2024.0,803.0,True,False,True,False,False,,>70% built,100.0,0.0
399863039,DownTown Dubai,Burj Khalifa,Emaar Development,Active,Standard,64.0,384,1,0,0,385,2022-05-01,2026-09-30,2022.0,2026.0,1613.0,False,True,False,False,False,,30-70% built,100.0,-36.0
1147,Barsha Heights,Al Thanyah First,TECOM Investments,Finished,Standard,100.0,292,2,0,0,294,2008-12-29,2009-07-09,2008.0,2009.0,192.0,True,False,True,False,False,,>70% built,100.0,0.0
491239233,Arjan,Al Barshaa South Third,Liwan,Finished,Standard,100.0,118,1,0,0,119,2022-11-21,2024-06-24,2022.0,2024.0,581.0,True,False,True,False,False,,>70% built,100.0,0.0
1206,Liwan1,Wadi Al Safa 2,Remraam,Finished,Standard,100.0,61,1,0,0,62,2009-03-19,2015-08-06,2009.0,2015.0,2331.0,True,False,True,False,False,,>70% built,100.0,0.0
757864606,Palm Deira,Palm Deira,Nakheel,Not Started,Standard,0.0,61,1,0,0,62,2025-08-01,2027-12-31,2025.0,2027.0,882.0,False,True,False,False,False,,<30% built,0.0,0.0
523735283,Dubai Hills Estate,Hadaeq Sheikh Mohammed Bin Rashid,Dubai Hills Estate,Active,Standard,58.0,389,1,0,0,390,2023-11-21,,2023.0,,,False,True,False,False,False,,30-70% built,48.0,10.0
525471696,DAMAC HILLS 2,Madinat Hind 4,Front Line Investment Management,Active,Standard,55.0,0,0,0,525,525,2023-10-23,,2023.0,,,False,True,False,False,False,,30-70% built,48.0,7.0
207291137,DownTown Dubai,Burj Khalifa,Old Town Views,Finished,Standard,100.0,602,1,0,0,603,2019-02-07,2022-10-31,2019.0,2022.0,1362.0,True,False,True,False,False,,>70% built,100.0,0.0
1296,The Villa,Wadi Al Safa 5,Dubailand Residences,Finished,Infrastructure,100.0,0,0,0,98,98,2008-11-22,2023-06-02,2008.0,2023.0,5305.0,True,False,True,False,False,,>70% built,100.0,0.0
274,Business Bay,Business Bay,Business Bay,Pending,Standard,14.0,290,1,0,0,291,2025-01-31,2027-12-31,2025.0,2027.0,1064.0,False,True,False,False,False,,<30% built,0.0,14.0
446173437,,Al Yufrah 1,Emaar Development,Active,Standard,86.0,0,0,0,145,145,2023-03-16,2026-08-31,2023.0,2026.0,1264.0,False,True,False,False,False,,>70% built,48.0,38.0
742200498,International City Phase 3,Warsan Fourth,International City,Not Started,Standard,0.0,87,1,0,0,88,2025-01-01,2026-12-31,2025.0,2026.0,729.0,False,True,False,False,False,,<30% built,0.0,0.0
694810299,Liwan1,Wadi Al Safa 2,Liwan,Active,Standard,11.0,72,1,0,0,73,2025-01-15,2026-05-15,2025.0,2026.0,485.0,False,True,False,True,True,2.7,<30% built,0.0,11.0
517767918,Dubai South Residential District,Madinat Al Mataar,Dubai Aviation City Corporation,Active,Standard,44.0,0,0,213,77,290,2023-12-30,,2023.0,,,False,True,False,False,False,,30-70% built,48.0,-4.0
640324036,,Al Hebiah Fifth,Wahat Al Jazeera Real Estate,Not Started,Standard,0.0,1168,4,0,0,1172,2024-11-18,2027-12-31,2024.0,2027.0,1138.0,False,True,False,False,False,,<30% built,8.0,-8.0
452237546,Mohammed Bin Rashid AL Maktoum District 11,Wadi Al Safa 3,Crystal Three,Active,Mixed-use,67.0,0,0,435,329,764,2023-04-19,2026-09-30,2023.0,2026.0,1260.0,False,True,False,False,False,,30-70% built,48.0,19.0
684039796,,Al Yufrah 1,Emaar Development,Not Started,Standard,0.0,0,0,156,21,177,2025-02-28,2028-07-31,2025.0,2028.0,1249.0,False,True,False,False,False,,<30% built,0.0,0.0
948,Dubai Marina,Marsa Dubai,Emaar Properties,Finished,Standard,100.0,293,1,0,0,294,2010-02-01,2017-03-26,2010.0,2017.0,2610.0,True,False,True,False,False,,>70% built,100.0,0.0
232,International City Phase 1,Al Warsan First,Nakheel,Finished,Standard,100.0,174,1,0,0,175,2009-03-10,2010-12-26,2009.0,2010.0,656.0,True,False,True,False,False,,>70% built,100.0,0.0
11874003,,Al Yelayiss 1,Al Aryam (Phase 2),Finished,Standard,100.0,0,0,427,77,504,2016-02-01,2019-09-05,2016.0,2019.0,1312.0,True,False,True,False,False,,>70% built,100.0,0.0
14849620,Dubai Creek Harbour,Al Khairan First,The Lagoons (Phase 1),Finished,Standard,100.0,924,8,0,3,935,2015-01-01,2019-01-15,2015.0,2019.0,1475.0,True,False,True,False,False,,>70% built,100.0,0.0
12626031,Al Furjan,Jabal Ali First,Nakheel,Finished,Standard,100.0,129,1,0,0,130,2014-06-02,2016-10-23,2014.0,2016.0,874.0,True,False,True,False,False,,>70% built,100.0,0.0
20011121,,Zaabeel Second,Emaar Properties,Finished,Standard,100.0,479,1,0,0,480,2016-05-15,2021-06-21,2016.0,2021.0,1863.0,True,False,True,False,False,,>70% built,100.0,0.0
679884943,Mina Rashid,Madinat Dubai Almelaheyah,Mina Rashid Real Estate,Not Started,Standard,0.0,162,1,0,0,163,2025-04-24,2028-12-31,2025.0,2028.0,1347.0,False,True,False,False,False,,<30% built,0.0,0.0
573168475,Nad Al Sheba Gardens,Nad Al Shiba First,Shamal Real Estate,Pending,Standard,0.0,0,0,0,0,0,2024-02-25,,2024.0,,,False,True,False,False,False,,<30% built,8.0,-8.0
1067,Jumeirah Village Circle,Al Barsha South Fourth,Jumeirah Village,Finished,Standard,100.0,138,1,0,0,139,2016-09-01,2020-07-02,2016.0,2020.0,1400.0,True,False,True,False,False,,>70% built,100.0,0.0
148739656,Mohammed Bin Rashid AL Maktoum City -District -1 Community,Al Merkadh,District One,Finished,Standard,100.0,95,1,0,0,96,2017-12-01,2022-11-06,2017.0,2022.0,1801.0,True,False,True,False,False,,>70% built,100.0,0.0
1456,Dubai Marina,Marsa Dubai,Emaar Properties,Finished,Standard,100.0,450,7,0,0,457,2006-03-01,2010-01-01,2006.0,2010.0,1402.0,True,False,True,False,False,,>70% built,100.0,0.0
647157559,Dubai South Residential District,Madinat Al Mataar,Dubai Aviation City Corporation,Active,Standard,4.0,68,1,0,0,69,2024-10-01,2026-09-30,2024.0,2026.0,729.0,False,True,False,False,False,,<30% built,8.0,-4.0
619672688,Jaddaf Waterfront,Al Jadaf,Dubai Properties,Active,Standard,4.0,119,1,0,0,120,2024-07-01,2026-12-31,2024.0,2026.0,913.0,False,True,False,False,False,,<30% built,8.0,-4.0
609771723,Jumeirah Village Circle,Al Barsha South Fourth,Jumeirah Village,Active,Standard,17.0,151,1,0,0,152,2024-05-31,2026-03-31,2024.0,2026.0,669.0,False,True,False,True,True,4.1,<30% built,8.0,9.0
581724311,,Al Hebiah Fifth,Wahat Al Jazeera Real Estate,Active,Standard,10.0,144,3,0,0,147,2024-04-22,,2024.0,,,False,True,False,False,False,,<30% built,8.0,2.0
318,Barsha Heights,Al Thanyah First,TECOM Investments,Finished,Standard,100.0,66,1,0,0,67,2008-01-16,2009-07-20,2008.0,2009.0,551.0,True,False,True,False,False,,>70% built,100.0,0.0
624888670,Wasl Gate,Jabal Ali First,JAG Development,Active,Standard,1.0,258,1,0,0,259,2025-01-01,2027-12-31,2025.0,2027.0,1094.0,False,True,False,False,False,,<30% built,0.0,1.0
202096869,Jumeirah Village Circle,Al Barsha South Fourth,Jumeirah Village,Finished,Standard,100.0,0,0,0,0,0,2016-06-29,2019-10-28,2016.0,2019.0,1216.0,True,False,True,False,False,,>70% built,100.0,0.0
616646887,Jaddaf Waterfront,Al Jadaf,Dubai Properties,Active,Standard,66.0,71,1,0,0,72,2024-02-01,2026-05-31,2024.0,2026.0,850.0,False,True,False,True,False,2.1,30-70% built,8.0,58.0
627553957,Dubai Science Park,Al Barshaa South Second,DHAM (Dubai Holding Asset Management),Not Started,Standard,0.0,546,1,0,0,547,2025-01-01,2028-06-30,2025.0,2028.0,1276.0,False,True,False,False,False,,<30% built,0.0,0.0
659496993,International Media Production Zone,Me'Aisem First,DHAM (Dubai Holding Asset Management),Active,Standard,74.0,144,1,0,0,145,2024-03-01,2025-12-31,2024.0,2025.0,670.0,False,True,False,True,False,7.1,>70% built,8.0,66.0
578533180,Springs - 3,Al Thanayah Fourth,Emaar Properties,Finished,Standard,100.0,0,0,268,71,339,2001-01-01,2004-09-01,2001.0,2004.0,1339.0,True,False,True,False,False,,>70% built,100.0,0.0
618018123,Dubai World Central,Madinat Al Mataar,Emaar Dubai South DWC,Active,Standard,6.0,0,0,574,423,997,2024-10-23,,2024.0,,,False,True,False,False,False,,<30% built,8.0,-2.0
529861478,Dubai Sports City,Al Hebiah Fourth,Dubai Sports City,Active,Standard,21.0,478,1,0,0,479,2023-11-01,2027-11-30,2023.0,2027.0,1490.0,False,True,False,False,False,,<30% built,48.0,-27.0
634538587,Dubai Creek Harbour,Al Khairan First,Dubai Creek Harbour,Active,Standard,10.0,283,2,0,0,285,2024-12-03,2029-01-31,2024.0,2029.0,1520.0,False,True,False,False,False,,<30% built,8.0,2.0
527077397,Discovery Gardens,Jabal Ali First,Nakheel,Active,Standard,12.0,184,1,0,0,185,2023-09-15,,2023.0,,,False,True,False,False,False,,<30% built,48.0,-36.0
10579314,International City Phase 1,Al Warsan First,Nakheel,Finished,Standard,100.0,0,1,0,369,370,2014-10-01,2016-06-19,2014.0,2016.0,627.0,True,False,True,False,False,,>70% built,100.0,0.0
216726302,Arjan,Al Barshaa South Third,Liwan,Finished,Standard,100.0,275,1,0,0,276,2019-01-01,2022-05-23,2019.0,2022.0,1238.0,True,False,True,False,False,,>70% built,100.0,0.0
504023915,Discovery Gardens,Jabal Ali First,Nakheel,Active,Standard,1.0,178,1,0,0,179,2023-12-01,,2023.0,,,False,True,False,False,False,,<30% built,48.0,-47.0
669589489,Jumeirah Village Circle,Al Barsha South Fourth,Jumeirah Village,Active,Standard,67.0,122,1,0,0,123,2023-09-15,2025-12-15,2023.0,2025.0,822.0,False,True,False,True,False,7.6,30-70% built,48.0,19.0
741310856,,Dubai Investment Park Second,DAMAC Meree Investment,Not Started,Standard,0.0,466,4,0,0,470,2025-08-11,2029-03-31,2025.0,2029.0,1328.0,False,True,False,False,False,,<30% built,0.0,0.0
458787161,Dubai Maritime City,Madinat Dubai Almelaheyah,Dubai Maritime City,Active,Standard,26.0,297,1,0,0,298,2023-02-16,2027-05-21,2023.0,2027.0,1555.0,False,True,False,False,False,,<30% built,48.0,-22.0
284373231,Dubai Creek Harbour,Al Khairan First,The Lagoons (Phase 1),Finished,Standard,100.0,230,1,0,0,231,2020-02-01,2023-03-31,2020.0,2023.0,1154.0,True,False,True,False,False,,>70% built,100.0,0.0
542369284,Site A,Al Safouh Second,DHAM (Dubai Holding Asset Management),Active,Standard,12.0,388,1,0,0,389,2023-12-26,,2023.0,,,False,True,False,False,False,,<30% built,48.0,-36.0
392042503,Business Bay,Business Bay,Business Bay,Finished,Standard,100.0,383,3,0,0,386,2022-01-15,2024-12-15,2022.0,2024.0,1065.0,True,False,True,False,False,,>70% built,100.0,0.0
761114903,Jumeirah Islands,Al Thanyah Fifth,DMCC (Dubai Multi Commodities Centre),Active,Standard,35.0,453,1,0,0,454,2025-05-02,2027-03-31,2025.0,2027.0,698.0,False,True,False,False,False,,30-70% built,0.0,35.0
16048476,Majan,Wadi Al Safa 3,Dubai Properties,Finished,Standard,100.0,300,1,0,0,301,2014-09-15,2017-03-15,2014.0,2017.0,912.0,True,False,True,False,False,,>70% built,100.0,0.0
617810687,,Wadi Al Safa 3,Dubai Properties,Not Started,Standard,0.0,0,0,530,32,562,2024-12-21,2027-12-20,2024.0,2027.0,1094.0,False,True,False,False,False,,<30% built,8.0,-8.0
682402907,,Jumeirah Second,Dubai Peninsula,Not Started,Standard,0.0,75,1,0,0,76,2025-03-03,2029-01-08,2025.0,2029.0,1407.0,False,True,False,False,False,,<30% built,0.0,0.0
630870311,,Dubai Investment Park Second,DAMAC Crescent Properties,Active,Standard,3.0,0,0,750,98,848,2024-09-24,2027-12-31,2024.0,2027.0,1193.0,False,True,False,False,False,,<30% built,8.0,-5.0
808250808,International City Phase 3,Warsan Fourth,Nakheel,Pending,Standard,0.0,0,0,0,0,0,2025-07-01,2026-10-01,2025.0,2026.0,457.0,False,True,False,False,False,,<30% built,0.0,0.0
395,Jumeirah Golf Estates,Me'Aisem First,Nakheel,Finished,Standard,100.0,0,0,0,116,116,2007-07-07,2010-02-28,2007.0,2010.0,967.0,True,False,True,False,False,,>70% built,100.0,0.0
559,Jumeirah Lakes Towers,Al Thanyah Fifth,DMCC Business Park,Finished,Standard,100.0,418,1,0,0,419,2006-07-22,2009-08-11,2006.0,2009.0,1116.0,True,False,True,False,False,,>70% built,100.0,0.0
758023775,Business Bay,Business Bay,Business Bay,Not Started,Standard,0.0,98,1,0,0,99,2025-12-31,2029-12-30,2025.0,2029.0,1460.0,False,True,False,False,False,,<30% built,0.0,0.0
1267,International City Phase 1,Al Warsan First,Nakheel,Finished,Standard,100.0,120,1,0,0,121,2008-01-24,2010-08-31,2008.0,2010.0,950.0,True,False,True,False,False,,>70% built,100.0,0.0
759156809,Jumeirah Village Circle,Al Barsha South Fourth,Nakheel,Active,Standard,57.0,128,1,0,0,129,2025-11-01,2027-06-30,2025.0,2027.0,606.0,False,True,False,False,False,,30-70% built,0.0,57.0
550464302,Business Bay,Business Bay,Business Bay,Active,Standard,25.0,191,1,0,0,192,2023-09-26,,2023.0,,,False,True,False,False,False,,<30% built,48.0,-23.0
512817300,Mudon,Al Hebiah Sixth,Dubai Properties,Active,Standard,44.0,0,0,248,49,297,2023-09-01,2026-09-30,2023.0,2026.0,1125.0,False,True,False,False,False,,30-70% built,48.0,-4.0
15475464,Silicon Oasis,Nadd Hessa,Dubai Integrated Economic Zones,Finished,Standard,100.0,120,1,0,0,121,2014-04-12,2015-06-11,2014.0,2015.0,425.0,True,False,True,False,False,,>70% built,100.0,0.0
138557626,Meydan One Community,Al Merkadh,Meydan Group,Finished,Standard,100.0,378,1,0,0,379,2017-10-01,2024-07-25,2017.0,2024.0,2489.0,True,False,True,False,False,,>70% built,100.0,0.0
21657791,Mudon,Al Hebiah Sixth,MDN Real Estate,Finished,Standard,100.0,0,0,663,669,1332,2015-09-01,2019-04-04,2015.0,2019.0,1311.0,True,False,True,False,False,,>70% built,100.0,0.0
605445894,Dubai Studio City,Al Hebiah Second,DHAM (Dubai Holding Asset Management),Active,Standard,6.0,704,2,0,0,706,2024-04-15,2026-04-30,2024.0,2026.0,745.0,False,True,False,True,True,3.2,<30% built,8.0,-2.0
647,Jumeirah Village Circle,Al Barsha South Fourth,Jumeirah Village,Pending,Standard,97.0,171,1,1,0,173,2014-02-01,2023-06-30,2014.0,2023.0,3436.0,False,True,False,True,False,37.2,>70% built,100.0,-3.0
602711500,Dubai Creek Harbour,Al Khairan First,Dubai Creek Harbour,Active,Standard,15.0,291,1,0,0,292,2024-08-15,,2024.0,,,False,True,False,False,False,,<30% built,8.0,7.0
408030867,Arjan,Al Barshaa South Third,Liwan,Active,Standard,98.0,625,6,0,0,631,2022-07-08,2024-07-08,2022.0,2024.0,731.0,False,True,False,True,False,24.9,>70% built,100.0,-2.0
664202462,Jumeirah Village Circle,Al Barsha South Fourth,Jumeirah Village,Not Started,Standard,0.0,399,1,0,0,400,2025-04-01,2027-10-01,2025.0,2027.0,913.0,False,True,False,False,False,,<30% built,0.0,0.0
822707388,Dubai Land Residence Complex,Wadi Al Safa 5,Dubailand Residences,Pending,Standard,30.0,0,0,0,0,0,2024-10-21,2027-04-21,2024.0,2027.0,912.0,False,True,False,False,False,,<30% built,8.0,22.0
724532955,International City Phase 3,Warsan Fourth,Nakheel,Pending,Standard,0.0,0,0,0,0,0,2025-02-01,2027-02-01,2025.0,2027.0,730.0,False,True,False,False,False,,<30% built,0.0,0.0
148265546,DUBAI HILLS - CLUB VILLAS,Hadaeq Sheikh Mohammed Bin Rashid,Dubai Hills Estate,Finished,Standard,100.0,0,0,150,77,227,2017-11-01,2021-10-31,2017.0,2021.0,1460.0,True,False,True,False,False,,>70% built,100.0,0.0
11744920,,Al Yelayiss 1,Al Aryam (Phase 2),Finished,Standard,100.0,0,0,483,104,587,2014-08-01,2017-12-01,2014.0,2017.0,1218.0,True,False,True,False,False,,>70% built,100.0,0.0
247112948,LA MER,Jumeirah First,Meraas,Finished,Standard,100.0,155,3,0,0,158,2019-06-19,2022-07-20,2019.0,2022.0,1127.0,True,False,True,False,False,,>70% built,100.0,0.0
148997708,Meydan One Community,Al Merkadh,Meydan Group,Finished,Standard,100.0,157,1,0,0,158,2017-12-15,2023-06-30,2017.0,2023.0,2023.0,True,False,True,False,False,,>70% built,100.0,0.0
514898487,Dubai Hills Estate,Hadaeq Sheikh Mohammed Bin Rashid,Dubai Hills Estate,Active,Standard,51.0,200,1,0,0,201,2023-08-16,2026-12-15,2023.0,2026.0,1217.0,False,True,False,False,False,,30-70% built,48.0,3.0
738749620,Jumeirah Village Circle,Al Barsha South Fourth,Nakheel,Pending,Standard,0.0,205,1,0,0,206,2025-04-20,2027-09-30,2025.0,2027.0,893.0,False,True,False,False,False,,<30% built,0.0,0.0
46377657,,Zaabeel Second,Emaar Properties,Finished,Standard,100.0,1515,3,0,0,1518,2017-05-06,2022-08-31,2017.0,2022.0,1943.0,True,False,True,False,False,,>70% built,100.0,0.0
473548848,Dubai Creek Harbour,Al Khairan First,Dubai Creek Harbour,Active,Standard,83.0,444,9,0,0,453,2023-05-27,2026-11-30,2023.0,2026.0,1283.0,False,True,False,False,False,,>70% built,48.0,35.0
324697181,Rukan,Wadi Al Safa 7,Dubailand Residences,Active,Standard,98.0,0,0,1089,48,1137,2020-07-10,2022-12-31,2020.0,2022.0,904.0,False,True,False,True,False,43.1,>70% built,100.0,-2.0
564079600,Discovery Gardens,Jabal Ali First,Nakheel,Active,Standard,19.0,285,1,0,0,286,2024-01-01,,2024.0,,,False,True,False,False,False,,<30% built,8.0,11.0
23663994,Jumeirah Village Circle,Al Barsha South Fourth,Jumeirah Village,Finished,Standard,100.0,501,1,0,0,502,2015-06-30,2020-06-30,2015.0,2020.0,1827.0,True,False,True,False,False,,>70% built,100.0,0.0
390512999,DAMAC Lagoons,Al Hebiah Fifth,Wahat Al Jazeera Real Estate,Active,Standard,68.0,0,0,0,550,550,2022-02-28,2025-07-29,2022.0,2025.0,1247.0,False,True,False,True,False,12.2,30-70% built,100.0,-32.0
42307973,Dubai Marina,Marsa Dubai,Emaar Properties,Finished,Standard,100.0,364,1,0,0,365,2017-04-25,2022-11-30,2017.0,2022.0,2045.0,True,False,True,False,False,,>70% built,100.0,0.0
82811651,Dubai Creek Harbour,Al Khairan First,The Lagoons (Phase 1),Finished,Standard,100.0,160,1,0,0,161,2017-08-15,2025-02-24,2017.0,2025.0,2750.0,True,False,True,False,False,,>70% built,100.0,0.0
733064856,Dubai Creek Harbour,Al Khairan First,Dubai Creek Harbour,Active,Standard,4.0,479,1,0,0,480,2025-06-10,2029-07-31,2025.0,2029.0,1512.0,False,True,False,False,False,,<30% built,0.0,4.0
563328595,Jaddaf Waterfront,Al Jadaf,Dubai Properties,Active,Standard,17.0,328,1,0,0,329,2023-11-24,,2023.0,,,False,True,False,False,False,,<30% built,48.0,-31.0
15601007,Palm Jumeirah,Palm Jumeirah,Nakheel,Finished,Standard,100.0,305,1,0,0,306,2014-10-13,2019-08-31,2014.0,2019.0,1783.0,True,False,True,False,False,,>70% built,100.0,0.0
426810499,Palm Jumeirah,Palm Jumeirah,Nakheel,Active,Standard,64.0,321,1,0,0,322,2022-12-01,2026-12-31,2022.0,2026.0,1491.0,False,True,False,False,False,,30-70% built,100.0,-36.0
21310796,Jumeirah Golf Estates,Me'Aisem First,Jumeirah Golf Estates,Finished,Standard,100.0,215,2,0,0,217,2014-08-14,2019-02-28,2014.0,2019.0,1659.0,True,False,True,False,False,,>70% built,100.0,0.0
656498551,Palm Deira,Palm Deira,Palm Deira,Active,Standard,27.0,82,1,0,0,83,2024-09-15,2026-06-14,2024.0,2026.0,637.0,False,True,False,True,True,1.7,<30% built,8.0,19.0
390878672,Jumeirah Village Circle,Al Barsha South Fourth,Jumeirah Village,Finished,Standard,100.0,140,1,0,0,141,2022-01-14,2024-01-31,2022.0,2024.0,747.0,True,False,True,False,False,,>70% built,100.0,0.0
422589023,Dubai Investment Park First,Dubai Investment Park First,Dubai Investments Park Development,Active,Standard,55.0,0,0,127,0,127,2022-07-01,2025-12-31,2022.0,2025.0,1279.0,False,True,False,True,False,7.1,30-70% built,100.0,-45.0
139034831,Meydan Racecourse Community,Nad Al Shiba First,Meydan Group,Finished,Standard,100.0,153,1,0,0,154,2017-10-01,2020-04-30,2017.0,2020.0,942.0,True,False,True,False,False,,>70% built,100.0,0.0
430703836,Palm Jumeirah,Palm Jumeirah,Palm Jumeirah,Finished,Standard,100.0,126,1,0,0,127,2022-07-01,2024-07-31,2022.0,2024.0,761.0,True,False,True,False,False,,>70% built,100.0,0.0
425903139,Dubai Land Residence Complex,Wadi Al Safa 5,Dubailand Residences,Active,Standard,39.0,372,1,0,0,373,2022-09-30,2026-09-30,2022.0,2026.0,1461.0,False,True,False,False,False,,30-70% built,100.0,-61.0
639938499,TECOM Site D,Marsa Dubai,TECOM Investments,Active,Standard,28.0,771,1,0,0,772,2024-11-01,2027-11-01,2024.0,2027.0,1095.0,False,True,False,False,False,,<30% built,8.0,20.0
814545623,Business Bay,Business Bay,Shamal Real Estate,Pending,Standard,0.0,0,0,0,0,0,2026-06-30,2031-04-30,2026.0,2031.0,1765.0,False,True,False,False,False,,<30% built,0.0,0.0
304480775,Business Bay,Business Bay,Business Bay,Finished,Standard,100.0,358,2,0,0,360,2020-12-01,2023-04-25,2020.0,2023.0,875.0,True,False,True,False,False,,>70% built,100.0,0.0
802469400,The World,World Islands,Nakheel,Pending,Standard,27.0,86,1,0,0,87,2023-09-01,2027-12-30,2023.0,2027.0,1581.0,False,True,False,False,False,,<30% built,48.0,-21.0
559842864,Dubai Hills Estate,Hadaeq Sheikh Mohammed Bin Rashid,Dubai Hills Estate,Active,Standard,25.0,148,1,0,0,149,2024-08-01,2026-11-30,2024.0,2026.0,851.0,False,True,False,False,False,,<30% built,8.0,17.0
799659432,TOWN SQUARE,Al Yelayiss 2,Nshama,Not Started,Standard,0.0,146,1,0,0,147,2026-03-16,2028-06-30,2026.0,2028.0,837.0,False,True,False,False,False,,<30% built,0.0,0.0
589,Business Bay,Business Bay,Dubai Properties,Finished,Standard,100.0,300,1,0,0,301,2006-12-18,2010-03-31,2006.0,2010.0,1199.0,True,False,True,False,False,,>70% built,100.0,0.0
595132814,Jumeirah Village Circle,Al Barsha South Fourth,Jumeirah Village,Active,Standard,48.0,90,1,0,0,91,2024-03-01,2026-06-30,2024.0,2026.0,851.0,False,True,False,True,False,1.1,30-70% built,8.0,40.0
26904655,Palm Jumeirah,Palm Jumeirah,Palm Jumeirah,Finished,Standard,100.0,232,1,0,0,233,2014-09-14,2023-02-12,2014.0,2023.0,3073.0,True,False,True,False,False,,>70% built,100.0,0.0
390873037,Al Furjan,Jabal Ali First,Al Furjan,Finished,Standard,100.0,0,0,0,235,235,2022-05-19,2024-12-31,2022.0,2024.0,957.0,True,False,True,False,False,,>70% built,100.0,0.0
471653951,Al Furjan,Jabal Ali First,Al Furjan,Finished,Standard,100.0,135,1,0,0,136,2022-03-01,2024-01-31,2022.0,2024.0,701.0,True,False,True,False,False,,>70% built,100.0,0.0
301674157,Jumeirah Village Triangle,Al Barsha South Fifth,Jumeirah Village,Active,Standard,72.0,456,2,0,0,458,2022-03-01,2025-02-28,2022.0,2025.0,1095.0,False,True,False,True,False,17.1,>70% built,100.0,-28.0
923,Dubai Sports City,Al Hebiah Fourth,Dubai Sports City,Finished,Standard,100.0,191,2,0,0,193,2013-10-20,2016-08-25,2013.0,2016.0,1040.0,True,False,True,False,False,,>70% built,100.0,0.0
14223314,Falcon City,Wadi Al Safa 2,Dubailand,Finished,Standard,100.0,0,0,1,24,25,2015-08-01,2017-08-06,2015.0,2017.0,736.0,True,False,True,False,False,,>70% built,100.0,0.0
690758055,Jumeirah Village Triangle,Al Barsha South Fifth,Nakheel,Active,Standard,2.0,188,1,0,0,189,2025-01-22,2027-03-30,2025.0,2027.0,797.0,False,True,False,False,False,,<30% built,0.0,2.0
754867614,Dubai Maritime City,Madinat Dubai Almelaheyah,Dubai Maritime City,Not Started,Standard,0.0,958,3,0,0,961,2025-09-29,2029-12-31,2025.0,2029.0,1554.0,False,True,False,False,False,,<30% built,0.0,0.0
630053047,International City Phase 1,Al Warsan First,International City,Not Started,Standard,0.0,105,1,0,0,106,2024-08-01,2027-08-01,2024.0,2027.0,1095.0,False,True,False,False,False,,<30% built,8.0,-8.0
717148721,Meydan Racecourse Community,Nad Al Shiba First,Meydan Group,Not Started,Standard,0.0,52,1,0,0,53,2025-07-01,2027-06-30,2025.0,2027.0,729.0,False,True,False,False,False,,<30% built,0.0,0.0
574525068,Dubai Land Residence Complex,Wadi Al Safa 5,Dubailand Residences,Finished,Standard,100.0,105,1,0,0,106,2022-06-07,2024-12-31,2022.0,2024.0,938.0,True,False,True,False,False,,>70% built,100.0,0.0
522101983,International Media Production Zone,Me'Aisem First,TECOM Investments,Active,Standard,56.0,362,1,0,0,363,2023-12-01,,2023.0,,,False,True,False,False,False,,30-70% built,48.0,8.0
446605303,City Walk,Al Wasl,Meraas,Active,Standard,62.0,214,1,0,0,215,2022-12-21,2026-03-21,2022.0,2026.0,1186.0,False,True,False,True,False,4.5,30-70% built,100.0,-38.0
484253289,Palm Jabal Ali,Palm Jabal Ali,Nakheel,Active,Standard,4.0,0,0,0,146,146,2023-09-27,2027-10-08,2023.0,2027.0,1472.0,False,True,False,False,False,,<30% built,48.0,-44.0
484235620,Palm Jabal Ali,Palm Jabal Ali,Nakheel,Active,Standard,6.0,0,0,0,130,130,2023-09-27,2027-10-08,2023.0,2027.0,1472.0,False,True,False,False,False,,<30% built,48.0,-42.0
82,Dubai Sports City,Al Hebiah Fourth,Dubai Sports City,Finished,Standard,100.0,148,1,0,0,149,2008-03-01,2015-04-02,2008.0,2015.0,2588.0,True,False,True,False,False,,>70% built,100.0,0.0
668715456,Palm Jabal Ali,Palm Jabal Ali,Nakheel,Active,Standard,1.0,0,0,0,59,59,2025-01-14,2028-01-17,2025.0,2028.0,1098.0,False,True,False,False,False,,<30% built,0.0,1.0
344768183,SOBHA HARTLAND,Al Merkadh,Sobha,Finished,Standard,100.0,0,0,0,54,54,2021-01-03,2024-06-30,2021.0,2024.0,1274.0,True,False,True,False,False,,>70% built,100.0,0.0
707752615,,Al Yelayiss 1,DAMAC Elite Investment,Not Started,Standard,0.0,0,0,0,232,232,2025-04-21,2028-12-31,2025.0,2028.0,1350.0,False,True,False,False,False,,<30% built,0.0,0.0
817081821,Dubai Land Residence Complex,Wadi Al Safa 5,Dubailand Residences,Not Started,Standard,0.0,120,1,0,0,121,2025-11-01,2028-01-31,2025.0,2028.0,821.0,False,True,False,False,False,,<30% built,0.0,0.0
37589852,Al Furjan,Jabal Ali First,Al Furjan,Finished,Standard,100.0,500,1,0,0,501,2016-09-01,2022-01-10,2016.0,2022.0,1957.0,True,False,True,False,False,,>70% built,100.0,0.0
8764169,DAMAC HILLS,Al Hebiah Third,DAMAC Crescent Properties,Finished,Standard,100.0,160,2,0,0,162,2013-08-01,2016-12-31,2013.0,2016.0,1248.0,True,False,True,False,False,,>70% built,100.0,0.0
434693003,Business Bay,Business Bay,Business Bay,Finished,Standard,100.0,205,1,0,0,206,2019-03-16,2023-12-30,2019.0,2023.0,1750.0,True,False,True,False,False,,>70% built,100.0,0.0
15100562,City Of Arabia,Wadi Al Safa 4,Ilyas & Mustafa Galadari Real Estate,Conditional Activating,Standard,24.0,0,0,79,271,350,2014-04-01,2025-12-31,2014.0,2025.0,4292.0,False,True,False,True,True,7.1,<30% built,100.0,-76.0
53893931,Dubai Hills Estate,Hadaeq Sheikh Mohammed Bin Rashid,Dubai Hills Estate,Finished,Standard,100.0,275,1,0,0,276,2017-08-21,2020-03-31,2017.0,2020.0,953.0,True,False,True,False,False,,>70% built,100.0,0.0
474338499,City Walk,Al Wasl,Meraas,Active,Standard,61.0,200,1,0,0,201,2023-04-10,2026-08-10,2023.0,2026.0,1218.0,False,True,False,False,False,,30-70% built,48.0,13.0
34220649,Dubai World Central,Madinat Al Mataar,Dubai Aviation City Corporation,Finished,Standard,100.0,324,46,0,0,370,2017-01-01,2020-03-26,2017.0,2020.0,1180.0,True,False,True,False,False,,>70% built,100.0,0.0
178863325,Rukan,Wadi Al Safa 7,Dubailand,Finished,Standard,100.0,0,0,49,7,56,2018-07-01,2022-08-30,2018.0,2022.0,1521.0,True,False,True,False,False,,>70% built,100.0,0.0
1095,Jumeirah Village Circle,Al Barsha South Fourth,Jumeirah Village,Finished,Standard,100.0,0,0,18,0,18,2008-04-06,2010-12-22,2008.0,2010.0,990.0,True,False,True,False,False,,>70% built,100.0,0.0
377737320,Jumeirah Village Circle,Al Barsha South Fourth,Jumeirah Village,Finished,Standard,100.0,269,2,0,0,271,2021-07-17,2023-12-31,2021.0,2023.0,897.0,True,False,True,False,False,,>70% built,100.0,0.0
174594518,Dubai South Residential District,Madinat Al Mataar,Dubai South Properties DWC,Finished,Standard,100.0,81,1,0,0,82,2016-06-25,2019-01-31,2016.0,2019.0,950.0,True,False,True,False,False,,>70% built,100.0,0.0
543574652,Jumeirah Islands,Al Thanyah Fifth,DMCC (Dubai Multi Commodities Centre),Active,Standard,61.0,401,1,0,0,402,2023-09-01,,2023.0,,,False,True,False,False,False,,30-70% built,48.0,13.0
175197510,Jumeirah Village Circle,Al Barsha South Fourth,Jumeirah Village,Finished,Standard,100.0,142,1,0,0,143,2017-11-01,2024-09-27,2017.0,2024.0,2522.0,True,False,True,False,False,,>70% built,100.0,0.0
472804997,Dubai Creek Harbour,Al Khairan First,Dubai Creek Harbour,Active,Standard,93.0,595,9,0,0,604,2023-05-27,2026-07-31,2023.0,2026.0,1161.0,False,True,False,True,False,0.1,>70% built,48.0,45.0
563271765,Dubai Maritime City,Madinat Dubai Almelaheyah,Dubai Maritime City,Active,Standard,7.0,393,1,0,0,394,2024-05-01,,2024.0,,,False,True,False,False,False,,<30% built,8.0,-1.0
578157307,Dubai Hills Estate,Hadaeq Sheikh Mohammed Bin Rashid,Dubai Hills Estate,Active,Standard,8.0,129,1,0,0,130,2023-02-06,2026-10-31,2023.0,2026.0,1363.0,False,True,False,False,False,,<30% built,48.0,-40.0
124,Jaddaf Waterfront,Al Jadaf,Dubai Properties,Finished,Standard,100.0,95,1,0,0,96,2008-09-22,2017-03-31,2008.0,2017.0,3112.0,True,False,True,False,False,,>70% built,100.0,0.0
578605462,Lakes - Ghadeer,Al Thanyah Third,Emaar Properties,Finished,Standard,100.0,0,0,138,48,186,2004-01-01,2007-01-01,2004.0,2007.0,1096.0,True,False,True,False,False,,>70% built,100.0,0.0
1223,Liwan1,Wadi Al Safa 2,Remraam,Finished,Standard,100.0,61,1,0,0,62,2008-05-28,2013-09-09,2008.0,2013.0,1930.0,True,False,True,False,False,,>70% built,100.0,0.0
355053865,Al Furjan,Jabal Ali First,Al Furjan,Finished,Standard,100.0,0,0,40,17,57,2021-01-30,2022-06-15,2021.0,2022.0,501.0,True,False,True,False,False,,>70% built,100.0,0.0
298524710,Dubai Harbour,Marsa Dubai,Emaar Development,Finished,Standard,100.0,397,2,0,0,399,2020-04-30,2023-04-30,2020.0,2023.0,1095.0,True,False,True,False,False,,>70% built,100.0,0.0
845,Dubai Marina,Marsa Dubai,Emaar Properties,Finished,Standard,100.0,334,1,0,0,335,2012-08-05,2016-08-01,2012.0,2016.0,1457.0,True,False,True,False,False,,>70% built,100.0,0.0
474648266,Jumeirah Village Circle,Al Barsha South Fourth,Jumeirah Village,Active,Standard,90.0,121,1,0,0,122,2023-03-13,2025-04-30,2023.0,2025.0,779.0,False,True,False,True,False,15.1,>70% built,48.0,42.0
1186,Liwan1,Wadi Al Safa 2,Remraam,Finished,Standard,100.0,90,1,0,0,91,2009-03-19,2017-02-02,2009.0,2017.0,2877.0,True,False,True,False,False,,>70% built,100.0,0.0
603,Jumeirah Lakes Towers,Al Thanyah Fifth,DMCC (Dubai Multi Commodities Centre),Finished,Standard,100.0,273,1,0,0,274,2008-01-07,2009-05-11,2008.0,2009.0,490.0,True,False,True,False,False,,>70% built,100.0,0.0
563055913,Jumeirah Village Triangle,Al Barsha South Fifth,Nakheel,Active,Standard,1.0,141,1,0,0,142,2024-01-07,,2024.0,,,False,True,False,False,False,,<30% built,8.0,-7.0
633503051,Jumeirah Village Circle,Al Barsha South Fourth,Jumeirah Village,Active,Standard,2.0,582,2,0,0,584,2024-10-01,2028-03-30,2024.0,2028.0,1276.0,False,True,False,False,False,,<30% built,8.0,-6.0
364654261,Business Bay,Business Bay,Business Bay,Active,Standard,85.0,913,1,0,0,914,2021-08-01,2024-12-31,2021.0,2024.0,1248.0,False,True,False,True,False,19.1,>70% built,100.0,-15.0
264942481,Dubai World Central,Madinat Al Mataar,Emaar Dubai South DWC,Finished,Standard,100.0,0,0,292,43,335,2019-10-02,2024-01-18,2019.0,2024.0,1569.0,True,False,True,False,False,,>70% built,100.0,0.0
670015037,International Media Production Zone,Me'Aisem First,TECOM Investments,Not Started,Standard,0.0,1745,1,0,0,1746,2024-11-30,2026-06-30,2024.0,2026.0,577.0,False,True,False,True,True,1.1,<30% built,8.0,-8.0
1193,Liwan1,Wadi Al Safa 2,Remraam,Finished,Standard,100.0,50,1,0,0,51,2009-02-24,2014-03-31,2009.0,2014.0,1861.0,True,False,True,False,False,,>70% built,100.0,0.0
551806345,Majan,Wadi Al Safa 3,Liwan,Active,Standard,11.0,669,1,0,0,670,2024-02-01,2027-03-31,2024.0,2027.0,1154.0,False,True,False,False,False,,<30% built,8.0,3.0
140,Dubai Sports City,Al Hebiah Fourth,Dubai Sports City,Finished,Standard,100.0,386,1,0,0,387,2008-12-28,2012-08-29,2008.0,2012.0,1340.0,True,False,True,False,False,,>70% built,100.0,0.0
451046670,Majan,Wadi Al Safa 3,Liwan,Active,Standard,99.0,26,1,0,0,27,2022-03-23,2024-03-23,2022.0,2024.0,731.0,False,True,False,True,False,28.4,>70% built,100.0,-1.0
37944052,,Al Yelayiss 1,Al Aryam (Phase 1),Finished,Standard,100.0,0,0,516,145,661,2014-02-20,2016-07-31,2014.0,2016.0,892.0,True,False,True,False,False,,>70% built,100.0,0.0
641590792,Discovery Gardens,Jabal Ali First,Nakheel,Conditional Activating,Standard,0.0,230,1,0,0,231,2024-10-01,2026-12-31,2024.0,2026.0,821.0,False,True,False,False,False,,<30% built,8.0,-8.0
26846510,DownTown Dubai,Burj Khalifa,Emaar Properties,Finished,Standard,100.0,873,3,0,0,876,2017-04-02,2023-03-30,2017.0,2023.0,2188.0,True,False,True,False,False,,>70% built,100.0,0.0
719401241,Discovery Gardens,Jabal Ali First,Nakheel,Not Started,Standard,0.0,390,2,0,0,392,2025-06-01,2027-07-03,2025.0,2027.0,762.0,False,True,False,False,False,,<30% built,0.0,0.0
711221883,Jaddaf Waterfront,Al Jadaf,Dubai Properties,Not Started,Standard,0.0,49,2,0,0,51,2025-02-01,2027-02-28,2025.0,2027.0,757.0,False,True,False,False,False,,<30% built,0.0,0.0
498,Motor City,Al Hebiah First,Union Properties PJSC,Finished,Standard,100.0,159,1,0,0,160,2008-03-18,2010-07-11,2008.0,2010.0,845.0,True,False,True,False,False,,>70% built,100.0,0.0
390407135,Jumeirah Village Triangle,Al Barsha South Fifth,Jumeirah Village,Finished,Standard,100.0,252,1,0,0,253,2021-11-01,2023-10-10,2021.0,2023.0,708.0,True,False,True,False,False,,>70% built,100.0,0.0
1189,Liwan1,Wadi Al Safa 2,Remraam,Finished,Standard,100.0,217,1,0,0,218,2008-12-18,2014-05-26,2008.0,2014.0,1985.0,True,False,True,False,False,,>70% built,100.0,0.0
32,Falcon City,Wadi Al Safa 2,Dubailand,Finished,Standard,100.0,0,0,0,224,224,2010-10-01,2014-07-01,2010.0,2014.0,1369.0,True,False,True,False,False,,>70% built,100.0,0.0
679900964,,Al Yelayiss 1,DAMAC Elite Investment,Not Started,Standard,0.0,0,0,0,396,396,2025-03-23,2028-12-31,2025.0,2028.0,1379.0,False,True,False,False,False,,<30% built,0.0,0.0
458327585,Rukan,Wadi Al Safa 7,Dubailand Residences,Finished,Standard,100.0,153,1,0,0,154,2022-07-31,2024-02-28,2022.0,2024.0,577.0,True,False,True,False,False,,>70% built,100.0,0.0
204552939,Dubai Creek Harbour,Al Khairan First,Dubai Creek Harbour,Finished,Standard,100.0,151,3,0,0,154,2019-02-24,2022-10-06,2019.0,2022.0,1320.0,True,False,True,False,False,,>70% built,100.0,0.0
221,Dubai Marina,Marsa Dubai,Emaar Properties,Finished,Standard,100.0,771,1,0,0,772,2006-12-18,2011-10-27,2006.0,2011.0,1774.0,True,False,True,False,False,,>70% built,100.0,0.0
362223445,Mohammed Bin Rashid AL Maktoum City -District -1 Community,Al Merkadh,Meydan Group,Finished,Standard,100.0,0,0,0,44,44,2022-01-15,2024-06-14,2022.0,2024.0,881.0,True,False,True,False,False,,>70% built,100.0,0.0
510830250,Palm Jumeirah,Palm Jumeirah,Palm Jumeirah,Active,Standard,29.0,114,1,0,0,115,2023-08-01,2026-07-31,2023.0,2026.0,1095.0,False,True,False,True,True,0.1,<30% built,48.0,-19.0
946,Jumeirah Village Circle,Al Barsha South Fourth,Jumeirah Village,Finished,Standard,100.0,77,1,0,0,78,2008-09-13,2016-05-12,2008.0,2016.0,2798.0,True,False,True,False,False,,>70% built,100.0,0.0
778750506,Meydan Racecourse Community,Nad Al Shiba First,Meydan Group,Not Started,Standard,0.0,47,1,0,0,48,2025-10-01,2027-11-30,2025.0,2027.0,790.0,False,True,False,False,False,,<30% built,0.0,0.0
495049719,Business Bay,Business Bay,Business Bay,Finished,Standard,100.0,159,1,0,0,160,2022-12-14,2024-12-18,2022.0,2024.0,735.0,True,False,True,False,False,,>70% built,100.0,0.0
646331493,Dubai Sports City,Al Hebiah Fourth,Dubai Sports City,Active,Standard,41.0,187,1,0,0,188,2024-10-01,2026-04-01,2024.0,2026.0,547.0,False,True,False,True,False,4.1,30-70% built,8.0,33.0
1283,Al Furjan,Jabal Ali First,Nakheel,Finished,Standard,100.0,0,1,512,832,1345,2010-09-27,2013-05-19,2010.0,2013.0,965.0,True,False,True,False,False,,>70% built,100.0,0.0
590140809,Dubai Sports City,Al Hebiah Fourth,Dubai Sports City,Active,Standard,4.0,287,1,0,0,288,2024-10-01,2027-03-30,2024.0,2027.0,910.0,False,True,False,False,False,,<30% built,8.0,-4.0
422937774,Arjan,Al Barshaa South Third,Liwan,Finished,Standard,100.0,139,1,0,0,140,2022-06-01,2024-04-19,2022.0,2024.0,688.0,True,False,True,False,False,,>70% built,100.0,0.0
643569133,International Media Production Zone,Me'Aisem First,TECOM Investments,Active,Standard,21.0,137,1,0,0,138,2024-06-01,2026-04-30,2024.0,2026.0,698.0,False,True,False,True,True,3.2,<30% built,8.0,13.0
415973328,Jumeirah Village Circle,Al Barsha South Fourth,Jumeirah Village,Active,Standard,83.0,194,1,0,0,195,2022-07-31,2025-12-31,2022.0,2025.0,1249.0,False,True,False,True,False,7.1,>70% built,100.0,-17.0
223,Jumeirah Village Circle,Al Barsha South Fourth,Jumeirah Village,Finished,Standard,100.0,184,1,0,0,185,2008-11-21,2010-11-01,2008.0,2010.0,710.0,True,False,True,False,False,,>70% built,100.0,0.0
606594424,Silicon Oasis,Nadd Hessa,Dubai Integrated Economic Zones,Finished,Standard,100.0,114,1,0,0,115,2024-02-10,2025-08-10,2024.0,2025.0,547.0,True,False,True,False,False,,>70% built,8.0,92.0
582741014,,Al Yufrah 1,Emaar Development,Active,Standard,24.0,0,0,0,255,255,2024-06-27,,2024.0,,,False,True,False,False,False,,<30% built,8.0,16.0
214,International City Phase 3,Warsan Fourth,Nakheel,Finished,Standard,100.0,186,2,0,0,188,2007-02-01,2012-03-07,2007.0,2012.0,1861.0,True,False,True,False,False,,>70% built,100.0,0.0
646258168,Dubai Creek Harbour,Al Khairan First,Dubai Creek Harbour,Active,Standard,9.0,326,1,0,0,327,2024-12-11,2029-01-31,2024.0,2029.0,1512.0,False,True,False,False,False,,<30% built,8.0,1.0
582871212,Mohammed Bin Rashid AL Maktoum District 11,Wadi Al Safa 3,Meydan Group,Active,Standard,41.0,50,1,0,0,51,2024-02-01,,2024.0,,,False,True,False,False,False,,30-70% built,8.0,33.0
165943745,Meydan Racecourse Community,Nad Al Shiba First,Meydan Group,Finished,Standard,100.0,102,1,0,0,103,2018-02-01,2024-03-08,2018.0,2024.0,2227.0,True,False,True,False,False,,>70% built,100.0,0.0
78775671,Dubai South Residential District,Madinat Al Mataar,Dubai Aviation City Corporation,Finished,Standard,100.0,193,4,0,0,197,2017-07-01,2021-03-15,2017.0,2021.0,1353.0,True,False,True,False,False,,>70% built,100.0,0.0
149990477,Business Bay,Business Bay,Business Bay,Finished,Standard,100.0,467,1,0,0,468,2017-11-27,2023-08-27,2017.0,2023.0,2099.0,True,False,True,False,False,,>70% built,100.0,0.0
616626353,Dubai Creek Harbour,Al Khairan First,Dubai Creek Harbour,Active,Standard,9.0,434,1,0,0,435,2024-10-31,,2024.0,,,False,True,False,False,False,,<30% built,8.0,1.0
365853782,Jumeirah Village Circle,Al Barsha South Fourth,Jumeirah Village,Finished,Standard,100.0,77,1,0,0,78,2021-04-08,2022-06-30,2021.0,2022.0,448.0,True,False,True,False,False,,>70% built,100.0,0.0
100897810,Remraam,Al Hebiah Fifth,Dubai Properties,Finished,Standard,100.0,946,12,0,2,960,2017-10-10,2021-12-16,2017.0,2021.0,1528.0,True,False,True,False,False,,>70% built,100.0,0.0
15165513,Dubai Sports City,Al Hebiah Fourth,Dubai Sports City,Finished,Standard,100.0,800,2,0,0,802,2014-10-13,2017-12-25,2014.0,2017.0,1169.0,True,False,True,False,False,,>70% built,100.0,0.0
460001228,TOWN SQUARE,Al Yelayiss 2,Nshama,Finished,Standard,100.0,238,1,0,0,239,2023-07-01,2025-07-31,2023.0,2025.0,761.0,True,False,True,False,False,,>70% built,48.0,52.0
1299,Dubai Sports City,Al Hebiah Fourth,Dubai Sports City,Finished,Standard,100.0,168,1,0,0,169,2007-05-23,2016-09-06,2007.0,2016.0,3394.0,True,False,True,False,False,,>70% built,100.0,0.0
444441972,Jumeirah Village Circle,Al Barsha South Fourth,Jumeirah Village,Finished,Standard,100.0,171,1,0,0,172,2022-09-15,2023-10-31,2022.0,2023.0,411.0,True,False,True,False,False,,>70% built,100.0,0.0
546787895,Al Furjan,Jabal Ali First,Al Furjan,Active,Standard,71.0,121,1,0,0,122,2023-10-10,,2023.0,,,False,True,False,False,False,,>70% built,48.0,23.0
545032238,Mina Rashid,Madinat Dubai Almelaheyah,Mina Rashid Real Estate,Active,Standard,11.0,151,1,0,0,152,2024-02-29,,2024.0,,,False,True,False,False,False,,<30% built,8.0,3.0
629554611,Dubai Land Residence Complex,Wadi Al Safa 5,Dubai Properties,Not Started,Standard,0.0,208,1,0,0,209,2024-12-20,2026-08-20,2024.0,2026.0,608.0,False,True,False,False,False,,<30% built,8.0,-8.0
737595268,Jumeirah Village Triangle,Al Barsha South Fifth,Nakheel,Not Started,Standard,0.0,357,1,0,0,358,2025-05-30,2028-03-30,2025.0,2028.0,1035.0,False,True,False,False,False,,<30% built,0.0,0.0
822971587,,Bukadra,Meydan Group,Pending,Standard,0.0,0,0,0,0,0,2025-11-15,2028-10-30,2025.0,2028.0,1080.0,False,True,False,False,False,,<30% built,0.0,0.0
33541820,Bluewaters Island,Marsa Dubai,Meraas,Finished,Standard,100.0,751,10,0,0,761,2015-01-04,2019-02-13,2015.0,2019.0,1501.0,True,False,True,False,False,,>70% built,100.0,0.0
718739181,Jaddaf Waterfront,Al Jadaf,Dubai Properties,Not Started,Standard,0.0,124,1,0,0,125,2025-04-01,2027-06-30,2025.0,2027.0,820.0,False,True,False,False,False,,<30% built,0.0,0.0
103211813,DAMAC HILLS,Al Hebiah Third,DAMAC Crescent Properties,Finished,Standard,100.0,510,1,0,0,511,2017-10-22,2021-03-15,2017.0,2021.0,1240.0,True,False,True,False,False,,>70% built,100.0,0.0
11463005,DownTown Dubai,Burj Khalifa,Emaar Properties,Finished,Standard,100.0,449,1,0,0,450,2013-01-08,2020-02-10,2013.0,2020.0,2589.0,True,False,True,False,False,,>70% built,100.0,0.0
15659914,DAMAC HILLS 2,Madinat Hind 4,Front Line Investment Management,Finished,Standard,100.0,0,0,0,34,34,2015-06-01,2022-02-21,2015.0,2022.0,2457.0,True,False,True,False,False,,>70% built,100.0,0.0
531,Dubai Sports City,Al Hebiah Fourth,Dubai Sports City,Finished,Standard,100.0,400,1,0,0,401,2008-12-01,2015-10-29,2008.0,2015.0,2523.0,True,False,True,False,False,,>70% built,100.0,0.0
381859835,Arjan,Al Barshaa South Third,Liwan,Active,Standard,91.0,827,1,0,0,828,2021-10-18,2024-11-01,2021.0,2024.0,1110.0,False,True,False,True,False,21.1,>70% built,100.0,-9.0
527896240,Mina Rashid,Madinat Dubai Almelaheyah,Mina Rashid Real Estate,Active,Standard,19.0,478,3,0,0,481,2023-11-09,,2023.0,,,False,True,False,False,False,,<30% built,48.0,-29.0
568407730,Business Bay,Business Bay,Business Bay,Active,Standard,9.0,86,1,0,0,87,2024-01-09,2027-05-13,2024.0,2027.0,1220.0,False,True,False,False,False,,<30% built,8.0,1.0
703910009,Jumeirah Village Triangle,Al Barsha South Fifth,Jumeirah Village,Not Started,Standard,0.0,198,1,0,0,199,2025-06-01,2027-09-01,2025.0,2027.0,822.0,False,True,False,False,False,,<30% built,0.0,0.0
821018317,Jumeirah Village Circle,Al Barsha South Fourth,Jumeirah Village,Pending,Standard,0.0,0,0,0,0,0,2025-10-30,2028-02-29,2025.0,2028.0,852.0,False,True,False,False,False,,<30% built,0.0,0.0
818262481,Jumeirah Islands,Al Thanyah Fifth,Nakheel,Pending,Standard,0.0,0,0,0,0,0,2025-09-19,2029-12-31,2025.0,2029.0,1564.0,False,True,False,False,False,,<30% built,0.0,0.0
617881435,Al Furjan,Jabal Ali First,Al Furjan,Active,Standard,29.0,73,1,0,0,74,2024-06-15,2026-02-01,2024.0,2026.0,596.0,False,True,False,True,True,6.0,<30% built,8.0,21.0
596302407,TOWN SQUARE,Al Yelayiss 2,Nshama,Active,Standard,14.0,157,1,0,0,158,2024-09-25,,2024.0,,,False,True,False,False,False,,<30% built,8.0,6.0
1305,Barsha Heights,Al Thanyah First,TECOM Investments,Finished,Standard,100.0,185,1,0,0,186,2007-11-24,2012-07-08,2007.0,2012.0,1688.0,True,False,True,False,False,,>70% built,100.0,0.0
738178281,City Of Arabia,Wadi Al Safa 4,Ilyas & Mustafa Galadari Investment & Development,Not Started,Standard,0.0,579,1,0,0,580,2025-03-26,2027-03-26,2025.0,2027.0,730.0,False,True,False,False,False,,<30% built,0.0,0.0
1092,Jumeirah Village Circle,Al Barsha South Fourth,Jumeirah Village,Finished,Standard,100.0,0,0,18,0,18,2008-04-06,2010-12-19,2008.0,2010.0,987.0,True,False,True,False,False,,>70% built,100.0,0.0
1221,Liwan1,Wadi Al Safa 2,Remraam,Finished,Standard,100.0,62,2,0,0,64,2008-05-28,2013-09-26,2008.0,2013.0,1947.0,True,False,True,False,False,,>70% built,100.0,0.0
452248139,Arjan,Al Barshaa South Third,Liwan,Finished,Standard,100.0,271,1,0,0,272,2022-10-01,2024-09-30,2022.0,2024.0,730.0,True,False,True,False,False,,>70% built,100.0,0.0
642202799,,Al Hebiah Fifth,Wahat Al Jazeera Real Estate,Not Started,Standard,0.0,322,4,0,0,326,2024-11-18,2027-06-30,2024.0,2027.0,954.0,False,True,False,False,False,,<30% built,8.0,-8.0
799411925,Palm Deira,Palm Deira,Nakheel,Pending,Standard,0.0,79,1,0,0,80,2025-09-16,2025-12-31,2025.0,2025.0,106.0,False,True,False,True,True,7.1,<30% built,0.0,0.0
642818708,Dubai World Central,Madinat Al Mataar,Emaar Dubai South DWC,Active,Standard,5.0,590,2,0,0,592,2024-12-07,2028-10-31,2024.0,2028.0,1424.0,False,True,False,False,False,,<30% built,8.0,-3.0
176454817,SOBHA HARTLAND,Al Merkadh,Sobha,Finished,Standard,100.0,784,3,0,0,787,2018-08-16,2022-01-17,2018.0,2022.0,1250.0,True,False,True,False,False,,>70% built,100.0,0.0
73,Jumeirah Lakes Towers,Al Thanyah Fifth,Nakheel,Finished,Standard,100.0,121,1,0,0,122,2008-05-05,2009-02-04,2008.0,2009.0,275.0,True,False,True,False,False,,>70% built,100.0,0.0
32972196,Al Furjan,Jabal Ali First,Al Furjan,Finished,Standard,100.0,297,1,0,0,298,2016-08-14,2021-03-17,2016.0,2021.0,1676.0,True,False,True,False,False,,>70% built,100.0,0.0
1435,Jumeirah Village Circle,Al Barsha South Fourth,Nakheel,Finished,Standard,100.0,197,2,0,0,199,2008-02-09,2012-01-23,2008.0,2012.0,1444.0,True,False,True,False,False,,>70% built,100.0,0.0
468350016,Dubai Marina,Marsa Dubai,Emaar Properties,Active,Standard,77.0,205,1,0,0,206,2023-01-15,2025-06-30,2023.0,2025.0,897.0,False,True,False,True,False,13.1,>70% built,48.0,29.0
817311409,Palm Jabal Ali,Palm Jabal Ali,Nakheel,Pending,Standard,0.0,0,0,0,0,0,2025-12-05,2028-12-05,2025.0,2028.0,1096.0,False,True,False,False,False,,<30% built,0.0,0.0
1309,Business Bay,Business Bay,Business Bay,Finished,Standard,100.0,266,1,0,0,267,2009-01-26,2023-08-29,2009.0,2023.0,5328.0,True,False,True,False,False,,>70% built,100.0,0.0
353382169,Mohammed Bin Rashid AL Maktoum City -District -1 Community,Al Merkadh,Meydan Group,Finished,Standard,100.0,31,1,0,0,32,2021-10-01,2023-05-30,2021.0,2023.0,606.0,True,False,True,False,False,,>70% built,100.0,0.0
10567338,Jumeirah Islands,Al Thanyah Fifth,Jumeirah Islands,Finished,Standard,100.0,0,1,0,85,86,2013-09-17,2016-09-26,2013.0,2016.0,1105.0,True,False,True,False,False,,>70% built,100.0,0.0
376005635,TOWN SQUARE,Al Yelayiss 2,Nshama,Finished,Standard,100.0,0,0,364,45,409,2022-01-01,2023-11-30,2022.0,2023.0,698.0,True,False,True,False,False,,>70% built,100.0,0.0
189,Jumeirah Village Circle,Al Barsha South Fourth,Jumeirah Village,Finished,Standard,100.0,326,1,0,0,327,2008-02-19,2014-12-14,2008.0,2014.0,2490.0,True,False,True,False,False,,>70% built,100.0,0.0
696212190,Jumeirah Village Triangle,Al Barsha South Fifth,Nakheel,Not Started,Standard,0.0,522,2,0,0,524,2024-12-01,2027-12-25,2024.0,2027.0,1119.0,False,True,False,False,False,,<30% built,8.0,-8.0
647995307,Palm Deira,Palm Deira,Nakheel,Active,Standard,1.0,96,2,0,0,98,2024-01-12,2027-03-31,2024.0,2027.0,1174.0,False,True,False,False,False,,<30% built,8.0,-7.0
103155221,DAMAC HILLS,Al Hebiah Third,DAMAC Crescent Properties,Finished,Standard,100.0,0,0,29,291,320,2017-10-22,2023-01-31,2017.0,2023.0,1927.0,True,False,True,False,False,,>70% built,100.0,0.0
4664193,Living Legends,Wadi Al Safa 3,Dubailand,Active,Standard,67.0,648,3,0,2,653,2023-08-01,2026-07-16,2023.0,2026.0,1080.0,False,True,False,True,False,0.6,30-70% built,48.0,19.0
537383504,DAMAC HILLS,Al Hebiah Third,DAMAC Crescent Properties,Active,Standard,11.0,606,2,0,0,608,2023-12-28,,2023.0,,,False,True,False,False,False,,<30% built,48.0,-37.0
601602854,Jaddaf Waterfront,Al Jadaf,Culture Village,Active,Standard,11.0,108,1,0,0,109,2024-05-15,,2024.0,,,False,True,False,False,False,,<30% built,8.0,3.0
696,Jumeirah Village Circle,Al Barsha South Fourth,Nakheel,Finished,Standard,100.0,0,0,12,0,12,2009-10-25,2012-12-27,2009.0,2012.0,1159.0,True,False,True,False,False,,>70% built,100.0,0.0
493951836,Arjan,Al Barshaa South Third,Dubai Properties,Active,Standard,22.0,339,1,0,0,340,2023-04-01,2025-10-01,2023.0,2025.0,914.0,False,True,False,True,True,10.1,<30% built,48.0,-26.0
341900129,Mohammed Bin Rashid AL Maktoum City -District -1 Community,Al Merkadh,Meydan Group,Finished,Standard,100.0,73,1,0,0,74,2021-03-15,2023-12-30,2021.0,2023.0,1020.0,True,False,True,False,False,,>70% built,100.0,0.0
251577410,Mina Rashid,Madinat Dubai Almelaheyah,Mina Rashid Real Estate,Finished,Standard,100.0,302,5,0,0,307,2019-09-01,2025-09-30,2019.0,2025.0,2221.0,True,False,True,False,False,,>70% built,100.0,0.0
757448940,Palm Deira,Palm Deira,Palm Deira,Not Started,Standard,0.0,87,1,0,0,88,2025-09-07,2027-12-25,2025.0,2027.0,839.0,False,True,False,False,False,,<30% built,0.0,0.0
15208386,Mohammed Bin Rashid AL Maktoum District 11,Wadi Al Safa 3,Meydan City Corporation,Active,Standard,98.0,0,0,1028,171,1199,2014-12-01,2023-05-31,2014.0,2023.0,3103.0,False,True,False,True,False,38.1,>70% built,100.0,-2.0
483879895,The World,World Islands,Nakheel,Active,Standard,68.0,0,0,27,0,27,2023-03-01,2025-06-30,2023.0,2025.0,852.0,False,True,False,True,False,13.1,30-70% built,48.0,20.0
1074,Al Barari,Wadi Al Safa 3,Dubailand,Finished,Standard,100.0,0,0,0,0,0,2007-04-22,2012-02-27,2007.0,2012.0,1772.0,True,False,True,False,False,,>70% built,100.0,0.0
626809181,Palm Deira,Palm Deira,Nakheel,Active,Standard,5.0,165,1,0,0,166,2024-10-01,2026-09-30,2024.0,2026.0,729.0,False,True,False,False,False,,<30% built,8.0,-3.0
29500845,Al Furjan,Jabal Ali First,Al Furjan,Finished,Standard,100.0,426,2,0,0,428,2016-08-01,2020-10-22,2016.0,2020.0,1543.0,True,False,True,False,False,,>70% built,100.0,0.0
426449742,Al Furjan,Jabal Ali First,Al Furjan,Finished,Standard,100.0,105,1,0,0,106,2021-10-01,2023-06-30,2021.0,2023.0,637.0,True,False,True,False,False,,>70% built,100.0,0.0
332316159,TILAL AL GHAF,Al Hebiah Fourth,Majid Al Futtaim Communities,Finished,Standard,100.0,0,0,0,756,756,2021-06-30,2024-06-30,2021.0,2024.0,1096.0,True,False,True,False,False,,>70% built,100.0,0.0
570087901,Jumeirah Village Triangle,Al Barsha South Fifth,Jumeirah Village,Active,Standard,53.0,294,1,0,0,295,2023-10-04,2026-01-30,2023.0,2026.0,849.0,False,True,False,True,False,6.1,30-70% built,48.0,5.0
360152485,Al Furjan,Jabal Ali First,Nakheel,Finished,Standard,100.0,0,0,0,266,266,2021-10-01,2024-09-30,2021.0,2024.0,1095.0,True,False,True,False,False,,>70% built,100.0,0.0
540161163,Dubai Hills Estate,Hadaeq Sheikh Mohammed Bin Rashid,Dubai Hills Estate,Active,Standard,38.0,110,1,0,0,111,2023-10-05,,2023.0,,,False,True,False,False,False,,30-70% built,48.0,-10.0
804564832,Dubai World Central,Madinat Al Mataar,Dubai Aviation City Corporation,Not Started,Standard,0.0,0,0,112,38,150,2026-03-30,2028-07-30,2026.0,2028.0,853.0,False,True,False,False,False,,<30% built,0.0,0.0
731227382,Dubai Land Residence Complex,Wadi Al Safa 5,Dubailand Residences,Not Started,Standard,0.0,257,1,0,0,258,2025-07-30,2028-12-30,2025.0,2028.0,1249.0,False,True,False,False,False,,<30% built,0.0,0.0
138666154,Al Furjan,Jabal Ali First,Al Furjan,Finished,Standard,100.0,0,0,9,0,9,2017-06-02,2019-11-24,2017.0,2019.0,905.0,True,False,True,False,False,,>70% built,100.0,0.0
677087360,Jumeirah Village Circle,Al Barsha South Fourth,Jumeirah Village,Pending,Standard,37.0,0,0,0,0,0,2023-08-01,2025-10-15,2023.0,2025.0,806.0,False,True,False,True,False,9.6,30-70% built,48.0,-11.0
250978883,,Um Suqaim Third,Marsa Al Arab,Finished,Standard,100.0,0,0,0,8,8,2019-06-24,2022-12-30,2019.0,2022.0,1285.0,True,False,True,False,False,,>70% built,100.0,0.0
171,Jumeirah Golf Estates,Me'Aisem First,Jumeirah Golf Estates,Finished,Standard,100.0,0,0,0,67,67,2009-03-17,2016-02-01,2009.0,2016.0,2512.0,True,False,True,False,False,,>70% built,100.0,0.0
387696519,,Um Suqaim Third,Marsa Al Arab Residences,Finished,Standard,100.0,31,2,0,1,34,2019-01-21,2022-11-30,2019.0,2022.0,1409.0,True,False,True,False,False,,>70% built,100.0,0.0
426234647,Dubai Marina,Marsa Dubai,Emaar Properties,Active,Standard,54.0,447,1,0,0,448,2022-12-18,2026-12-31,2022.0,2026.0,1474.0,False,True,False,False,False,,30-70% built,100.0,-46.0
427303081,Meydan One Community,Al Merkadh,Meydan Group,Active,Standard,53.0,455,4,0,0,459,2022-07-01,2025-02-05,2022.0,2025.0,950.0,False,True,False,True,False,17.9,30-70% built,100.0,-47.0
79501150,Business Bay,Business Bay,Business Bay,Finished,Standard,100.0,894,1,0,0,895,2015-12-01,2021-01-17,2015.0,2021.0,1874.0,True,False,True,False,False,,>70% built,100.0,0.0
752039255,Dubai South Residential District,Madinat Al Mataar,Dubai Aviation City Corporation,Not Started,Standard,0.0,159,1,0,0,160,2025-07-01,2027-07-01,2025.0,2027.0,730.0,False,True,False,False,False,,<30% built,0.0,0.0
660443512,Mina Rashid,Madinat Dubai Almelaheyah,Mina Rashid Real Estate,Not Started,Standard,0.0,121,1,0,0,122,2025-02-22,2028-10-31,2025.0,2028.0,1347.0,False,True,False,False,False,,<30% built,0.0,0.0
21187491,TOWN SQUARE,Al Yelayiss 2,Nshama Development,Finished,Standard,100.0,587,4,0,39,630,2015-08-01,2019-02-09,2015.0,2019.0,1288.0,True,False,True,False,False,,>70% built,100.0,0.0
469339459,Dubai Land Residence Complex,Wadi Al Safa 5,Dubailand Residences,Active,Standard,59.0,304,1,0,0,305,2023-01-01,2026-06-01,2023.0,2026.0,1247.0,False,True,False,True,False,2.1,30-70% built,48.0,11.0
480,Business Bay,Business Bay,Dubai Properties,Finished,Standard,100.0,92,1,0,0,93,2007-07-25,2010-12-30,2007.0,2010.0,1254.0,True,False,True,False,False,,>70% built,100.0,0.0
10728287,Arabian Ranches II - ROSA,Wadi Al Safa 7,Emaar Properties,Finished,Standard,100.0,0,0,0,144,144,2014-12-01,2016-10-15,2014.0,2016.0,684.0,True,False,True,False,False,,>70% built,100.0,0.0
334,Dubai Sports City,Al Hebiah Fourth,Dubai Sports City,Finished,Standard,100.0,354,1,0,0,355,2008-09-25,2014-03-07,2008.0,2014.0,1989.0,True,False,True,False,False,,>70% built,100.0,0.0
349899206,Mohammed Bin Rashid AL Maktoum City -District -1 Community,Al Merkadh,Meydan Group,Finished,Standard,100.0,31,1,0,0,32,2021-06-01,2022-12-30,2021.0,2022.0,577.0,True,False,True,False,False,,>70% built,100.0,0.0
156209294,DUBAI HILLS - GOLF PLACE,Hadaeq Sheikh Mohammed Bin Rashid,Dubai Hills Estate,Finished,Standard,100.0,0,0,0,157,157,2018-01-12,2023-02-28,2018.0,2023.0,1873.0,True,False,True,False,False,,>70% built,100.0,0.0
843,Silicon Oasis,Nadd Hessa,Dubai Integrated Economic Zones,Finished,Standard,100.0,0,2,0,0,2,2007-12-04,2009-12-03,2007.0,2009.0,730.0,True,False,True,False,False,,>70% built,100.0,0.0
564143697,,Wadi Al Safa 5,Dubailand,Active,Standard,2.0,0,0,474,188,662,2024-04-30,,2024.0,,,False,True,False,False,False,,<30% built,8.0,-6.0
28943491,Dubai Marina,Marsa Dubai,Emaar Properties,Active,Standard,99.0,1019,1,0,0,1020,2016-11-01,2025-04-30,2016.0,2025.0,3102.0,False,True,False,True,False,15.1,>70% built,100.0,-1.0
535046487,Jumeirah Village Circle,Al Barsha South Fourth,Jumeirah Village,Finished,Standard,100.0,279,1,0,0,280,2023-10-25,,2023.0,,,True,False,True,False,False,,>70% built,48.0,52.0
684696034,Palm Deira,Palm Deira,Palm Deira,Not Started,Standard,0.0,109,1,0,0,110,2025-01-01,2027-04-01,2025.0,2027.0,820.0,False,True,False,False,False,,<30% built,0.0,0.0
724525874,Mohammed Bin Rashid AL Maktoum District 11,Wadi Al Safa 3,Meydan Group,Not Started,Standard,0.0,0,0,30,0,30,2025-05-30,2027-04-30,2025.0,2027.0,700.0,False,True,False,False,False,,<30% built,0.0,0.0
713035396,Jumeirah Village Circle,Al Barsha South Fourth,Nakheel,Not Started,Standard,0.0,628,1,0,0,629,2025-01-01,2026-02-28,2025.0,2026.0,423.0,False,True,False,True,True,5.2,<30% built,0.0,0.0
419746957,Palm Jumeirah,Palm Jumeirah,Nakheel,Active,Standard,64.0,284,2,0,0,286,2022-12-01,2026-12-31,2022.0,2026.0,1491.0,False,True,False,False,False,,30-70% built,100.0,-36.0
670966632,Business Bay,Business Bay,Business Bay,Not Started,Standard,0.0,3333,4,0,0,3337,2024-10-15,2026-12-31,2024.0,2026.0,807.0,False,True,False,False,False,,<30% built,8.0,-8.0
279179556,Jumeirah Village Circle,Al Barsha South Fourth,Jumeirah Village,Finished,Standard,100.0,219,1,0,0,220,2018-12-25,2021-03-30,2018.0,2021.0,826.0,True,False,True,False,False,,>70% built,100.0,0.0
367249701,Al Furjan,Jabal Ali First,Nakheel,Finished,Standard,100.0,0,0,0,521,521,2021-11-30,2024-09-24,2021.0,2024.0,1029.0,True,False,True,False,False,,>70% built,100.0,0.0
449,Business Bay,Business Bay,Business Bay,Finished,Standard,100.0,228,2,0,0,230,2010-04-01,2013-02-05,2010.0,2013.0,1041.0,True,False,True,False,False,,>70% built,100.0,0.0
759604420,Dubai Sports City,Al Hebiah Fourth,Dubai Sports City,Not Started,Standard,0.0,280,1,0,0,281,2025-07-21,2028-03-30,2025.0,2028.0,983.0,False,True,False,False,False,,<30% built,0.0,0.0
88164755,Jumeirah Village Triangle,Al Barsha South Fifth,Jumeirah Village,Active,Standard,63.0,69,1,0,0,70,2023-04-04,,2023.0,,,False,True,False,False,False,,30-70% built,48.0,15.0
221705794,Meydan One Community,Al Merkadh,Meydan Group,Finished,Standard,100.0,165,1,0,0,166,2018-12-12,2024-05-16,2018.0,2024.0,1982.0,True,False,True,False,False,,>70% built,100.0,0.0
724289374,Jumeirah Village Circle,Al Barsha South Fourth,Jumeirah Village,Not Started,Standard,0.0,121,1,0,0,122,2025-05-20,2028-05-19,2025.0,2028.0,1095.0,False,True,False,False,False,,<30% built,0.0,0.0
513380639,Arjan,Al Barshaa South Third,Liwan,Active,Standard,5.0,708,1,0,0,709,2023-06-20,,2023.0,,,False,True,False,False,False,,<30% built,48.0,-43.0
848,Dubai Sports City,Al Hebiah Fourth,Dubai Sports City,Finished,Standard,100.0,333,1,1,0,335,2009-06-01,2015-11-30,2009.0,2015.0,2373.0,True,False,True,False,False,,>70% built,100.0,0.0
307,Majan,Wadi Al Safa 3,Remraam,Finished,Standard,100.0,123,2,0,0,125,2010-04-01,2013-09-25,2010.0,2013.0,1273.0,True,False,True,False,False,,>70% built,100.0,0.0
774113052,International City Phase 3,Warsan Fourth,International City,Pending,Standard,0.0,0,0,0,0,0,2025-08-01,2027-01-31,2025.0,2027.0,548.0,False,True,False,False,False,,<30% built,0.0,0.0
661560345,TOWN SQUARE,Al Yelayiss 2,Nshama,Not Started,Standard,0.0,149,1,0,0,150,2025-03-04,2027-06-30,2025.0,2027.0,848.0,False,True,False,False,False,,<30% built,0.0,0.0
795201315,Dubai Land Residence Complex,Wadi Al Safa 5,Dubailand Residences,Not Started,Standard,0.0,159,1,0,0,160,2025-10-31,2027-10-31,2025.0,2027.0,730.0,False,True,False,False,False,,<30% built,0.0,0.0
399688749,DAMAC HILLS 2,Madinat Hind 4,Front Line Investment Management,Finished,Standard,100.0,0,0,0,104,104,2022-05-01,2024-01-29,2022.0,2024.0,638.0,True,False,True,False,False,,>70% built,100.0,0.0
777203697,Al Furjan,Jabal Ali First,Nakheel,Not Started,Standard,0.0,104,1,0,0,105,2025-06-17,2027-06-17,2025.0,2027.0,730.0,False,True,False,False,False,,<30% built,0.0,0.0
747771546,Dubai World Central,Madinat Al Mataar,Dubai Aviation City Corporation,Not Started,Standard,0.0,571,4,0,0,575,2025-10-30,2028-06-30,2025.0,2028.0,974.0,False,True,False,False,False,,<30% built,0.0,0.0
733839859,Dubai Land Residence Complex,Wadi Al Safa 5,Dubailand Residences,Active,Standard,31.0,120,1,0,0,121,2024-10-24,2026-04-23,2024.0,2026.0,546.0,False,True,False,True,False,3.4,30-70% built,8.0,23.0
494399216,Business Bay,Business Bay,Business Bay,Active,Standard,27.0,53,1,0,0,54,2023-10-31,2026-04-01,2023.0,2026.0,883.0,False,True,False,True,True,4.1,<30% built,48.0,-21.0
680354260,,Mirdif,Dubailand,Not Started,Standard,0.0,193,1,0,0,194,2025-05-05,2027-05-05,2025.0,2027.0,730.0,False,True,False,False,False,,<30% built,0.0,0.0
1195,Liwan1,Wadi Al Safa 2,Remraam,Finished,Standard,100.0,96,1,0,0,97,2009-02-24,2014-04-21,2009.0,2014.0,1882.0,True,False,True,False,False,,>70% built,100.0,0.0
604502650,Silicon Oasis,Nadd Hessa,Dubai Integrated Economic Zones,Active,Standard,93.0,123,1,0,0,124,2023-10-23,2025-09-22,2023.0,2025.0,700.0,False,True,False,True,False,10.4,>70% built,48.0,45.0
618021067,Motor City,Al Hebiah First,Union Properties PJSC,Active,Standard,1.0,822,4,0,0,826,2024-07-15,2027-12-31,2024.0,2027.0,1264.0,False,True,False,False,False,,<30% built,8.0,-7.0
493555992,Sufouh Gardens,Al Safouh First,DHAM (Dubai Holding Asset Management),Active,Standard,76.0,477,1,0,0,478,2022-06-01,2026-01-29,2022.0,2026.0,1338.0,False,True,False,True,False,6.1,>70% built,100.0,-24.0
272782953,,Wadi Al Safa 5,Dubai Properties,Finished,Standard,100.0,0,0,276,56,332,2019-11-21,2023-10-31,2019.0,2023.0,1440.0,True,False,True,False,False,,>70% built,100.0,0.0
685213963,Al Furjan,Jabal Ali First,Al Furjan,Not Started,Standard,0.0,58,1,0,0,59,2025-01-15,2027-01-14,2025.0,2027.0,729.0,False,True,False,False,False,,<30% built,0.0,0.0
166477509,Meydan Racecourse Community,Nad Al Shiba First,Meydan Group,Finished,Standard,100.0,124,1,0,0,125,2018-02-01,2024-01-18,2018.0,2024.0,2177.0,True,False,True,False,False,,>70% built,100.0,0.0
4641414,,Wadi Al Safa 6,Emaar Properties,Finished,Standard,100.0,0,0,62,19,81,2012-09-01,2013-02-13,2012.0,2013.0,165.0,True,False,True,False,False,,>70% built,100.0,0.0
6868662,Arabian Ranches II - SAMARA,Wadi Al Safa 7,Emaar Properties,Finished,Standard,100.0,0,2,0,177,179,2013-05-01,2017-10-01,2013.0,2017.0,1614.0,True,False,True,False,False,,>70% built,100.0,0.0
416468963,Dubai Investment Park First,Dubai Investment Park First,Dubai Investments Park Development,Active,Standard,69.0,0,0,178,0,178,2022-07-01,2025-12-31,2022.0,2025.0,1279.0,False,True,False,True,False,7.1,30-70% built,100.0,-31.0
196526130,Dubai World Central,Madinat Al Mataar,Emaar Dubai South DWC,Finished,Standard,100.0,0,0,371,56,427,2018-12-19,2021-12-31,2018.0,2021.0,1108.0,True,False,True,False,False,,>70% built,100.0,0.0
752963854,Dubai World Central,Madinat Al Mataar,Dubai Aviation City Corporation,Not Started,Standard,0.0,249,1,0,0,250,2025-11-01,2028-10-31,2025.0,2028.0,1095.0,False,True,False,False,False,,<30% built,0.0,0.0
531529275,Jumeirah Village Triangle,Al Barsha South Fifth,Nakheel,Finished,Standard,100.0,59,1,0,0,60,2022-10-15,2024-10-15,2022.0,2024.0,731.0,True,False,True,False,False,,>70% built,100.0,0.0
341905778,Mohammed Bin Rashid AL Maktoum City -District -1 Community,Al Merkadh,Meydan Group,Finished,Standard,100.0,130,1,0,0,131,2021-03-15,2023-12-30,2021.0,2023.0,1020.0,True,False,True,False,False,,>70% built,100.0,0.0
147848681,Jumeirah Lakes Towers,Al Thanyah Fifth,DMCC (Dubai Multi Commodities Centre),Finished,Standard,100.0,236,1,0,0,237,2016-11-15,2020-05-15,2016.0,2020.0,1277.0,True,False,True,False,False,,>70% built,100.0,0.0
773735747,Jumeirah Golf Estates - Phase B,Me'Aisem First,JGE Real Estate,Not Started,Standard,0.0,0,0,0,246,246,2026-03-18,2028-11-17,2026.0,2028.0,975.0,False,True,False,False,False,,<30% built,0.0,0.0
32536935,Jumeirah Village Triangle,Al Barsha South Fifth,Jumeirah Village,Finished,Standard,100.0,0,0,8,0,8,2016-06-01,2017-11-26,2016.0,2017.0,543.0,True,False,True,False,False,,>70% built,100.0,0.0
668,,Saih Shuaib 2,TECOM Investments,Active,Standard,81.0,0,0,84,0,84,2009-03-28,2013-06-30,2009.0,2013.0,1555.0,False,True,False,True,False,157.1,>70% built,100.0,-19.0
623759429,Dubai Land Residence Complex,Wadi Al Safa 5,Dubailand Residences,Not Started,Standard,0.0,195,1,0,0,196,2024-08-01,2027-04-01,2024.0,2027.0,973.0,False,True,False,False,False,,<30% built,8.0,-8.0
98109046,Jumeirah Village Circle,Al Barsha South Fourth,Jumeirah Village,Finished,Standard,100.0,110,1,0,0,111,2016-09-02,2019-01-21,2016.0,2019.0,871.0,True,False,True,False,False,,>70% built,100.0,0.0
686444882,Majan,Wadi Al Safa 3,Liwan,Active,Standard,4.0,601,1,0,0,602,2025-04-01,2028-03-31,2025.0,2028.0,1095.0,False,True,False,False,False,,<30% built,0.0,4.0
600336168,Living Legends,Wadi Al Safa 3,Tanmiyat Global Real Estate Development,Finished,Standard,100.0,0,0,9,0,9,2023-11-15,2025-03-02,2023.0,2025.0,473.0,True,False,True,False,False,,>70% built,48.0,52.0
759681348,Jumeirah Village Circle,Al Barsha South Fourth,Jumeirah Village,Not Started,Standard,0.0,69,1,0,0,70,2025-04-01,2028-04-30,2025.0,2028.0,1125.0,False,True,False,False,False,,<30% built,0.0,0.0
546432220,Arjan,Al Barshaa South Third,Liwan,Active,Standard,79.0,171,1,0,0,172,2023-10-05,,2023.0,,,False,True,False,False,False,,>70% built,48.0,31.0
535118592,,Wadi Al Safa 3,Dubailand,Pending,Standard,2.0,0,0,0,0,0,2023-06-01,,2023.0,,,False,True,False,False,False,,<30% built,48.0,-46.0
537921241,,Burj Khalifa,DAMAC CSL Investment,Active,Standard,13.0,414,1,0,0,415,2023-12-13,,2023.0,,,False,True,False,False,False,,<30% built,48.0,-35.0
419907072,,Al Yufrah 1,Emaar Development,Finished,Standard,100.0,0,0,308,35,343,2022-09-22,2025-12-31,2022.0,2025.0,1196.0,True,False,True,False,False,,>70% built,100.0,0.0
619347346,,Al Hebiah Fifth,Wahat Al Jazeera Real Estate,Active,Standard,11.0,108,2,0,0,110,2024-08-21,2027-03-31,2024.0,2027.0,952.0,False,True,False,False,False,,<30% built,8.0,3.0
10534026,Palm Jumeirah,Palm Jumeirah,Palm Jumeirah,Finished,Standard,100.0,387,1,0,0,388,2013-09-25,2019-05-15,2013.0,2019.0,2058.0,True,False,True,False,False,,>70% built,100.0,0.0
639839322,,Ghadeer Al tair,Meydan Group,Active,Standard,5.0,0,0,0,228,228,2024-11-20,2027-11-19,2024.0,2027.0,1094.0,False,True,False,False,False,,<30% built,8.0,-3.0
29172452,SOBHA HARTLAND,Al Merkadh,Sobha,Finished,Standard,100.0,140,1,0,0,141,2016-01-20,2018-10-07,2016.0,2018.0,991.0,True,False,True,False,False,,>70% built,100.0,0.0
243319209,DAMAC HILLS,Al Hebiah Third,DAMAC Crescent Properties,Finished,Standard,100.0,0,0,0,10,10,2016-09-02,2022-06-28,2016.0,2022.0,2125.0,True,False,True,False,False,,>70% built,100.0,0.0
677602939,,Dubai Investment Park Second,DAMAC Meree Investment,Not Started,Standard,0.0,276,1,0,0,277,2025-01-29,2028-05-31,2025.0,2028.0,1218.0,False,True,False,False,False,,<30% built,0.0,0.0
11554308,,Wadi Al Safa 3,Dubailand,Finished,Standard,100.0,223,1,0,0,224,2014-06-01,2020-09-08,2014.0,2020.0,2291.0,True,False,True,False,False,,>70% built,100.0,0.0
534411400,Arjan,Al Barshaa South Third,Dubai Properties,Active,Standard,94.0,288,1,0,0,289,2023-10-01,2026-02-01,2023.0,2026.0,854.0,False,True,False,True,False,6.0,>70% built,48.0,46.0
353403713,Mohammed Bin Rashid AL Maktoum City -District -1 Community,Al Merkadh,Meydan Group,Finished,Standard,100.0,31,1,0,0,32,2021-06-01,2022-12-30,2021.0,2022.0,577.0,True,False,True,False,False,,>70% built,100.0,0.0
12312948,,Al Yelayiss 1,Al Aryam (Phase 2),Finished,Standard,100.0,0,0,483,80,563,2016-06-01,2020-01-19,2016.0,2020.0,1327.0,True,False,True,False,False,,>70% built,100.0,0.0
662231302,Majan,Wadi Al Safa 3,Liwan,Active,Standard,4.0,216,1,0,0,217,2024-08-01,2026-12-31,2024.0,2026.0,882.0,False,True,False,False,False,,<30% built,8.0,-4.0
598719305,Palm Deira,Palm Deira,Nakheel,Active,Standard,13.0,97,1,0,0,98,2024-06-30,2026-08-31,2024.0,2026.0,792.0,False,True,False,False,False,,<30% built,8.0,5.0
705223814,Mohammed Bin Rashid AL Maktoum District 11,Wadi Al Safa 3,Meydan Group,Not Started,Standard,0.0,0,0,46,0,46,2025-04-15,2027-11-15,2025.0,2027.0,944.0,False,True,False,False,False,,<30% built,0.0,0.0
616,Dubai Sports City,Al Hebiah Fourth,Dubai Sports City,Finished,Standard,100.0,236,1,0,0,237,2010-01-01,2015-09-27,2010.0,2015.0,2095.0,True,False,True,False,False,,>70% built,100.0,0.0
747341347,International City Phase 3,Warsan Fourth,International City,Active,Standard,3.0,267,1,0,0,268,2025-03-01,2028-03-01,2025.0,2028.0,1096.0,False,True,False,False,False,,<30% built,0.0,3.0
171188884,TILAL AL GHAF,Al Hebiah Fourth,Majid Al Futtaim Communities,Active,Standard,80.0,0,0,0,97,97,2018-09-01,2025-03-31,2018.0,2025.0,2403.0,False,True,False,True,False,16.1,>70% built,100.0,-20.0
503401600,Jumeirah Village Circle,Al Barsha South Fourth,Jumeirah Village,Conditional Activating,Standard,32.0,193,1,0,0,194,2023-04-15,2026-04-14,2023.0,2026.0,1095.0,False,True,False,True,False,3.7,30-70% built,48.0,-16.0
15172400,Jumeirah Village Circle,Al Barsha South Fourth,Jumeirah Village,Finished,Standard,100.0,0,0,13,0,13,2015-05-01,2017-06-30,2015.0,2017.0,791.0,True,False,True,False,False,,>70% built,100.0,0.0
478663836,Jumeirah Village Circle,Al Barsha South Fourth,Jumeirah Village,Finished,Standard,100.0,328,1,0,0,329,2022-12-15,2024-02-28,2022.0,2024.0,440.0,True,False,True,False,False,,>70% built,100.0,0.0
484054660,Palm Jabal Ali,Palm Jabal Ali,Nakheel,Active,Standard,2.0,0,0,0,89,89,2023-09-13,2027-09-29,2023.0,2027.0,1477.0,False,True,False,False,False,,<30% built,48.0,-46.0
481389865,Nad Al Sheba Gardens,Nad Al Shiba First,Meraas,Finished,Standard,100.0,0,0,22,2,24,2023-07-01,2025-01-15,2023.0,2025.0,564.0,True,False,True,False,False,,>70% built,48.0,52.0
28129567,DUBAI HILLS - SIDRA 1,Hadaeq Sheikh Mohammed Bin Rashid,Dubai Hills Estate,Finished,Standard,100.0,0,0,461,520,981,2016-10-11,2019-06-26,2016.0,2019.0,988.0,True,False,True,False,False,,>70% built,100.0,0.0
93403459,Liwan1,Wadi Al Safa 2,Liwan,Finished,Standard,100.0,99,1,0,0,100,2016-08-01,2017-10-26,2016.0,2017.0,451.0,True,False,True,False,False,,>70% built,100.0,0.0
326654204,Al Barari,Wadi Al Safa 3,Dubai Properties,Pending,Standard,5.0,0,0,0,0,0,2020-11-15,,2020.0,,,False,True,False,False,False,,<30% built,100.0,-95.0
644977779,,Al Hebiah Fifth,Wahat Al Jazeera Real Estate,Not Started,Standard,0.0,527,2,0,0,529,2024-11-05,2028-02-28,2024.0,2028.0,1210.0,False,True,False,False,False,,<30% built,8.0,-8.0
574528300,Al Furjan,Jabal Ali First,Al Furjan,Active,Standard,46.0,118,1,0,0,119,2023-09-30,,2023.0,,,False,True,False,False,False,,30-70% built,48.0,-2.0
402637910,Business Bay,Business Bay,Business Bay,Finished,Standard,100.0,306,1,0,0,307,2022-01-28,2023-06-30,2022.0,2023.0,518.0,True,False,True,False,False,,>70% built,100.0,0.0
510,Dubai Sports City,Al Hebiah Fourth,Dubai Sports City,Active,Standard,96.0,394,1,0,0,395,2008-05-05,2022-08-31,2008.0,2022.0,5231.0,False,True,False,True,False,47.1,>70% built,100.0,-4.0
46379371,Dubai Creek Harbour,Al Khairan First,The Lagoons (Phase 1),Finished,Standard,100.0,547,3,0,0,550,2017-04-17,2022-06-30,2017.0,2022.0,1900.0,True,False,True,False,False,,>70% built,100.0,0.0
450857491,Arjan,Al Barshaa South Third,Liwan,Active,Standard,32.0,415,1,0,0,416,2022-12-01,2025-06-01,2022.0,2025.0,913.0,False,True,False,True,False,14.1,30-70% built,100.0,-68.0
741307865,,Dubai Investment Park Second,DAMAC Meree Investment,Not Started,Standard,0.0,335,2,0,0,337,2025-08-11,2029-03-31,2025.0,2029.0,1328.0,False,True,False,False,False,,<30% built,0.0,0.0
547036150,Dubai World Central,Madinat Al Mataar,Dubai Aviation City Corporation,Active,Standard,45.0,484,2,0,0,486,2023-10-13,2025-10-30,2023.0,2025.0,748.0,False,True,False,True,False,9.1,30-70% built,48.0,-3.0
228999695,Arjan,Al Barshaa South Third,Liwan,Finished,Standard,100.0,150,1,0,0,151,2018-05-19,2020-05-31,2018.0,2020.0,743.0,True,False,True,False,False,,>70% built,100.0,0.0
395643173,Liwan1,Wadi Al Safa 2,Liwan,Finished,Standard,72.0,24,1,0,0,25,2021-11-28,,2021.0,,,True,False,False,False,False,,>70% built,100.0,-28.0
768638382,Dubai South Residential District,Madinat Al Mataar,Dubai Aviation City Corporation,Pending,Standard,0.0,0,0,0,0,0,2025-09-15,2027-03-15,2025.0,2027.0,546.0,False,True,False,False,False,,<30% built,0.0,0.0
544736990,Wasl Gate,Jabal Ali First,JAG Development,Active,Standard,3.0,306,5,0,0,311,2024-01-01,,2024.0,,,False,True,False,False,False,,<30% built,8.0,-5.0
741184891,,Dubai Investment Park Second,DAMAC Meree Investment,Not Started,Standard,0.0,824,5,0,0,829,2025-08-11,2029-03-31,2025.0,2029.0,1328.0,False,True,False,False,False,,<30% built,0.0,0.0
393746570,Dubai Studio City,Al Hebiah Second,TECOM Investments,Finished,Standard,100.0,396,1,0,0,397,2017-10-03,2023-11-30,2017.0,2023.0,2249.0,True,False,True,False,False,,>70% built,100.0,0.0
578534848,Springs - 2,Al Thanayah Fourth,Emaar Properties,Finished,Standard,100.0,0,0,322,85,407,2002-01-01,2005-01-01,2002.0,2005.0,1096.0,True,False,True,False,False,,>70% built,100.0,0.0
1089,Jumeirah Village Circle,Al Barsha South Fourth,Jumeirah Village,Finished,Standard,100.0,0,0,16,0,16,2008-04-06,2010-12-18,2008.0,2010.0,986.0,True,False,True,False,False,,>70% built,100.0,0.0
718359411,Al Furjan,Jabal Ali First,Al Furjan,Not Started,Standard,0.0,104,1,0,0,105,2025-04-01,2028-06-30,2025.0,2028.0,1186.0,False,True,False,False,False,,<30% built,0.0,0.0
810957869,Dubai Land Residence Complex,Wadi Al Safa 5,Dubailand Residences,Pending,Standard,0.0,94,1,0,0,95,2026-03-01,2028-09-30,2026.0,2028.0,944.0,False,True,False,False,False,,<30% built,0.0,0.0
603436700,Jumeirah Village Circle,Al Barsha South Fourth,Jumeirah Village,Active,Standard,44.0,228,1,0,0,229,2024-02-29,2026-05-01,2024.0,2026.0,792.0,False,True,False,True,False,3.1,30-70% built,8.0,36.0
278,International City Phase 1,Al Warsan First,Nakheel,Finished,Standard,100.0,145,1,0,0,146,2007-01-07,2010-12-06,2007.0,2010.0,1429.0,True,False,True,False,False,,>70% built,100.0,0.0
243175964,,Wadi Al Safa 5,Emaar Development,Finished,Standard,100.0,0,0,486,83,569,2019-08-15,2022-08-30,2019.0,2022.0,1111.0,True,False,True,False,False,,>70% built,100.0,0.0
581913364,,Ras Al Khor Industrial First,Sobha,Active,Standard,41.0,3057,6,0,0,3063,2023-09-01,,2023.0,,,False,True,False,False,False,,30-70% built,48.0,-7.0
5368995,DownTown Dubai,Burj Khalifa,Emaar Properties,Finished,Standard,100.0,543,1,0,0,544,2012-11-01,2017-03-26,2012.0,2017.0,1606.0,True,False,True,False,False,,>70% built,100.0,0.0
712191486,Motor City,Al Hebiah First,Union Properties PJSC,Not Started,Standard,0.0,440,1,0,0,441,2025-03-30,2028-09-30,2025.0,2028.0,1280.0,False,True,False,False,False,,<30% built,0.0,0.0
289,Jumeirah Village Triangle,Al Barsha South Fifth,Jumeirah Village,Pending,Standard,92.0,92,1,0,0,93,2008-10-29,2025-12-31,2008.0,2025.0,6272.0,False,True,False,True,False,7.1,>70% built,100.0,-8.0
93,,Zaabeel Second,ETA Star Real Estate Development,Finished,Standard,100.0,0,0,0,0,0,2007-08-27,2009-03-09,2007.0,2009.0,560.0,True,False,True,False,False,,>70% built,100.0,0.0
719405069,Jumeirah Garden City,Al Satwa,Meraas,Not Started,Standard,0.0,84,1,0,0,85,2025-04-01,2027-08-31,2025.0,2027.0,882.0,False,True,False,False,False,,<30% built,0.0,0.0
704,Dubai Sports City,Al Hebiah Fourth,Dubai Sports City,Finished,Standard,100.0,330,1,0,0,331,2008-02-11,2015-11-15,2008.0,2015.0,2834.0,True,False,True,False,False,,>70% built,100.0,0.0
423243753,SOBHA HARTLAND,Al Merkadh,Sobha,Finished,Standard,100.0,127,1,0,0,128,2022-06-14,2024-12-31,2022.0,2024.0,931.0,True,False,True,False,False,,>70% built,100.0,0.0
769845117,Jumeirah Village Circle,Al Barsha South Fourth,Nakheel,Pending,Standard,31.0,0,0,0,0,0,2025-09-01,2026-10-30,2025.0,2026.0,424.0,False,True,False,False,False,,30-70% built,0.0,31.0
611252290,Palm Deira,Palm Deira,Nakheel,Active,Standard,16.0,148,1,0,0,149,2024-10-01,,2024.0,,,False,True,False,False,False,,<30% built,8.0,8.0
782025321,,Nad Al Shiba First,Shamal Real Estate,Not Started,Standard,0.0,0,0,201,152,353,2025-09-01,2028-10-01,2025.0,2028.0,1126.0,False,True,False,False,False,,<30% built,0.0,0.0
520083655,Dubai Investment Park First,Dubai Investment Park First,Dubai Investments Park Development,Active,Standard,23.0,0,0,209,0,209,2023-12-31,,2023.0,,,False,True,False,False,False,,<30% built,48.0,-25.0
21205417,DAMAC HILLS 2,Madinat Hind 4,Front Line Investment Management,Finished,Standard,100.0,0,0,0,639,639,2015-09-01,2022-02-10,2015.0,2022.0,2354.0,True,False,True,False,False,,>70% built,100.0,0.0
1142,Dubai Sports City,Al Hebiah Fourth,Gulf General Investments (GGICO),Finished,Standard,100.0,126,1,0,0,127,2007-09-29,2010-11-10,2007.0,2010.0,1138.0,True,False,True,False,False,,>70% built,100.0,0.0
640582156,Dubai Land Residence Complex,Wadi Al Safa 5,Dubailand Residences,Pending,Standard,0.0,0,0,0,0,0,2025-07-01,2028-12-31,2025.0,2028.0,1279.0,False,True,False,False,False,,<30% built,0.0,0.0
748955420,Nad Al Sheba Gardens,Nad Al Shiba First,Shamal Real Estate,Not Started,Standard,0.0,46,1,0,0,47,2025-09-15,2027-09-15,2025.0,2027.0,730.0,False,True,False,False,False,,<30% built,0.0,0.0
571070189,International Media Production Zone,Me'Aisem First,DHAM (Dubai Holding Asset Management),Active,Standard,2.0,969,2,0,0,971,2025-05-01,2028-05-30,2025.0,2028.0,1125.0,False,True,False,False,False,,<30% built,0.0,2.0
105619556,Dubai Hills Estate,Hadaeq Sheikh Mohammed Bin Rashid,Dubai Hills Estate,Finished,Standard,100.0,1056,3,0,0,1059,2017-11-01,2022-05-08,2017.0,2022.0,1649.0,True,False,True,False,False,,>70% built,100.0,0.0
507696551,Jumeirah Village Circle,Al Barsha South Fourth,Jumeirah Village,Finished,Standard,100.0,658,1,0,0,659,2023-06-01,2024-10-30,2023.0,2024.0,517.0,True,False,True,False,False,,>70% built,48.0,52.0
53,Business Bay,Business Bay,Dubai Properties,Finished,Standard,100.0,224,1,0,0,225,2007-08-16,2011-03-13,2007.0,2011.0,1305.0,True,False,True,False,False,,>70% built,100.0,0.0
679897153,Mina Rashid,Madinat Dubai Almelaheyah,Mina Rashid Real Estate,Not Started,Standard,0.0,180,1,0,0,181,2025-04-24,2028-12-31,2025.0,2028.0,1347.0,False,True,False,False,False,,<30% built,0.0,0.0
447576608,,Al Hebiah Fifth,Wahat Al Jazeera Real Estate,Active,Standard,54.0,0,0,0,608,608,2023-02-12,2025-12-31,2023.0,2025.0,1053.0,False,True,False,True,False,7.1,30-70% built,48.0,6.0
16513925,International City Phase 1,Al Warsan First,International City,Finished,Standard,100.0,120,1,0,0,121,2014-12-27,2016-08-31,2014.0,2016.0,613.0,True,False,True,False,False,,>70% built,100.0,0.0
220522253,Meydan One Community,Al Merkadh,Meydan Group,Finished,Standard,100.0,234,1,0,0,235,2018-12-12,2023-06-30,2018.0,2023.0,1661.0,True,False,True,False,False,,>70% built,100.0,0.0
258360050,Dubai Creek Harbour,Al Khairan First,Dubai Creek Harbour,Finished,Standard,100.0,173,2,0,0,175,2019-09-24,2023-03-07,2019.0,2023.0,1260.0,True,False,True,False,False,,>70% built,100.0,0.0
641369288,Majan,Wadi Al Safa 3,Liwan,Active,Standard,2.0,313,1,0,0,314,2025-01-01,2026-12-31,2025.0,2026.0,729.0,False,True,False,False,False,,<30% built,0.0,2.0
239669336,International City Phase 1,Al Warsan First,International City,Finished,Standard,100.0,0,0,0,0,0,2017-11-13,2020-02-11,2017.0,2020.0,820.0,True,False,True,False,False,,>70% built,100.0,0.0
803277746,,Wadi Al Safa 5,Dubailand,Not Started,Standard,0.0,407,2,0,0,409,2026-01-15,2030-01-30,2026.0,2030.0,1476.0,False,True,False,False,False,,<30% built,0.0,0.0
14590316,Silicon Oasis,Nadd Hessa,Dubai Integrated Economic Zones,Finished,Standard,100.0,120,1,0,0,121,2013-09-08,2016-10-31,2013.0,2016.0,1149.0,True,False,True,False,False,,>70% built,100.0,0.0
491272320,Dubai Creek Harbour,Al Khairan First,The Lagoons (Phase 1),Active,Standard,50.0,453,1,0,0,454,2023-08-15,2027-09-30,2023.0,2027.0,1507.0,False,True,False,False,False,,30-70% built,48.0,2.0
220522123,Meydan One Community,Al Merkadh,Meydan Group,Finished,Standard,100.0,211,1,0,0,212,2018-12-12,2023-03-30,2018.0,2023.0,1569.0,True,False,True,False,False,,>70% built,100.0,0.0
10590557,DAMAC HILLS,Al Hebiah Third,DAMAC Crescent Properties,Finished,Standard,100.0,0,0,0,136,136,2013-12-01,2019-03-25,2013.0,2019.0,1940.0,True,False,True,False,False,,>70% built,100.0,0.0
418655194,,Al Hebiah Fifth,Wahat Al Jazeera Real Estate,Active,Standard,96.0,0,0,0,366,366,2022-08-23,2025-09-29,2022.0,2025.0,1133.0,False,True,False,True,False,10.2,>70% built,100.0,-4.0
534957507,Jumeirah Village Circle,Al Barsha South Fourth,Jumeirah Village,Active,Standard,41.0,174,1,0,0,175,2023-12-31,2025-10-30,2023.0,2025.0,669.0,False,True,False,True,False,9.1,30-70% built,48.0,-7.0
336407884,Jumeirah Village Circle,Al Barsha South Fourth,Jumeirah Village,Finished,Standard,100.0,161,1,0,0,162,2020-06-15,2022-04-15,2020.0,2022.0,669.0,True,False,True,False,False,,>70% built,100.0,0.0
16066119,Arabian Ranches II - AZALEA,Wadi Al Safa 7,Emaar Properties,Finished,Standard,100.0,0,0,103,109,212,2015-01-29,2019-05-19,2015.0,2019.0,1571.0,True,False,True,False,False,,>70% built,100.0,0.0
549664658,TILAL AL GHAF,Al Hebiah Fourth,Majid Al Futtaim Communities,Active,Standard,7.0,0,0,32,7,39,2024-06-15,,2024.0,,,False,True,False,False,False,,<30% built,8.0,-1.0
770612058,Dubai Land Residence Complex,Wadi Al Safa 5,Dubailand Residences,Pending,Standard,0.0,186,1,0,0,187,2025-08-01,2028-12-31,2025.0,2028.0,1248.0,False,True,False,False,False,,<30% built,0.0,0.0
369745110,Al Furjan,Jabal Ali First,Al Furjan,Finished,Standard,100.0,292,1,0,0,293,2021-06-01,2024-12-06,2021.0,2024.0,1284.0,True,False,True,False,False,,>70% built,100.0,0.0
508812121,Jumeirah Village Circle,Al Barsha South Fourth,Jumeirah Village,Active,Standard,60.0,98,1,0,0,99,2023-09-06,2025-03-31,2023.0,2025.0,572.0,False,True,False,True,False,16.1,30-70% built,48.0,12.0
803306447,Silicon Oasis,Nadd Hessa,Dubai Integrated Economic Zones,Pending,Standard,0.0,87,1,0,0,88,2025-08-20,2027-10-30,2025.0,2027.0,801.0,False,True,False,False,False,,<30% built,0.0,0.0
510486330,DAMAC Lagoons,Al Hebiah Fifth,Wahat Al Jazeera Real Estate,Active,Standard,37.0,0,0,0,470,470,2023-08-29,,2023.0,,,False,True,False,False,False,,30-70% built,48.0,-11.0
770831186,Dubai South Residential District,Madinat Al Mataar,Dubai Aviation City Corporation,Not Started,Standard,0.0,52,1,0,0,53,2025-04-01,2026-12-31,2025.0,2026.0,639.0,False,True,False,False,False,,<30% built,0.0,0.0
382703298,Dubai Water Canal,Al Wasl,Meydan Group,Finished,Standard,100.0,154,2,0,0,156,2019-10-01,2024-03-31,2019.0,2024.0,1643.0,True,False,True,False,False,,>70% built,100.0,0.0
307649821,Jumeirah Village Circle,Al Barsha South Fourth,Jumeirah Village,Finished,Standard,100.0,114,1,0,0,115,2018-01-09,2023-03-31,2018.0,2023.0,1907.0,True,False,True,False,False,,>70% built,100.0,0.0
348255855,Majan,Wadi Al Safa 3,Liwan,Finished,Standard,100.0,96,1,0,0,97,2020-02-22,2022-06-22,2020.0,2022.0,851.0,True,False,True,False,False,,>70% built,100.0,0.0
9783892,Jumeirah Park,Al Thanyah Fifth,Jumeirah Park,Finished,Standard,100.0,0,0,218,227,445,2013-12-01,2016-04-30,2013.0,2016.0,881.0,True,False,True,False,False,,>70% built,100.0,0.0
32823025,,Al Barsha South Fifth,Jumeirah Village,Finished,Standard,100.0,532,1,0,0,533,2016-08-31,2020-03-12,2016.0,2020.0,1289.0,True,False,True,False,False,,>70% built,100.0,0.0
31147422,Meydan Racecourse Community,Nad Al Shiba First,Meydan Group,Finished,Standard,100.0,48,1,0,0,49,2015-09-01,2019-02-04,2015.0,2019.0,1252.0,True,False,True,False,False,,>70% built,100.0,0.0
1462,DownTown Dubai,Burj Khalifa,Emaar Properties,Finished,Standard,100.0,1080,1,0,0,1081,2004-01-01,2012-01-01,2004.0,2012.0,2922.0,True,False,True,False,False,,>70% built,100.0,0.0
1177,Business Bay,Business Bay,Business Bay,Finished,Standard,100.0,286,1,0,0,287,2008-05-26,2017-10-30,2008.0,2017.0,3444.0,True,False,True,False,False,,>70% built,100.0,0.0
28397166,Badra,Hessyan First,Nakheel,Finished,Mixed-use,100.0,448,8,0,148,604,2012-11-11,2014-07-30,2012.0,2014.0,626.0,True,False,True,False,False,,>70% built,100.0,0.0
765118311,Palm Deira,Palm Deira,Nakheel,Not Started,Standard,0.0,112,1,0,0,113,2025-08-01,2027-09-30,2025.0,2027.0,790.0,False,True,False,False,False,,<30% built,0.0,0.0
588821426,Jumeirah Village Circle,Al Barsha South Fourth,Jumeirah Village,Active,Standard,23.0,102,1,0,0,103,2024-02-20,2025-12-31,2024.0,2025.0,680.0,False,True,False,True,True,7.1,<30% built,8.0,15.0
484056692,Arjan,Al Barshaa South Third,Liwan,Active,Standard,80.0,126,1,0,0,127,2023-02-01,2024-12-31,2023.0,2024.0,699.0,False,True,False,True,False,19.1,>70% built,48.0,32.0
29846448,Jumeirah Village Circle,Al Barsha South Fourth,Jumeirah Village,Finished,Standard,100.0,225,1,0,0,226,2016-04-01,2018-12-20,2016.0,2018.0,993.0,True,False,True,False,False,,>70% built,100.0,0.0
252,Jumeirah Village Circle,Al Barsha South Fourth,Jumeirah Village,Finished,Standard,100.0,0,0,20,0,20,2009-02-15,2010-12-12,2009.0,2010.0,665.0,True,False,True,False,False,,>70% built,100.0,0.0
563883763,Dubai Studio City,Al Hebiah Second,DHAM (Dubai Holding Asset Management),Active,Standard,19.0,289,2,0,0,291,2023-10-01,2026-12-26,2023.0,2026.0,1182.0,False,True,False,False,False,,<30% built,48.0,-29.0
95736088,Dubai Health Care City Phase 2,Al Jadaf,Dubai Healthcare City,Finished,Standard,100.0,662,1,0,0,663,2017-07-01,2022-07-14,2017.0,2022.0,1839.0,True,False,True,False,False,,>70% built,100.0,0.0
659724790,Dubai World Central,Madinat Al Mataar,Dubai Aviation City Corporation,Active,Standard,16.0,1888,2,0,0,1890,2024-09-16,2027-09-16,2024.0,2027.0,1095.0,False,True,False,False,False,,<30% built,8.0,8.0
513764415,Arjan,Al Barshaa South Third,Liwan,Finished,Standard,100.0,240,1,0,0,241,2023-07-11,2025-03-30,2023.0,2025.0,628.0,True,False,True,False,False,,>70% built,48.0,52.0
87081638,Dubai Sports City,Al Hebiah Fourth,Dubai Sports City,Finished,Standard,100.0,0,0,0,4,4,2023-10-30,,2023.0,,,True,False,True,False,False,,>70% built,48.0,52.0
390365569,Dubai Water Canal,Al Wasl,Meydan Group,Finished,Standard,100.0,106,2,0,0,108,2018-01-01,2024-06-30,2018.0,2024.0,2372.0,True,False,True,False,False,,>70% built,100.0,0.0
275854888,,Wadi Al Safa 5,Emaar Development,Finished,Standard,100.0,0,0,430,64,494,2020-02-18,2023-03-25,2020.0,2023.0,1131.0,True,False,True,False,False,,>70% built,100.0,0.0
797141635,Dubai Maritime City,Madinat Dubai Almelaheyah,Dubai Maritime City,Not Started,Standard,0.0,585,1,0,0,586,2025-07-30,2028-07-29,2025.0,2028.0,1095.0,False,True,False,False,False,,<30% built,0.0,0.0
537711422,Dubai Maritime City,Madinat Dubai Almelaheyah,Dubai Maritime City,Active,Standard,32.0,328,1,0,0,329,2023-10-19,,2023.0,,,False,True,False,False,False,,30-70% built,48.0,-16.0
589384605,Mohammed Bin Rashid AL Maktoum District 11,Wadi Al Safa 3,Meydan Group,Active,Standard,31.0,0,0,37,0,37,2024-05-01,2026-03-31,2024.0,2026.0,699.0,False,True,False,True,False,4.1,30-70% built,8.0,23.0
438419562,Living Legends,Wadi Al Safa 3,Tanmiyat Global Real Estate Development,Finished,Standard,100.0,0,0,30,1,31,2022-05-05,2023-07-05,2022.0,2023.0,426.0,True,False,True,False,False,,>70% built,100.0,0.0
589373470,Dubai Land Residence Complex,Wadi Al Safa 5,Dubailand Residences,Active,Standard,15.0,744,1,0,0,745,2024-04-15,,2024.0,,,False,True,False,False,False,,<30% built,8.0,7.0
698719655,Jumeirah Village Triangle,Al Barsha South Fifth,Jumeirah Village,Active,Standard,4.0,153,1,0,0,154,2025-04-01,2027-03-31,2025.0,2027.0,729.0,False,True,False,False,False,,<30% built,0.0,4.0
383010468,Business Bay,Business Bay,Business Bay,Active,Standard,96.0,462,1,0,0,463,2021-11-01,2024-09-01,2021.0,2024.0,1035.0,False,True,False,True,False,23.1,>70% built,100.0,-4.0
821690179,Al Furjan,Jabal Ali First,Nakheel,Pending,Standard,39.0,0,0,0,0,0,2024-03-14,2025-12-04,2024.0,2025.0,630.0,False,True,False,True,False,8.0,30-70% built,8.0,31.0
34098072,Jumeirah Village Triangle,Al Barsha South Fifth,Jumeirah Village,Finished,Standard,100.0,593,1,0,0,594,2016-02-01,2022-01-31,2016.0,2022.0,2191.0,True,False,True,False,False,,>70% built,100.0,0.0
159,Business Bay,Business Bay,Business Bay,Finished,Standard,100.0,206,1,0,0,207,2007-12-01,2014-11-18,2007.0,2014.0,2544.0,True,False,True,False,False,,>70% built,100.0,0.0
550192289,Dubai World Central,Madinat Al Mataar,Dubai Aviation City Corporation,Active,Standard,38.0,774,2,0,0,776,2023-10-23,,2023.0,,,False,True,False,False,False,,30-70% built,48.0,-10.0
30007997,TOWN SQUARE,Al Yelayiss 2,Nashmi Development,Finished,Standard,100.0,678,4,0,0,682,2016-10-28,2020-02-29,2016.0,2020.0,1219.0,True,False,True,False,False,,>70% built,100.0,0.0
25673322,DownTown Dubai,Burj Khalifa,Emaar Properties,Finished,Standard,100.0,193,1,0,0,194,2015-09-01,2018-06-30,2015.0,2018.0,1033.0,True,False,True,False,False,,>70% built,100.0,0.0
785577291,Dubai Maritime City,Madinat Dubai Almelaheyah,Dubai Maritime City,Not Started,Standard,0.0,354,1,0,0,355,2026-03-30,2028-06-30,2026.0,2028.0,823.0,False,True,False,False,False,,<30% built,0.0,0.0
12920133,Meydan Racecourse Community,Nad Al Shiba First,Meydan City Corporation,Finished,Standard,100.0,872,29,0,28,929,2014-10-05,2017-05-17,2014.0,2017.0,955.0,True,False,True,False,False,,>70% built,100.0,0.0
727321334,Arjan,Al Barshaa South Third,Liwan,Active,Standard,31.0,49,1,0,0,50,2024-09-17,2026-05-02,2024.0,2026.0,592.0,False,True,False,True,False,3.1,30-70% built,8.0,23.0
716888129,Jumeirah Garden City,Al Satwa,Meraas,Finished,Standard,100.0,64,1,0,0,65,2023-07-14,2025-05-30,2023.0,2025.0,686.0,True,False,True,False,False,,>70% built,48.0,52.0
438693896,,Al Barsha South Fifth,Jumeirah Village,Active,Standard,28.0,115,2,0,0,117,2023-03-01,2025-11-20,2023.0,2025.0,995.0,False,True,False,True,True,8.4,<30% built,48.0,-20.0
276430615,Jumeirah Village Circle,Al Barsha South Fourth,Jumeirah Village,Finished,Standard,100.0,125,1,0,0,126,2019-01-06,2021-03-10,2019.0,2021.0,794.0,True,False,True,False,False,,>70% built,100.0,0.0
35224125,Jumeirah Village Circle,Al Barsha South Fourth,Jumeirah Village,Finished,Standard,100.0,146,1,0,0,147,2016-04-15,2019-08-22,2016.0,2019.0,1224.0,True,False,True,False,False,,>70% built,100.0,0.0
747628365,Dubai Creek Harbour,Al Khairan First,Dubai Creek Harbour,Not Started,Standard,0.0,437,1,0,0,438,2025-08-31,2029-09-30,2025.0,2029.0,1491.0,False,True,False,False,False,,<30% built,0.0,0.0
778212618,Jumeirah Village Circle,Al Barsha South Fourth,Nakheel,Not Started,Standard,0.0,241,1,0,0,242,2025-07-01,2028-03-30,2025.0,2028.0,1003.0,False,True,False,False,False,,<30% built,0.0,0.0
821905039,Mohammed Bin Rashid AL Maktoum District 11,Wadi Al Safa 3,Meydan Group,Pending,Standard,0.0,0,0,0,0,0,2026-02-01,2027-10-31,2026.0,2027.0,637.0,False,True,False,False,False,,<30% built,0.0,0.0
676180289,TOWN SQUARE,Al Yelayiss 2,Nshama,Not Started,Standard,0.0,142,1,0,0,143,2025-05-05,2027-09-30,2025.0,2027.0,878.0,False,True,False,False,False,,<30% built,0.0,0.0
11561444,Business Bay,Business Bay,Business Bay,Finished,Standard,100.0,577,2,0,0,579,2014-02-20,2018-04-30,2014.0,2018.0,1530.0,True,False,True,False,False,,>70% built,100.0,0.0
813538879,Dubai Land Residence Complex,Wadi Al Safa 5,Dubailand Residences,Pending,Standard,31.0,0,0,0,0,0,2025-01-01,2026-12-31,2025.0,2026.0,729.0,False,True,False,False,False,,30-70% built,0.0,31.0
795170983,Jumeirah Village Triangle,Al Barsha South Fifth,Nakheel,Not Started,Standard,0.0,844,1,0,0,845,2025-07-15,2027-07-14,2025.0,2027.0,729.0,False,True,False,False,False,,<30% built,0.0,0.0
576210665,Springs - 4,Al Thanayah Fourth,Emaar Properties,Finished,Standard,100.0,0,0,272,68,340,2001-01-01,2004-12-01,2001.0,2004.0,1430.0,True,False,True,False,False,,>70% built,100.0,0.0
573512871,Jumeirah Village Circle,Al Barsha South Fourth,Jumeirah Village,Active,Standard,56.0,227,1,0,0,228,2023-12-19,,2023.0,,,False,True,False,False,False,,30-70% built,48.0,8.0
704153945,,Saih Shuaib 2,DHAM (Dubai Holding Asset Management),Active,Standard,1.0,180,1,0,0,181,2025-04-15,2027-05-15,2025.0,2027.0,760.0,False,True,False,False,False,,<30% built,0.0,1.0
284589643,Dubai Creek Harbour,Al Khairan First,Dubai Creek Harbour,Finished,Standard,100.0,269,5,0,0,274,2020-04-10,2023-06-30,2020.0,2023.0,1176.0,True,False,True,False,False,,>70% built,100.0,0.0
286391192,Dubai Creek Harbour,Al Khairan First,Dubai Creek Harbour,Finished,Standard,100.0,211,3,0,0,214,2020-04-01,2023-03-31,2020.0,2023.0,1094.0,True,False,True,False,False,,>70% built,100.0,0.0
705124510,,Al Yelayiss 1,DAMAC Elite Investment,Not Started,Standard,0.0,0,0,0,337,337,2025-04-15,2028-12-31,2025.0,2028.0,1356.0,False,True,False,False,False,,<30% built,0.0,0.0
422384931,Jumeirah Village Circle,Al Barsha South Fourth,Jumeirah Village,Active,Standard,30.0,722,3,0,0,725,2022-12-01,2025-12-31,2022.0,2025.0,1126.0,False,True,False,True,False,7.1,<30% built,100.0,-70.0
15665986,DAMAC HILLS 2,Madinat Hind 4,Front Line Investment Management,Finished,Standard,100.0,0,0,0,412,412,2015-06-01,2022-04-19,2015.0,2022.0,2514.0,True,False,True,False,False,,>70% built,100.0,0.0
623931579,Dubai Harbour,Marsa Dubai,Dubai Harbour Community,Active,Standard,2.0,159,1,0,0,160,2025-02-07,2028-01-14,2025.0,2028.0,1071.0,False,True,False,False,False,,<30% built,0.0,2.0
176257264,Jumeirah Islands,Al Thanyah Fifth,DMCC (Dubai Multi Commodities Centre),Active,Standard,28.0,2666,1,0,0,2667,2018-07-01,2025-11-24,2018.0,2025.0,2703.0,False,True,False,True,True,8.3,<30% built,100.0,-72.0
406,Jumeirah Village Circle,Al Barsha South Fourth,Jumeirah Village,Finished,Standard,100.0,0,0,16,0,16,2009-02-27,2010-11-28,2009.0,2010.0,639.0,True,False,True,False,False,,>70% built,100.0,0.0
33496152,DAMAC HILLS 2,Madinat Hind 4,Front Line Investment Management,Finished,Standard,100.0,0,0,0,603,603,2016-12-15,2022-03-21,2016.0,2022.0,1922.0,True,False,True,False,False,,>70% built,100.0,0.0
962,Jumeirah Village Circle,Al Barsha South Fourth,Nakheel,Finished,Standard,100.0,0,0,17,0,17,2008-10-25,2010-05-31,2008.0,2010.0,583.0,True,False,True,False,False,,>70% built,100.0,0.0
670393661,Jumeirah Village Circle,Al Barsha South Fourth,Jumeirah Village,Pending,Standard,13.0,0,0,0,0,0,2024-10-01,2026-10-01,2024.0,2026.0,730.0,False,True,False,False,False,,<30% built,8.0,5.0
817279165,Arjan,Al Barshaa South Third,DHAM (Dubai Holding Asset Management),Pending,Standard,0.0,0,0,0,0,0,2025-10-01,2026-10-01,2025.0,2026.0,365.0,False,True,False,False,False,,<30% built,0.0,0.0
511635957,Jumeirah Village Circle,Al Barsha South Fourth,Jumeirah Village,Finished,Standard,100.0,0,0,14,0,14,2023-02-07,,2023.0,,,True,False,True,False,False,,>70% built,48.0,52.0
817921790,International City Phase 3,Warsan Fourth,Nakheel,Pending,Standard,0.0,0,0,0,0,0,2025-09-18,2027-04-01,2025.0,2027.0,560.0,False,True,False,False,False,,<30% built,0.0,0.0
538932867,TOWN SQUARE,Al Yelayiss 2,Nshama,Active,Standard,36.0,398,2,0,0,400,2024-02-05,,2024.0,,,False,True,False,False,False,,30-70% built,8.0,28.0
37100759,Arjan,Al Barshaa South Third,Liwan,Finished,Standard,100.0,599,1,0,0,600,2016-11-01,2021-04-05,2016.0,2021.0,1616.0,True,False,True,False,False,,>70% built,100.0,0.0
336091938,Dubai Water Canal,Jumeirah Second,Meydan Group,Finished,Standard,100.0,30,1,0,0,31,2020-10-01,2022-12-08,2020.0,2022.0,798.0,True,False,True,False,False,,>70% built,100.0,0.0
1201,Liwan1,Wadi Al Safa 2,Remraam,Finished,Standard,100.0,82,1,0,0,83,2009-05-01,2014-10-01,2009.0,2014.0,1979.0,True,False,True,False,False,,>70% built,100.0,0.0
594569262,Jaddaf Waterfront,Al Jadaf,Culture Village,Active,Standard,4.0,103,1,0,0,104,2024-03-12,,2024.0,,,False,True,False,False,False,,<30% built,8.0,-4.0
487283558,Business Bay,Business Bay,Business Bay,Active,Standard,18.0,415,1,0,0,416,2023-05-25,2026-12-31,2023.0,2026.0,1316.0,False,True,False,False,False,,<30% built,48.0,-30.0
159967015,Dubai Land Residence Complex,Wadi Al Safa 5,Dubailand Residences,Finished,Standard,100.0,65,1,0,0,66,2018-10-01,2022-12-30,2018.0,2022.0,1551.0,True,False,True,False,False,,>70% built,100.0,0.0
700515409,Wasl Gate,Jabal Ali First,JAG Development,Not Started,Standard,0.0,275,3,0,0,278,2025-05-01,2027-12-01,2025.0,2027.0,944.0,False,True,False,False,False,,<30% built,0.0,0.0
710528682,Dubai World Central,Madinat Al Mataar,Emaar Dubai South DWC,Active,Standard,1.0,0,0,196,48,244,2025-01-30,2029-03-31,2025.0,2029.0,1521.0,False,True,False,False,False,,<30% built,0.0,1.0
674084597,International City Phase 3,Warsan Fourth,International City,Active,Standard,87.0,151,1,0,0,152,2024-03-01,2025-11-01,2024.0,2025.0,610.0,False,True,False,True,False,9.1,>70% built,8.0,79.0
148394168,Meydan One Community,Al Merkadh,Meydan Group,Finished,Standard,100.0,131,1,0,0,132,2017-12-15,2022-09-30,2017.0,2022.0,1750.0,True,False,True,False,False,,>70% built,100.0,0.0
789545673,Palm Deira,Palm Deira,Palm Deira,Pending,Standard,0.0,0,0,0,0,0,2025-07-20,2027-06-20,2025.0,2027.0,700.0,False,True,False,False,False,,<30% built,0.0,0.0
89674840,Dubai World Central,Madinat Al Mataar,Emaar Dubai South DWC,Finished,Standard,100.0,0,0,1,203,204,2017-10-30,2020-05-30,2017.0,2020.0,943.0,True,False,True,False,False,,>70% built,100.0,0.0
11654000,Jumeirah Park,Al Thanyah Fifth,Nakheel,Finished,Standard,100.0,0,0,247,247,494,2013-02-17,2015-09-28,2013.0,2015.0,953.0,True,False,True,False,False,,>70% built,100.0,0.0
684316289,Motor City,Al Hebiah First,Union Properties PJSC,Not Started,Standard,0.0,257,1,0,0,258,2024-12-01,2027-02-09,2024.0,2027.0,800.0,False,True,False,False,False,,<30% built,8.0,-8.0
340830064,Jumeirah Village Circle,Al Barsha South Fourth,Jumeirah Village,Finished,Standard,100.0,162,1,0,0,163,2021-01-07,2022-07-06,2021.0,2022.0,545.0,True,False,True,False,False,,>70% built,100.0,0.0
532169873,Palm Deira,Palm Deira,Nakheel,Active,Standard,57.0,51,1,0,0,52,2023-09-15,2025-12-26,2023.0,2025.0,833.0,False,True,False,True,False,7.3,30-70% built,48.0,9.0
733159836,Dubai Creek Harbour,Al Khairan First,Dubai Creek Harbour,Active,Standard,4.0,479,1,0,0,480,2025-06-22,2029-09-30,2025.0,2029.0,1561.0,False,True,False,False,False,,<30% built,0.0,4.0
678166974,Dubai South Residential District,Madinat Al Mataar,Dubai Aviation City Corporation,Not Started,Standard,0.0,162,1,0,0,163,2025-02-28,2026-12-30,2025.0,2026.0,670.0,False,True,False,False,False,,<30% built,0.0,0.0
271,Dubai Marina,Marsa Dubai,Emaar Properties,Finished,Standard,100.0,149,1,0,0,150,2007-01-04,2010-10-21,2007.0,2010.0,1386.0,True,False,True,False,False,,>70% built,100.0,0.0
94327701,Business Bay,Business Bay,Business Bay,Finished,Standard,100.0,449,1,0,0,450,2016-04-16,2021-03-01,2016.0,2021.0,1780.0,True,False,True,False,False,,>70% built,100.0,0.0
645,Silicon Oasis,Nadd Hessa,Dubai Integrated Economic Zones,Finished,Standard,100.0,116,1,0,0,117,2008-02-25,2022-08-31,2008.0,2022.0,5301.0,True,False,True,False,False,,>70% built,100.0,0.0
632,Jumeirah Lakes Towers,Al Thanyah Fifth,DMCC (Dubai Multi Commodities Centre),Finished,Standard,100.0,304,1,0,0,305,2006-08-15,2009-06-17,2006.0,2009.0,1037.0,True,False,True,False,False,,>70% built,100.0,0.0
1249,Silicon Oasis,Nadd Hessa,Dubai Integrated Economic Zones,Finished,Standard,100.0,128,1,0,0,129,2009-10-04,2009-05-21,2009.0,2009.0,,True,False,True,False,False,,>70% built,100.0,0.0
47934609,Dubai World Central,Madinat Al Mataar,Emaar Dubai South DWC,Finished,Standard,100.0,236,41,0,0,277,2017-06-16,2020-04-30,2017.0,2020.0,1049.0,True,False,True,False,False,,>70% built,100.0,0.0
11405210,DownTown Dubai,Burj Khalifa,Emaar Properties,Finished,Standard,100.0,469,1,0,0,470,2013-12-30,2022-02-10,2013.0,2022.0,2964.0,True,False,True,False,False,,>70% built,100.0,0.0
669749965,Dubai Studio City,Al Hebiah Second,DHAM (Dubai Holding Asset Management),Active,Standard,2.0,269,1,0,0,270,2025-03-30,2026-12-31,2025.0,2026.0,641.0,False,True,False,False,False,,<30% built,0.0,2.0
12516908,DownTown Dubai,Burj Khalifa,Emaar Properties,Finished,Standard,100.0,306,1,0,0,307,2015-06-01,2021-12-09,2015.0,2021.0,2383.0,True,False,True,False,False,,>70% built,100.0,0.0
679344539,Palm Deira,Palm Deira,Nakheel,Active,Standard,3.0,73,1,0,0,74,2024-12-31,2027-12-31,2024.0,2027.0,1095.0,False,True,False,False,False,,<30% built,8.0,-5.0
602078513,Business Bay,Business Bay,Business Bay,Active,Standard,36.0,214,1,0,0,215,2023-12-10,,2023.0,,,False,True,False,False,False,,30-70% built,48.0,-12.0
818123439,Mina Rashid,Madinat Dubai Almelaheyah,Mina Rashid Real Estate,Not Started,Standard,0.0,172,1,0,0,173,2026-03-31,2030-06-30,2026.0,2030.0,1552.0,False,True,False,False,False,,<30% built,0.0,0.0
665694360,Arjan,Al Barshaa South Third,Liwan,Active,Standard,14.0,171,1,0,0,172,2024-11-14,2027-12-27,2024.0,2027.0,1138.0,False,True,False,False,False,,<30% built,8.0,6.0
609465632,Nad Al Sheba Gardens,Nad Al Shiba First,Shamal Real Estate,Active,Standard,64.0,68,1,0,0,69,2024-04-25,2025-12-25,2024.0,2025.0,609.0,False,True,False,True,False,7.3,30-70% built,8.0,56.0
722635450,Palm Deira,Palm Deira,Nakheel,Not Started,Standard,0.0,73,1,0,0,74,2025-07-01,2027-11-30,2025.0,2027.0,882.0,False,True,False,False,False,,<30% built,0.0,0.0
346651168,Jumeirah Village Circle,Al Barsha South Fourth,Jumeirah Village,Finished,Standard,100.0,132,1,0,0,133,2020-11-01,2022-01-17,2020.0,2022.0,442.0,True,False,True,False,False,,>70% built,100.0,0.0
742346764,Dubai Land Residence Complex,Wadi Al Safa 5,Dubailand Residences,Not Started,Standard,0.0,436,1,0,0,437,2025-05-25,2028-10-30,2025.0,2028.0,1254.0,False,True,False,False,False,,<30% built,0.0,0.0
165012706,Arjan,Al Barshaa South Third,Liwan,Finished,Standard,100.0,122,1,0,0,123,2018-02-15,2020-12-14,2018.0,2020.0,1033.0,True,False,True,False,False,,>70% built,100.0,0.0
800865541,Dubai South Residential District,Madinat Al Mataar,Dubai Aviation City Corporation,Pending,Standard,0.0,424,3,0,0,427,2025-08-01,2028-12-31,2025.0,2028.0,1248.0,False,True,False,False,False,,<30% built,0.0,0.0
629197904,Arjan,Al Barshaa South Third,Liwan,Active,Standard,25.0,389,1,0,0,390,2024-12-01,2026-12-01,2024.0,2026.0,730.0,False,True,False,False,False,,<30% built,8.0,17.0
689345471,,Al Yelayiss 1,DAMAC Elite Investment,Not Started,Standard,0.0,0,0,0,312,312,2025-03-23,2028-12-31,2025.0,2028.0,1379.0,False,True,False,False,False,,<30% built,0.0,0.0
377167331,SOBHA HARTLAND,Al Merkadh,Sobha,Finished,Standard,100.0,281,2,0,0,283,2021-09-01,2024-06-30,2021.0,2024.0,1033.0,True,False,True,False,False,,>70% built,100.0,0.0
1260,Jumeirah Lakes Towers,Al Thanyah Fifth,DMCC (Dubai Multi Commodities Centre),Finished,Standard,100.0,1168,1,0,2,1171,2009-10-18,2010-01-10,2009.0,2010.0,84.0,True,False,True,False,False,,>70% built,100.0,0.0
378642709,Dubai South Residential District,Madinat Al Mataar,Dubai Aviation City Corporation,Finished,Standard,100.0,0,0,291,99,390,2022-03-30,2024-12-30,2022.0,2024.0,1006.0,True,False,True,False,False,,>70% built,100.0,0.0
669567855,Wasl 1,Al Kifaf,Park 1,Not Started,Standard,0.0,671,3,0,0,674,2025-08-01,2028-12-31,2025.0,2028.0,1248.0,False,True,False,False,False,,<30% built,0.0,0.0
549739275,Dubai Sports City,Al Hebiah Fourth,Dubai Sports City,Pending,Standard,0.0,0,0,0,0,0,2024-03-01,,2024.0,,,False,True,False,False,False,,<30% built,8.0,-8.0
718501332,Jumeirah Garden City,Al Satwa,Meraas,Not Started,Standard,0.0,59,1,0,0,60,2025-03-01,2027-02-28,2025.0,2027.0,729.0,False,True,False,False,False,,<30% built,0.0,0.0
501098261,Jumeirah Village Circle,Al Barsha South Fourth,Nakheel,Pending,Standard,0.0,0,0,0,0,0,2023-06-01,,2023.0,,,False,True,False,False,False,,<30% built,48.0,-48.0
626908718,DownTown Dubai,Burj Khalifa,Emaar Development,Active,Standard,1.0,458,1,0,0,459,2024-10-01,2027-03-31,2024.0,2027.0,911.0,False,True,False,False,False,,<30% built,8.0,-7.0
335,Arjan,Al Barshaa South Third,Remraam,Finished,Standard,100.0,122,1,0,0,123,2009-04-30,2011-06-01,2009.0,2011.0,762.0,True,False,True,False,False,,>70% built,100.0,0.0
975,Remraam,Al Hebiah Fifth,Remraam,Finished,Standard,100.0,10853,199,0,6,11058,2007-09-06,2013-09-16,2007.0,2013.0,2202.0,True,False,True,False,False,,>70% built,100.0,0.0
4663558,Living Legends,Wadi Al Safa 3,Dubailand,Active,Standard,40.0,520,3,0,2,525,2024-06-30,2027-03-31,2024.0,2027.0,1004.0,False,True,False,False,False,,30-70% built,8.0,32.0
774139932,Palm Deira,Palm Deira,Nakheel,Not Started,Standard,0.0,63,1,0,0,64,2025-07-15,2028-03-30,2025.0,2028.0,989.0,False,True,False,False,False,,<30% built,0.0,0.0
722726024,Palm Deira,Palm Deira,Nakheel,Active,Standard,5.0,66,1,0,0,67,2025-02-20,2027-02-20,2025.0,2027.0,730.0,False,True,False,False,False,,<30% built,0.0,5.0
14153241,Dubai Sports City,Al Hebiah Fourth,Dubai Sports City,Finished,Standard,100.0,0,0,30,29,59,2014-11-24,2016-05-11,2014.0,2016.0,534.0,True,False,True,False,False,,>70% built,100.0,0.0
259442535,Mohammed Bin Rashid AL Maktoum City -District -1 Community,Al Merkadh,District One,Finished,Standard,100.0,61,1,0,0,62,2019-06-30,2023-07-16,2019.0,2023.0,1477.0,True,False,True,False,False,,>70% built,100.0,0.0
14611754,Jumeirah Village Triangle,Al Barsha South Fifth,Jumeirah Village,Finished,Standard,100.0,379,1,0,0,380,2014-10-01,2024-09-18,2014.0,2024.0,3640.0,True,False,True,False,False,,>70% built,100.0,0.0
713271790,Dubai Hills Estate,Hadaeq Sheikh Mohammed Bin Rashid,Dubai Hills Estate,Active,Standard,1.0,500,3,0,0,503,2025-06-30,2029-05-31,2025.0,2029.0,1431.0,False,True,False,False,False,,<30% built,0.0,1.0
583695609,,Zaabeel First,Za'abeel Square,Active,Standard,5.0,1733,5,0,0,1738,2024-05-02,,2024.0,,,False,True,False,False,False,,<30% built,8.0,-3.0
891,Silicon Oasis,Nadd Hessa,Dubai Integrated Economic Zones,Finished,Standard,100.0,106,1,0,0,107,2008-04-15,2010-04-19,2008.0,2010.0,734.0,True,False,True,False,False,,>70% built,100.0,0.0
815907445,Palm Deira,Palm Deira,Nakheel,Pending,Standard,0.0,42,1,0,0,43,2025-09-01,2027-09-30,2025.0,2027.0,759.0,False,True,False,False,False,,<30% built,0.0,0.0
1444,Arjan,Al Barshaa South Third,Remraam,Finished,Standard,100.0,0,1,0,1,2,2011-01-05,2014-03-31,2011.0,2014.0,1181.0,True,False,True,False,False,,>70% built,100.0,0.0
46067672,Jumeirah Village Triangle,Al Barsha South Fifth,Jumeirah Village,Finished,Standard,100.0,114,1,0,0,115,2016-01-02,2018-04-20,2016.0,2018.0,839.0,True,False,True,False,False,,>70% built,100.0,0.0
610426653,International Media Production Zone,Me'Aisem First,DHAM (Dubai Holding Asset Management),Active,Standard,5.0,451,1,0,0,452,2024-06-01,,2024.0,,,False,True,False,False,False,,<30% built,8.0,-3.0
10069068,,Al Yelayiss 4,Emaar Bawadi,Active,Standard,9.0,0,0,627,192,819,2014-02-01,2016-07-01,2014.0,2016.0,881.0,False,True,False,True,True,121.1,<30% built,100.0,-91.0
436449753,Dubai South Residential District,Madinat Al Mataar,Dubai Aviation City Corporation,Active,Standard,91.0,0,0,251,120,371,2023-03-10,2025-03-10,2023.0,2025.0,731.0,False,True,False,True,False,16.8,>70% built,48.0,43.0
19623599,DAMAC HILLS 2,Madinat Hind 4,Front Line Investment Management,Finished,Standard,100.0,0,0,0,387,387,2015-09-01,2019-10-28,2015.0,2019.0,1518.0,True,False,True,False,False,,>70% built,100.0,0.0
135647295,Meydan Racecourse Community,Nad Al Shiba First,Meydan Group,Active,Standard,50.0,553,4,0,0,557,2017-10-01,2026-12-31,2017.0,2026.0,3378.0,False,True,False,False,False,,30-70% built,100.0,-50.0
21230947,Jumeira Bay,Island 2,Meraas Bay & Residence,Finished,Standard,100.0,181,6,0,0,187,2014-10-27,2017-02-02,2014.0,2017.0,829.0,True,False,True,False,False,,>70% built,100.0,0.0
685612970,Dubai Land Residence Complex,Wadi Al Safa 5,Dubailand Residences,Pending,Standard,0.0,0,0,0,0,0,2024-02-29,2028-02-29,2024.0,2028.0,1461.0,False,True,False,False,False,,<30% built,8.0,-8.0
28518469,City Walk,Al Wasl,City Walk Residential 1,Finished,Mixed-use,100.0,187,4,0,0,191,2014-05-01,2017-05-23,2014.0,2017.0,1118.0,True,False,True,False,False,,>70% built,100.0,0.0
1088,Jumeirah Village Circle,Al Barsha South Fourth,Jumeirah Village,Finished,Standard,100.0,0,0,16,0,16,2008-04-06,2010-12-16,2008.0,2010.0,984.0,True,False,True,False,False,,>70% built,100.0,0.0
208,Dubai Marina,Marsa Dubai,Emaar Properties,Finished,Standard,100.0,275,1,0,0,276,2006-02-19,2010-08-24,2006.0,2010.0,1647.0,True,False,True,False,False,,>70% built,100.0,0.0
6259913,Jumeirah Park,Al Thanyah Fifth,Nakheel,Finished,Standard,100.0,0,0,134,134,268,2013-02-01,2015-02-01,2013.0,2015.0,730.0,True,False,True,False,False,,>70% built,100.0,0.0
31252039,DAMAC HILLS 2,Madinat Hind 4,Front Line Investment Management,Finished,Standard,100.0,0,0,0,691,691,2016-11-01,2022-02-17,2016.0,2022.0,1934.0,True,False,True,False,False,,>70% built,100.0,0.0
544708963,Wasl Gate,Jabal Ali First,JAG Development,Active,Standard,3.0,280,5,0,0,285,2024-01-01,,2024.0,,,False,True,False,False,False,,<30% built,8.0,-5.0
508251158,Jumeirah Village Circle,Al Barsha South Fourth,Jumeirah Village,Active,Standard,27.0,221,1,0,0,222,2024-02-01,,2024.0,,,False,True,False,False,False,,<30% built,8.0,19.0
396756356,Jumeirah Village Circle,Al Barsha South Fourth,Jumeirah Village,Active,Standard,70.0,394,1,0,0,395,2019-08-15,2023-12-31,2019.0,2023.0,1599.0,False,True,False,True,False,31.1,30-70% built,100.0,-30.0
172054728,Jumeirah Village Circle,Al Barsha South Fourth,Palm Jumeirah,Finished,Standard,100.0,99,0,0,0,99,2015-05-15,2019-06-30,2015.0,2019.0,1507.0,True,False,True,False,False,,>70% built,100.0,0.0
534275956,International Media Production Zone,Me'Aisem First,DHAM (Dubai Holding Asset Management),Not Started,Standard,0.0,150,1,0,0,151,2023-07-01,,2023.0,,,False,True,False,False,False,,<30% built,48.0,-48.0
620922347,,Wadi Al Safa 7,DHRE 2 BTS (Dubai Holding),Active,Standard,1.0,0,0,0,290,290,2024-11-19,2027-11-19,2024.0,2027.0,1095.0,False,True,False,False,False,,<30% built,8.0,-7.0
618385227,Jumeirah Village Circle,Al Barsha South Fourth,Nakheel,Active,Standard,8.0,113,1,0,0,114,2024-08-15,2026-08-14,2024.0,2026.0,729.0,False,True,False,False,False,,<30% built,8.0,0.0
138315768,Jumeirah Village Triangle,Al Barsha South Fifth,Jumeirah Village,Pending,Standard,3.0,0,0,0,0,0,2016-02-25,,2016.0,,,False,True,False,False,False,,<30% built,100.0,-97.0
605,Silicon Oasis,Nadd Hessa,Dubai Integrated Economic Zones,Finished,Standard,100.0,126,1,0,0,127,2007-03-26,2010-05-03,2007.0,2010.0,1134.0,True,False,True,False,False,,>70% built,100.0,0.0
757760604,Jumeirah Village Circle,Al Barsha South Fourth,Jumeirah Village,Not Started,Standard,0.0,184,1,0,0,185,2025-10-14,2027-06-30,2025.0,2027.0,624.0,False,True,False,False,False,,<30% built,0.0,0.0
389105291,DAMAC Lagoons,Al Hebiah Fifth,Wahat Al Jazeera Real Estate,Active,Standard,90.0,0,0,0,554,554,2022-02-28,2025-07-29,2022.0,2025.0,1247.0,False,True,False,True,False,12.2,>70% built,100.0,-10.0
661399976,Jumeirah Village Circle,Al Barsha South Fourth,Jumeirah Village,Not Started,Standard,0.0,105,1,0,0,106,2025-03-01,2027-02-28,2025.0,2027.0,729.0,False,True,False,False,False,,<30% built,0.0,0.0
376765346,Meydan One Community,Al Merkadh,Meydan Group,Finished,Standard,100.0,279,1,0,0,280,2020-11-23,2024-01-18,2020.0,2024.0,1151.0,True,False,True,False,False,,>70% built,100.0,0.0
811129776,,Saih Shuaib 2,DHAM (Dubai Holding Asset Management),Pending,Standard,0.0,147,1,0,0,148,2025-09-01,2028-08-31,2025.0,2028.0,1095.0,False,True,False,False,False,,<30% built,0.0,0.0
240207184,Arjan,Al Barshaa South Third,Liwan,Finished,Standard,100.0,153,2,0,0,155,2018-09-24,2022-03-30,2018.0,2022.0,1283.0,True,False,True,False,False,,>70% built,100.0,0.0
34147222,Dubai South Residential District,Madinat Al Mataar,Dubai Aviation City Corporation,Finished,Standard,100.0,239,4,0,0,243,2016-12-15,2020-02-16,2016.0,2020.0,1158.0,True,False,True,False,False,,>70% built,100.0,0.0
499917198,Dubai Harbour,Marsa Dubai,Emaar Development,Active,Standard,18.0,690,3,0,0,693,2023-10-15,2028-07-31,2023.0,2028.0,1751.0,False,True,False,False,False,,<30% built,48.0,-30.0
35972254,DownTown Dubai,Burj Khalifa,Emaar Properties,Active,Standard,40.0,1108,3,0,0,1111,2017-02-28,2026-12-25,2017.0,2026.0,3587.0,False,True,False,False,False,,30-70% built,100.0,-60.0
717497725,,Jumeirah Second,Dubai Peninsula,Not Started,Standard,0.0,102,1,0,0,103,2025-03-03,2029-01-08,2025.0,2029.0,1407.0,False,True,False,False,False,,<30% built,0.0,0.0
377333412,,Al Yufrah 1,Emaar Development,Finished,Standard,100.0,0,0,330,52,382,2022-02-20,2025-03-31,2022.0,2025.0,1135.0,True,False,True,False,False,,>70% built,100.0,0.0
427031335,City Walk,Al Wasl,Meraas,Active,Standard,68.0,214,1,0,0,215,2022-09-21,,2022.0,,,False,True,False,False,False,,30-70% built,100.0,-32.0
598116758,Mina Rashid,Madinat Dubai Almelaheyah,Mina Rashid Real Estate,Active,Standard,7.0,155,2,0,0,157,2024-07-06,2025-07-31,2024.0,2025.0,390.0,False,True,False,True,True,12.1,<30% built,8.0,-1.0
473,International City Phase 3,Warsan Fourth,Nakheel,Finished,Standard,100.0,67,1,0,0,68,2009-05-01,2025-01-07,2009.0,2025.0,5730.0,True,False,True,False,False,,>70% built,100.0,0.0
328,Dubai Sports City,Al Hebiah Fourth,Dubai Sports City,Finished,Standard,100.0,248,1,0,0,249,2008-02-04,2012-04-15,2008.0,2012.0,1532.0,True,False,True,False,False,,>70% built,100.0,0.0
458508910,Jumeirah Village Circle,Al Barsha South Fourth,Jumeirah Village,Active,Standard,86.0,118,1,0,0,119,2022-11-01,2024-11-01,2022.0,2024.0,731.0,False,True,False,True,False,21.1,>70% built,100.0,-14.0
353396246,Mohammed Bin Rashid AL Maktoum City -District -1 Community,Al Merkadh,Meydan Group,Finished,Standard,100.0,31,1,0,0,32,2021-06-01,2023-01-30,2021.0,2023.0,608.0,True,False,True,False,False,,>70% built,100.0,0.0
588971808,City Walk,Al Wasl,Meraas,Active,Standard,6.0,115,1,0,0,116,2024-08-10,,2024.0,,,False,True,False,False,False,,<30% built,8.0,-2.0
770672211,,Trade Center Second,DHRE 2 BTS (Dubai Holding),Not Started,Standard,0.0,754,2,0,0,756,2025-09-01,2030-09-01,2025.0,2030.0,1826.0,False,True,False,False,False,,<30% built,0.0,0.0
379031092,Jumeirah Village Triangle,Al Barsha South Fifth,Jumeirah Village,Finished,Standard,100.0,59,1,0,0,60,2020-05-14,2022-09-13,2020.0,2022.0,852.0,True,False,True,False,False,,>70% built,100.0,0.0
815323463,Dubai South Residential District,Madinat Al Mataar,Dubai Aviation City Corporation,Pending,Standard,0.0,0,0,0,0,0,2025-10-04,2029-04-04,2025.0,2029.0,1278.0,False,True,False,False,False,,<30% built,0.0,0.0
632067256,Palm Deira,Palm Deira,Nakheel,Active,Standard,5.0,328,3,0,0,331,2024-11-30,2027-01-31,2024.0,2027.0,792.0,False,True,False,False,False,,<30% built,8.0,-3.0
43658450,,Mirdif,Dubai Investment Real Estate,Finished,Standard,100.0,489,5,0,0,494,2016-11-21,2021-08-18,2016.0,2021.0,1731.0,True,False,True,False,False,,>70% built,100.0,0.0
760282755,Jumeirah Village Triangle,Al Barsha South Fifth,Jumeirah Village,Pending,Standard,0.0,0,0,0,0,0,2025-06-01,2027-03-31,2025.0,2027.0,668.0,False,True,False,False,False,,<30% built,0.0,0.0
320,Dubai Sports City,Al Hebiah Fourth,Dubai Sports City,Finished,Standard,100.0,0,12,1,48,61,2010-06-25,2014-01-15,2010.0,2014.0,1300.0,True,False,True,False,False,,>70% built,100.0,0.0
246422410,Dubai Creek Harbour,Al Khairan First,Dubai Creek Harbour,Finished,Standard,100.0,305,4,0,0,309,2019-08-15,2023-03-07,2019.0,2023.0,1300.0,True,False,True,False,False,,>70% built,100.0,0.0
818422445,Dubai World Central,Madinat Al Mataar,Emaar Dubai South DWC,Pending,Standard,0.0,0,0,0,0,0,2025-12-30,2029-09-30,2025.0,2029.0,1370.0,False,True,False,False,False,,<30% built,0.0,0.0
649745315,Dubai Land Residence Complex,Wadi Al Safa 5,Dubailand Residences,Active,Standard,21.0,182,1,0,0,183,2024-08-25,2026-08-25,2024.0,2026.0,730.0,False,True,False,False,False,,<30% built,8.0,13.0
192667556,Dubai Creek Harbour,Al Khairan First,Dubai Creek Harbour,Finished,Standard,100.0,202,3,0,0,205,2019-02-24,2022-10-06,2019.0,2022.0,1320.0,True,False,True,False,False,,>70% built,100.0,0.0
27187653,Liwan1,Wadi Al Safa 2,Liwan,Finished,Standard,100.0,108,1,0,0,109,2015-07-01,2016-11-01,2015.0,2016.0,489.0,True,False,True,False,False,,>70% built,100.0,0.0
572456064,Jumeirah Village Circle,Al Barsha South Fourth,Jumeirah Village,Active,Standard,3.0,348,1,0,0,349,2024-07-01,,2024.0,,,False,True,False,False,False,,<30% built,8.0,-5.0
558688710,Dubai Science Park,Al Barshaa South Second,DHAM (Dubai Holding Asset Management),Conditional Activating,Standard,2.0,987,1,0,0,988,2024-06-01,,2024.0,,,False,True,False,False,False,,<30% built,8.0,-6.0
544908674,Jumeirah Village Circle,Al Barsha South Fourth,Jumeirah Village,Active,Standard,73.0,72,1,0,0,73,2023-12-19,2025-11-01,2023.0,2025.0,683.0,False,True,False,True,False,9.1,>70% built,48.0,25.0
521906306,DownTown Dubai,Burj Khalifa,Emaar Development,Active,Standard,7.0,98,2,0,0,100,2023-03-20,2026-12-29,2023.0,2026.0,1380.0,False,True,False,False,False,,<30% built,48.0,-41.0
509530441,,Al Barsha South Fifth,Jumeirah Village,Active,Standard,31.0,266,1,0,0,267,2023-08-01,2026-03-31,2023.0,2026.0,973.0,False,True,False,True,False,4.1,30-70% built,48.0,-17.0
644597748,Palm Deira,Palm Deira,Nakheel,Active,Standard,47.0,63,1,0,0,64,2024-08-10,2026-08-10,2024.0,2026.0,730.0,False,True,False,False,False,,30-70% built,8.0,39.0
571087243,Dubai Land Residence Complex,Wadi Al Safa 5,Dubailand Residences,Active,Standard,4.0,205,1,0,0,206,2024-08-01,2027-08-31,2024.0,2027.0,1125.0,False,True,False,False,False,,<30% built,8.0,-4.0
700450567,Palm Deira,Palm Deira,Nakheel,Pending,Standard,0.0,0,0,0,0,0,2025-04-01,2028-12-31,2025.0,2028.0,1370.0,False,True,False,False,False,,<30% built,0.0,0.0
797628875,Dubai South Residential District,Madinat Al Mataar,Dubai Aviation City Corporation,Pending,Standard,10.0,106,1,0,0,107,2025-04-14,2026-10-13,2025.0,2026.0,547.0,False,True,False,False,False,,<30% built,0.0,10.0
165943817,Meydan Racecourse Community,Nad Al Shiba First,Meydan Group,Finished,Standard,100.0,82,1,0,0,83,2018-02-01,2023-12-11,2018.0,2023.0,2139.0,True,False,True,False,False,,>70% built,100.0,0.0
617,Jumeirah Golf Estates,Me'Aisem First,Jumeirah Golf Estates,Finished,Standard,100.0,0,0,1,42,43,2008-11-01,2014-01-13,2008.0,2014.0,1899.0,True,False,True,False,False,,>70% built,100.0,0.0
712198426,Jumeirah Village Circle,Al Barsha South Fourth,Nakheel,Not Started,Standard,0.0,264,1,0,0,265,2025-01-23,2028-01-23,2025.0,2028.0,1095.0,False,True,False,False,False,,<30% built,0.0,0.0
814138785,LA MER,Jumeirah First,Meraas,Not Started,Standard,0.0,67,3,0,0,70,2026-01-30,2029-06-30,2026.0,2029.0,1247.0,False,True,False,False,False,,<30% built,0.0,0.0
818317808,Dubai World Central,Madinat Al Mataar,Emaar Dubai South DWC,Pending,Standard,0.0,0,0,0,0,0,2025-12-30,2029-09-30,2025.0,2029.0,1370.0,False,True,False,False,False,,<30% built,0.0,0.0
735597757,Palm Deira,Palm Deira,Nakheel,Not Started,Standard,0.0,241,3,0,0,244,2025-06-17,2028-09-21,2025.0,2028.0,1192.0,False,True,False,False,False,,<30% built,0.0,0.0
594382651,DMCC-EZ1,Al Thanyah Fifth,DMCC (Dubai Multi Commodities Centre),Active,Standard,6.0,610,2,0,0,612,2024-03-01,2027-07-31,2024.0,2027.0,1247.0,False,True,False,False,False,,<30% built,8.0,-2.0
1205,Liwan1,Wadi Al Safa 2,Remraam,Finished,Standard,100.0,55,1,0,0,56,2009-07-01,2013-11-11,2009.0,2013.0,1594.0,True,False,True,False,False,,>70% built,100.0,0.0
362215850,Mohammed Bin Rashid AL Maktoum City -District -1 Community,Al Merkadh,Meydan Group,Finished,Standard,100.0,0,0,0,161,161,2022-01-15,2024-06-30,2022.0,2024.0,897.0,True,False,True,False,False,,>70% built,100.0,0.0
14325316,,Al Hebiah Fifth,Dubai Golf City,Active,Standard,83.0,8,1,170,108,287,2014-10-01,2025-12-30,2014.0,2025.0,4108.0,False,True,False,True,False,7.1,>70% built,100.0,-17.0
83055243,Down Town Jabal Ali,Jabal Ali Industrial Second,Limitless,Finished,Standard,100.0,487,1,0,0,488,2017-05-01,2020-05-31,2017.0,2020.0,1126.0,True,False,True,False,False,,>70% built,100.0,0.0
488,Business Bay,Business Bay,Business Bay,Finished,Standard,100.0,271,1,0,0,272,2008-07-15,2021-03-31,2008.0,2021.0,4642.0,True,False,True,False,False,,>70% built,100.0,0.0
12919951,Dubai Science Park,Al Barshaa South Second,TECOM Investments,Finished,Standard,100.0,302,2,0,0,304,2014-07-01,2018-04-08,2014.0,2018.0,1377.0,True,False,True,False,False,,>70% built,100.0,0.0
14169577,Jumeirah Village Circle,Al Barsha South Fourth,Jumeirah Village,Finished,Standard,100.0,0,0,14,0,14,2013-11-01,2015-07-29,2013.0,2015.0,635.0,True,False,True,False,False,,>70% built,100.0,0.0
815324395,Palm Deira,Palm Deira,Palm Deira,Pending,Standard,0.0,0,0,0,0,0,2026-01-15,2028-02-28,2026.0,2028.0,774.0,False,True,False,False,False,,<30% built,0.0,0.0
98332930,Jumeirah Village Circle,Al Barsha South Fourth,Jumeirah Village,Finished,Standard,100.0,151,1,0,0,152,2016-11-20,2022-09-30,2016.0,2022.0,2140.0,True,False,True,False,False,,>70% built,100.0,0.0
735554619,Dubai Land Residence Complex,Wadi Al Safa 5,Dubailand Residences,Not Started,Standard,0.0,316,2,0,0,318,2025-04-01,2027-12-31,2025.0,2027.0,1004.0,False,True,False,False,False,,<30% built,0.0,0.0
1431,Jumeirah Village Circle,Al Barsha South Fourth,Jumeirah Village,Finished,Standard,100.0,0,0,13,0,13,2008-11-21,2010-11-01,2008.0,2010.0,710.0,True,False,True,False,False,,>70% built,100.0,0.0
478858672,Palm Jumeirah,Palm Jumeirah,Palm Jumeirah,Active,Standard,48.0,38,1,0,0,39,2023-07-01,2025-12-31,2023.0,2025.0,914.0,False,True,False,True,False,7.1,30-70% built,48.0,0.0
14229489,DAMAC HILLS 2,Madinat Hind 4,Front Line Investment Management,Finished,Standard,100.0,0,0,0,377,377,2015-02-01,2022-03-21,2015.0,2022.0,2605.0,True,False,True,False,False,,>70% built,100.0,0.0
459645904,Dubai World Central,Madinat Al Mataar,Emaar Dubai South DWC,Active,Standard,85.0,0,0,0,48,48,2023-05-05,2025-09-30,2023.0,2025.0,879.0,False,True,False,True,False,10.1,>70% built,48.0,37.0
14289957,Palm Jumeirah,Palm Jumeirah,Palm Jumeirah,Finished,Standard,100.0,50,1,0,0,51,2014-10-01,2016-03-31,2014.0,2016.0,547.0,True,False,True,False,False,,>70% built,100.0,0.0
628042026,,Bukadra,Sobha,Active,Standard,12.0,1902,4,0,0,1906,2024-08-15,2029-12-31,2024.0,2029.0,1964.0,False,True,False,False,False,,<30% built,8.0,4.0
803278587,,Wadi Al Safa 5,Dubailand,Not Started,Standard,0.0,120,2,0,0,122,2026-01-15,2030-01-30,2026.0,2030.0,1476.0,False,True,False,False,False,,<30% built,0.0,0.0
771,Jaddaf Waterfront,Al Jadaf,Dubai Properties,Finished,Standard,100.0,181,1,0,0,182,2008-04-07,2016-11-03,2008.0,2016.0,3132.0,True,False,True,False,False,,>70% built,100.0,0.0
763,Dubai Sports City,Al Hebiah Fourth,Dubai Sports City,Finished,Standard,100.0,135,1,0,0,136,2007-09-09,2017-01-18,2007.0,2017.0,3419.0,True,False,True,False,False,,>70% built,100.0,0.0
644076888,,Me'Aisem Second,Emaar Properties,Active,Standard,26.0,0,0,0,58,58,2024-08-22,2028-10-31,2024.0,2028.0,1531.0,False,True,False,False,False,,<30% built,8.0,18.0
807590058,Palm Deira,Palm Deira,Nakheel,Pending,Standard,0.0,52,1,0,0,53,2026-01-01,2028-06-30,2026.0,2028.0,911.0,False,True,False,False,False,,<30% built,0.0,0.0
88015952,Jumeirah Village Triangle,Al Barsha South Fifth,Jumeirah Village,Active,Standard,40.0,271,1,0,0,272,2023-06-01,2026-03-31,2023.0,2026.0,1034.0,False,True,False,True,False,4.1,30-70% built,48.0,-8.0
458927970,Jumeirah Village Circle,Al Barsha South Fourth,Jumeirah Village,Finished,Standard,100.0,407,2,0,0,409,2022-12-01,2024-09-30,2022.0,2024.0,669.0,True,False,True,False,False,,>70% built,100.0,0.0
800949600,,Bukadra,Meydan Group,Pending,Standard,0.0,0,0,0,0,0,2025-09-01,2027-12-31,2025.0,2027.0,851.0,False,True,False,False,False,,<30% built,0.0,0.0
568062237,Discovery Gardens,Jabal Ali First,Nakheel,Active,Standard,5.0,155,1,0,0,156,2024-04-30,2026-10-31,2024.0,2026.0,914.0,False,True,False,False,False,,<30% built,8.0,-3.0
557892116,Mohammed Bin Rashid AL Maktoum District 11,Wadi Al Safa 3,Meydan Group,Active,Standard,9.0,0,0,30,0,30,2024-04-08,2026-04-08,2024.0,2026.0,730.0,False,True,False,True,True,3.9,<30% built,8.0,1.0
135942190,Meydan One Community,Al Merkadh,Meydan Group,Finished,Standard,100.0,212,1,0,0,213,2017-10-01,2022-09-30,2017.0,2022.0,1825.0,True,False,True,False,False,,>70% built,100.0,0.0
815132722,Palm Jabal Ali,Palm Jabal Ali,Nakheel,Pending,Standard,0.0,0,0,0,0,0,2025-12-05,2028-12-04,2025.0,2028.0,1095.0,False,True,False,False,False,,<30% built,0.0,0.0
12813853,Palm Jumeirah,Palm Jumeirah,Palm Jumeirah,Finished,Standard,100.0,15,1,0,0,16,2014-04-06,2018-03-28,2014.0,2018.0,1452.0,True,False,True,False,False,,>70% built,100.0,0.0
653751255,,Bukadra,Meydan Group,Not Started,Standard,0.0,274,1,0,0,275,2025-02-01,2028-01-31,2025.0,2028.0,1094.0,False,True,False,False,False,,<30% built,0.0,0.0
155,Jumeirah Lakes Towers,Al Thanyah Fifth,Nakheel,Finished,Standard,100.0,246,1,0,0,247,2008-11-08,2009-04-27,2008.0,2009.0,170.0,True,False,True,False,False,,>70% built,100.0,0.0
161689957,Dubai Harbour,Marsa Dubai,Emaar Development,Finished,Standard,100.0,461,3,0,0,464,2018-06-07,2021-10-31,2018.0,2021.0,1242.0,True,False,True,False,False,,>70% built,100.0,0.0
25732410,Silicon Oasis,Nadd Hessa,Dubai Integrated Economic Zones,Finished,Standard,100.0,174,1,0,0,175,2015-04-20,2017-04-20,2015.0,2017.0,731.0,True,False,True,False,False,,>70% built,100.0,0.0
581732445,,Al Hebiah Fifth,Wahat Al Jazeera Real Estate,Active,Standard,10.0,48,1,0,0,49,2024-04-22,,2024.0,,,False,True,False,False,False,,<30% built,8.0,2.0
753904418,,Wadi Al Safa 4,Ilyas & Mustafa Galadari Investment & Development,Not Started,Standard,0.0,991,1,0,0,992,2025-05-01,2027-05-30,2025.0,2027.0,759.0,False,True,False,False,False,,<30% built,0.0,0.0
139848299,Jumeirah Village Circle,Al Barsha South Fourth,Jumeirah Village,Finished,Standard,100.0,96,1,0,0,97,2017-02-23,2019-04-09,2017.0,2019.0,775.0,True,False,True,False,False,,>70% built,100.0,0.0
382891671,DAMAC Lagoons,Al Hebiah Fifth,Wahat Al Jazeera Real Estate,Finished,Standard,100.0,0,0,0,458,458,2022-01-06,2025-07-29,2022.0,2025.0,1300.0,True,False,True,False,False,,>70% built,100.0,0.0
503784669,Jumeirah Village Circle,Al Barsha South Fourth,Jumeirah Village,Active,Standard,86.0,156,1,0,0,157,2023-06-01,,2023.0,,,False,True,False,False,False,,>70% built,48.0,38.0
696396274,Mohammed Bin Rashid AL Maktoum District 11,Wadi Al Safa 3,Meydan Group,Pending,Standard,0.0,0,0,0,0,0,2025-07-01,2028-06-30,2025.0,2028.0,1095.0,False,True,False,False,False,,<30% built,0.0,0.0
10668322,Barsha Heights,Al Thanyah First,TECOM Investments,Finished,Standard,100.0,685,1,0,0,686,2013-01-01,2016-09-08,2013.0,2016.0,1346.0,True,False,True,False,False,,>70% built,100.0,0.0
789194169,,Bukadra,Sobha,Pending,Standard,0.0,0,0,0,0,0,2025-12-01,2030-12-31,2025.0,2030.0,1856.0,False,True,False,False,False,,<30% built,0.0,0.0
801930723,Jumeirah Village Circle,Al Barsha South Fourth,Nakheel,Pending,Standard,0.0,291,1,0,0,292,2026-01-01,2029-06-30,2026.0,2029.0,1276.0,False,True,False,False,False,,<30% built,0.0,0.0
53049987,Jumeirah Village Circle,Al Barsha South Fourth,Jumeirah Village,Finished,Standard,100.0,110,1,0,0,111,2016-12-22,2019-09-30,2016.0,2019.0,1012.0,True,False,True,False,False,,>70% built,100.0,0.0
21509590,Jaddaf Waterfront,Al Jadaf,Culture Village,Finished,Standard,100.0,160,1,0,0,161,2013-09-19,2016-12-31,2013.0,2016.0,1199.0,True,False,True,False,False,,>70% built,100.0,0.0
29759156,DUBAI HILLS - FAIRWAY VISTAS,Hadaeq Sheikh Mohammed Bin Rashid,Dubai Hills Estate,Finished,Standard,100.0,0,0,0,64,64,2016-11-06,2019-08-24,2016.0,2019.0,1021.0,True,False,True,False,False,,>70% built,100.0,0.0
574836257,Jumeirah Village Circle,Al Barsha South Fourth,Jumeirah Village,Finished,Standard,100.0,147,2,0,0,149,2023-09-30,,2023.0,,,True,False,True,False,False,,>70% built,48.0,52.0
686760860,International City Phase 3,Warsan Fourth,Nakheel,Pending,Standard,55.0,78,1,0,0,79,2023-11-01,2025-03-30,2023.0,2025.0,515.0,False,True,False,True,False,16.2,30-70% built,48.0,7.0
435443405,Dubai Creek Harbour,Al Khairan First,The Lagoons (Phase 1),Active,Standard,72.0,806,13,0,0,819,2023-02-10,2026-12-31,2023.0,2026.0,1420.0,False,True,False,False,False,,>70% built,48.0,24.0
511318263,,Wadi Al Safa 4,Dubailand,Active,Standard,79.0,0,0,212,61,273,2023-03-15,2025-07-15,2023.0,2025.0,853.0,False,True,False,True,False,12.6,>70% built,48.0,31.0
12556191,DAMAC HILLS,Al Hebiah Third,Dubailand,Finished,Standard,100.0,504,6,0,0,510,2014-08-31,2017-12-11,2014.0,2017.0,1198.0,True,False,True,False,False,,>70% built,100.0,0.0
434929821,Palm Jumeirah,Palm Jumeirah,Nakheel,Active,Standard,57.0,460,1,0,0,461,2022-12-01,2026-12-31,2022.0,2026.0,1491.0,False,True,False,False,False,,30-70% built,100.0,-43.0
376856172,Meydan One Community,Al Merkadh,Meydan Group,Active,Standard,70.0,609,4,0,0,613,2021-04-01,2025-12-30,2021.0,2025.0,1734.0,False,True,False,True,False,7.1,30-70% built,100.0,-30.0
794623096,Dubai Land Residence Complex,Wadi Al Safa 5,Dubailand Residences,Pending,Standard,0.0,133,1,0,0,134,2025-08-01,2027-12-31,2025.0,2027.0,882.0,False,True,False,False,False,,<30% built,0.0,0.0
578528302,Springs - 2,Al Thanayah Fourth,Emaar Properties,Finished,Standard,100.0,0,0,308,79,387,2002-01-01,2005-01-01,2002.0,2005.0,1096.0,True,False,True,False,False,,>70% built,100.0,0.0
51474209,,Saih Shuaib 2,Dubai Industrial City,Finished,Standard,100.0,138,1,0,0,139,2017-05-01,2020-04-30,2017.0,2020.0,1095.0,True,False,True,False,False,,>70% built,100.0,0.0
818093262,Jumeirah Garden City,Al Satwa,Meraas,Pending,Standard,0.0,0,0,0,0,0,2025-09-15,2026-12-30,2025.0,2026.0,471.0,False,True,False,False,False,,<30% built,0.0,0.0
220521820,Meydan One Community,Al Merkadh,Meydan Group,Finished,Standard,100.0,243,1,0,0,244,2018-12-12,2023-09-12,2018.0,2023.0,1735.0,True,False,True,False,False,,>70% built,100.0,0.0
1425,Jumeirah Village Circle,Al Barsha South Fourth,Jumeirah Village,Finished,Standard,100.0,0,0,14,0,14,2008-11-21,2010-11-01,2008.0,2010.0,710.0,True,False,True,False,False,,>70% built,100.0,0.0
833,Dubai Land Residence Complex,Wadi Al Safa 5,Dubai Properties,Finished,Standard,100.0,0,1,0,0,1,2009-12-14,2011-07-05,2009.0,2011.0,568.0,True,False,True,False,False,,>70% built,100.0,0.0
736204431,Business Bay,Business Bay,Business Bay,Not Started,Standard,0.0,146,1,0,0,147,2025-07-01,2030-12-31,2025.0,2030.0,2009.0,False,True,False,False,False,,<30% built,0.0,0.0
554073287,Majan,Wadi Al Safa 3,Liwan,Active,Standard,7.0,669,1,0,0,670,2024-02-01,,2024.0,,,False,True,False,False,False,,<30% built,8.0,-1.0
746181440,,Dubai Investment Park Second,Emaar Development,Not Started,Standard,0.0,0,0,0,210,210,2025-03-13,2029-06-30,2025.0,2029.0,1570.0,False,True,False,False,False,,<30% built,0.0,0.0
25266448,Silicon Oasis,Nadd Hessa,Dubai Integrated Economic Zones,Finished,Standard,100.0,101,1,0,0,102,2014-08-18,2016-10-16,2014.0,2016.0,790.0,True,False,True,False,False,,>70% built,100.0,0.0
733587492,Meydan One Community,Al Merkadh,Meydan Group,Pending,Standard,68.0,82,1,0,0,83,2025-03-13,2027-03-13,2025.0,2027.0,730.0,False,True,False,False,False,,30-70% built,0.0,68.0
15063463,Meydan Racecourse Community,Nad Al Shiba First,Meydan City Corporation,Finished,Standard,100.0,0,0,305,230,535,2014-04-01,2020-02-24,2014.0,2020.0,2155.0,True,False,True,False,False,,>70% built,100.0,0.0
37341702,Jumeirah Village Circle,Al Barsha South Fourth,Jumeirah Village,Finished,Standard,100.0,188,1,0,0,189,2016-07-15,2019-02-06,2016.0,2019.0,936.0,True,False,True,False,False,,>70% built,100.0,0.0
542915815,Jumeirah Village Circle,Al Barsha South Fourth,Jumeirah Village,Active,Standard,40.0,0,0,14,0,14,2021-07-06,,2021.0,,,False,True,False,False,False,,30-70% built,100.0,-60.0
33494532,,Al Yelayiss 1,Al Aryam (Phase 1),Finished,Standard,100.0,0,0,334,90,424,2013-12-01,2016-08-31,2013.0,2016.0,1004.0,True,False,True,False,False,,>70% built,100.0,0.0
10830591,DAMAC HILLS,Al Hebiah Third,DAMAC Crescent Properties,Finished,Standard,100.0,0,0,0,177,177,2014-11-01,2018-02-14,2014.0,2018.0,1201.0,True,False,True,False,False,,>70% built,100.0,0.0
360173573,Al Furjan,Jabal Ali First,Nakheel,Finished,Standard,100.0,0,0,0,350,350,2021-10-01,2024-09-30,2021.0,2024.0,1095.0,True,False,True,False,False,,>70% built,100.0,0.0
146143244,Dubai Health Care City Phase 2,Al Jadaf,Dubai Healthcare City,Conditional Activating,Standard,10.0,192,8,0,14,214,2018-01-01,2026-02-26,2018.0,2026.0,2978.0,False,True,False,True,True,5.2,<30% built,100.0,-90.0
722607643,Dubai World Central,Madinat Al Mataar,Expo City Real Estate Development,Active,Standard,48.0,280,21,0,0,301,2025-07-01,2027-06-30,2025.0,2027.0,729.0,False,True,False,False,False,,30-70% built,0.0,48.0
729137709,Majan,Wadi Al Safa 3,Liwan,Not Started,Standard,0.0,18,1,0,0,19,2025-05-23,2026-09-23,2025.0,2026.0,488.0,False,True,False,False,False,,<30% built,0.0,0.0
1255,Silicon Oasis,Nadd Hessa,Dubai Integrated Economic Zones,Finished,Standard,100.0,112,1,0,0,113,2008-01-09,2010-05-13,2008.0,2010.0,855.0,True,False,True,False,False,,>70% built,100.0,0.0
701121418,,Al Yelayiss 1,DAMAC Elite Investment,Not Started,Standard,0.0,0,0,0,58,58,2025-04-19,2028-12-31,2025.0,2028.0,1352.0,False,True,False,False,False,,<30% built,0.0,0.0
23477580,Dubai Marina,Marsa Dubai,Dubai Marina (Phase 1),Finished,Standard,100.0,317,1,0,0,318,2015-07-01,2022-06-30,2015.0,2022.0,2556.0,True,False,True,False,False,,>70% built,100.0,0.0
581720736,,Al Hebiah Fifth,Wahat Al Jazeera Real Estate,Active,Standard,8.0,162,3,0,0,165,2024-04-23,,2024.0,,,False,True,False,False,False,,<30% built,8.0,0.0
572440139,The World,World Islands,Nakheel,Active,Standard,42.0,153,1,0,0,154,2022-11-30,,2022.0,,,False,True,False,False,False,,30-70% built,100.0,-58.0
25474041,Business Bay,Business Bay,Business Bay,Finished,Standard,100.0,47,1,0,0,48,2013-11-24,2017-01-09,2013.0,2017.0,1142.0,True,False,True,False,False,,>70% built,100.0,0.0
563502734,Liwan1,Wadi Al Safa 2,Liwan,Finished,Standard,100.0,81,1,0,0,82,2023-02-15,2024-03-15,2023.0,2024.0,394.0,True,False,True,False,False,,>70% built,48.0,52.0
1304,Dubai Sports City,Al Hebiah Fourth,Dubai Sports City,Finished,Standard,100.0,84,1,0,0,85,2010-11-09,2010-01-19,2010.0,2010.0,,True,False,True,False,False,,>70% built,100.0,0.0
745745432,International City Phase 3,Warsan Fourth,Nakheel,Pending,Standard,75.0,0,0,0,0,0,2023-11-01,2025-05-30,2023.0,2025.0,576.0,False,True,False,True,False,14.2,>70% built,48.0,27.0
792220570,Meydan Racecourse Community,Nad Al Shiba First,Meydan Group,Not Started,Standard,0.0,62,1,0,0,63,2025-12-01,2027-09-30,2025.0,2027.0,668.0,False,True,False,False,False,,<30% built,0.0,0.0
773733501,Al Furjan,Jabal Ali First,Al Furjan,Not Started,Standard,0.0,79,1,0,0,80,2025-07-01,2028-06-30,2025.0,2028.0,1095.0,False,True,False,False,False,,<30% built,0.0,0.0
14013276,Jumeirah Village Circle,Al Barsha South Fourth,Nakheel,Finished,Standard,100.0,226,2,0,0,228,2014-06-01,2022-09-20,2014.0,2022.0,3033.0,True,False,True,False,False,,>70% built,100.0,0.0
37495991,DAMAC HILLS 2,Madinat Hind 4,Front Line Investment Management,Finished,Standard,100.0,0,0,0,337,337,2017-02-01,2021-08-23,2017.0,2021.0,1664.0,True,False,True,False,False,,>70% built,100.0,0.0
1108,Jumeirah Village Circle,Al Barsha South Fourth,Jumeirah Village,Finished,Standard,100.0,0,0,0,0,0,2006-04-11,2013-05-19,2006.0,2013.0,2595.0,True,False,True,False,False,,>70% built,100.0,0.0
539886947,,Bukadra,Sobha,Active,Standard,31.0,765,1,0,0,766,2023-10-12,,2023.0,,,False,True,False,False,False,,30-70% built,48.0,-17.0
47118186,City Of Arabia,Wadi Al Safa 4,Ilyas & Mustafa Galadari Investment & Development,Active,Standard,75.0,653,1,0,0,654,2023-03-01,2026-02-01,2023.0,2026.0,1068.0,False,True,False,True,False,6.0,>70% built,48.0,27.0
13603766,Business Bay,Business Bay,Business Bay,Finished,Standard,100.0,176,1,0,0,177,2014-03-01,2017-01-26,2014.0,2017.0,1062.0,True,False,True,False,False,,>70% built,100.0,0.0
490768626,Dubai World Central,Madinat Al Mataar,Expo City Real Estate Development,Active,Standard,52.0,470,3,0,0,473,2023-06-01,2026-01-31,2023.0,2026.0,975.0,False,True,False,True,False,6.1,30-70% built,48.0,4.0
372444344,Arjan,Al Barshaa South Third,Liwan,Finished,Standard,100.0,178,1,0,0,179,2022-04-01,2024-04-30,2022.0,2024.0,760.0,True,False,True,False,False,,>70% built,100.0,0.0
174,Jumeirah Golf Estates,Me'Aisem First,Jumeirah Golf Estates,Finished,Standard,100.0,0,0,1,67,68,2007-12-06,2013-07-17,2007.0,2013.0,2050.0,True,False,True,False,False,,>70% built,100.0,0.0
254293020,Business Bay,Business Bay,Business Bay,Finished,Standard,100.0,527,1,0,0,528,2018-12-31,2023-02-28,2018.0,2023.0,1520.0,True,False,True,False,False,,>70% built,100.0,0.0
473231167,,Wadi Al Safa 2,Dubai Properties,Active,Standard,30.0,0,0,653,0,653,2023-09-30,2026-12-31,2023.0,2026.0,1188.0,False,True,False,False,False,,<30% built,48.0,-18.0
35468349,Dubai Hills Estate,Hadaeq Sheikh Mohammed Bin Rashid,Dubai Hills Estate,Finished,Standard,100.0,338,5,0,0,343,2016-11-01,2020-04-30,2016.0,2020.0,1276.0,True,False,True,False,False,,>70% built,100.0,0.0
762043053,Dubai Land Residence Complex,Wadi Al Safa 5,Dubailand,Pending,Standard,0.0,0,0,0,0,0,2025-05-16,2027-05-16,2025.0,2027.0,730.0,False,True,False,False,False,,<30% built,0.0,0.0
1144,Palm Jumeirah,Palm Jumeirah,Palm Jumeirah,Finished,Standard,100.0,15,2,0,0,17,2007-02-17,2012-09-09,2007.0,2012.0,2031.0,True,False,True,False,False,,>70% built,100.0,0.0
572469968,Dubai Land Residence Complex,Wadi Al Safa 5,Dubailand Residences,Active,Standard,25.0,126,1,0,0,127,2024-09-01,2027-06-30,2024.0,2027.0,1032.0,False,True,False,False,False,,<30% built,8.0,17.0
1145,Dubai Marina,Marsa Dubai,Emaar Properties,Finished,Standard,100.0,562,1,0,0,563,2006-11-15,2010-05-03,2006.0,2010.0,1265.0,True,False,True,False,False,,>70% built,100.0,0.0
616607965,Jumeirah Village Circle,Al Barsha South Fourth,Jumeirah Village,Pending,Standard,0.0,0,0,0,0,0,2024-11-01,,2024.0,,,False,True,False,False,False,,<30% built,8.0,-8.0
783262928,Dubai Land Residence Complex,Wadi Al Safa 5,Dubailand Residences,Not Started,Standard,0.0,134,1,0,0,135,2025-09-30,2027-11-30,2025.0,2027.0,791.0,False,True,False,False,False,,<30% built,0.0,0.0
1300,Dubai Sports City,Al Hebiah Fourth,Dubai Sports City,Finished,Standard,100.0,168,1,0,0,169,2007-05-23,2010-11-15,2007.0,2010.0,1272.0,True,False,True,False,False,,>70% built,100.0,0.0
382944106,DAMAC Lagoons,Al Hebiah Fifth,Wahat Al Jazeera Real Estate,Active,Standard,94.0,0,0,0,387,387,2022-01-06,2025-07-29,2022.0,2025.0,1300.0,False,True,False,True,False,12.2,>70% built,100.0,-6.0
710555101,Dubai South Residential District,Madinat Al Mataar,Dubai Aviation City Corporation,Active,Standard,10.0,56,1,0,0,57,2025-03-01,2027-05-31,2025.0,2027.0,821.0,False,True,False,False,False,,<30% built,0.0,10.0
560769667,DAMAC HILLS 2,Madinat Hind 4,Front Line Investment Management,Active,Standard,4.0,0,0,0,251,251,2024-02-18,2027-03-30,2024.0,2027.0,1136.0,False,True,False,False,False,,<30% built,8.0,-4.0
446859717,SOBHA HARTLAND,Al Merkadh,Sobha,Active,Standard,84.0,985,1,0,0,986,2022-09-01,2026-06-30,2022.0,2026.0,1398.0,False,True,False,True,False,1.1,>70% built,100.0,-16.0
551,Dubai Marina,Marsa Dubai,Emaar Properties,Finished,Standard,100.0,211,1,0,0,212,2009-09-15,2023-10-09,2009.0,2023.0,5137.0,True,False,True,False,False,,>70% built,100.0,0.0
607207165,Jumeirah Islands,Al Thanyah Fifth,DMCC (Dubai Multi Commodities Centre),Active,Standard,95.0,407,1,0,0,408,2020-10-11,2025-12-31,2020.0,2025.0,1907.0,False,True,False,True,False,7.1,>70% built,100.0,-5.0
756112172,International City Phase 3,Warsan Fourth,Nakheel,Pending,Standard,80.0,0,0,0,0,0,2022-04-25,2025-10-30,2022.0,2025.0,1284.0,False,True,False,True,False,9.1,>70% built,100.0,-20.0
502463069,Jumeirah Village Circle,Al Barsha South Fourth,Jumeirah Village,Active,Standard,59.0,147,1,0,0,148,2023-09-01,2025-12-31,2023.0,2025.0,852.0,False,True,False,True,False,7.1,30-70% built,48.0,11.0
144223906,Dubai Creek Harbour,Al Khairan First,The Lagoons (Phase 1),Finished,Standard,100.0,574,1,0,0,575,2018-01-14,2022-10-30,2018.0,2022.0,1750.0,True,False,True,False,False,,>70% built,100.0,0.0
31171657,Jumeirah Village Circle,Al Barsha South Fourth,Jumeirah Village,Finished,Standard,100.0,164,1,0,0,165,2015-06-11,2017-02-28,2015.0,2017.0,628.0,True,False,True,False,False,,>70% built,100.0,0.0
817636114,Majan,Wadi Al Safa 3,Liwan,Pending,Standard,0.0,0,0,0,0,0,2025-11-01,2028-10-31,2025.0,2028.0,1095.0,False,True,False,False,False,,<30% built,0.0,0.0
251,Jumeirah Village Circle,Al Barsha South Fourth,Jumeirah Village,Finished,Standard,100.0,165,2,0,0,167,2009-02-15,2011-12-22,2009.0,2011.0,1040.0,True,False,True,False,False,,>70% built,100.0,0.0
596568730,Al Furjan,Jabal Ali First,Al Furjan,Conditional Activating,Standard,8.0,86,1,0,0,87,2024-06-01,2026-06-01,2024.0,2026.0,730.0,False,True,False,True,True,2.1,<30% built,8.0,0.0
457599344,Dubai Hills Estate,Hadaeq Sheikh Mohammed Bin Rashid,Dubai Hills Estate,Pending,Standard,0.0,214,1,0,0,215,2023-02-28,,2023.0,,,False,True,False,False,False,,<30% built,48.0,-48.0
43816874,TOWN SQUARE,Al Yelayiss 2,Nshama,Finished,Standard,100.0,748,4,0,0,752,2017-06-01,2020-02-20,2017.0,2020.0,994.0,True,False,True,False,False,,>70% built,100.0,0.0
728968000,Jaddaf Waterfront,Al Jadaf,Dubai Properties,Pending,Standard,0.0,73,1,0,0,74,2025-10-20,2027-10-30,2025.0,2027.0,740.0,False,True,False,False,False,,<30% built,0.0,0.0
183468197,Jumeirah Village Circle,Al Barsha South Fourth,Jumeirah Village,Finished,Standard,100.0,328,1,0,0,329,2019-01-24,2022-05-09,2019.0,2022.0,1201.0,True,False,True,False,False,,>70% built,100.0,0.0
292466555,Dubai Land Residence Complex,Wadi Al Safa 5,Dubailand Residences,Finished,Standard,100.0,369,1,0,0,370,2020-01-15,2023-09-05,2020.0,2023.0,1329.0,True,False,True,False,False,,>70% built,100.0,0.0
619112362,Dubai Maritime City,Madinat Dubai Almelaheyah,Dubai Maritime City,Active,Standard,6.0,372,1,0,0,373,2024-11-01,2027-10-01,2024.0,2027.0,1064.0,False,True,False,False,False,,<30% built,8.0,-2.0
816727014,Dubai Creek Harbour,Al Khairan First,Dubai Creek Harbour,Not Started,Standard,0.0,481,1,0,0,482,2025-11-07,2029-07-31,2025.0,2029.0,1362.0,False,True,False,False,False,,<30% built,0.0,0.0
50,Silicon Oasis,Nadd Hessa,Dubai Integrated Economic Zones,Finished,Standard,100.0,138,1,0,0,139,2008-08-28,2010-02-09,2008.0,2010.0,530.0,True,False,True,False,False,,>70% built,100.0,0.0
280299769,Down Town Jabal Ali,Jabal Ali Industrial Second,Limitless,Finished,Standard,100.0,378,1,0,0,379,2019-03-04,2024-05-20,2019.0,2024.0,1904.0,True,False,True,False,False,,>70% built,100.0,0.0
524133927,Dubai Maritime City,Madinat Dubai Almelaheyah,Dubai Maritime City,Active,Standard,13.0,280,1,0,0,281,2023-10-18,,2023.0,,,False,True,False,False,False,,<30% built,48.0,-35.0
8269622,,Al Thanyah Third,Emaar Properties,Finished,Standard,100.0,590,5,0,1,596,2013-11-01,2019-04-15,2013.0,2019.0,1991.0,True,False,True,False,False,,>70% built,100.0,0.0
727884521,Majan,Wadi Al Safa 3,Liwan,Pending,Standard,0.0,71,1,0,0,72,2025-05-01,2026-11-01,2025.0,2026.0,549.0,False,True,False,False,False,,<30% built,0.0,0.0
411,Silicon Oasis,Nadd Hessa,Dubai Integrated Economic Zones,Finished,Standard,100.0,250,1,0,0,251,2013-04-15,2015-06-30,2013.0,2015.0,806.0,True,False,True,False,False,,>70% built,100.0,0.0
54,Barsha Heights,Al Thanyah First,TECOM Investments,Finished,Standard,100.0,311,1,0,0,312,2006-05-01,2009-04-28,2006.0,2009.0,1093.0,True,False,True,False,False,,>70% built,100.0,0.0
35805880,Jumeira Bay,Island 2,Meraas Bay & Residence,Finished,Standard,100.0,0,0,0,15,15,2014-10-27,2018-04-24,2014.0,2018.0,1275.0,True,False,True,False,False,,>70% built,100.0,0.0
634311846,Jumeirah Village Triangle,Al Barsha South Fifth,Nakheel,Active,Standard,13.0,200,1,0,0,201,2024-08-15,2026-10-15,2024.0,2026.0,791.0,False,True,False,False,False,,<30% built,8.0,5.0
735254170,Jumeirah Village Circle,Al Barsha South Fourth,Nakheel,Active,Standard,37.0,76,1,0,0,77,2023-09-27,2026-12-25,2023.0,2026.0,1185.0,False,True,False,False,False,,30-70% built,48.0,-11.0
370143869,Jumeirah Village Circle,Al Barsha South Fourth,Jumeirah Village,Finished,Standard,100.0,92,1,0,0,93,2021-01-05,2022-11-30,2021.0,2022.0,694.0,True,False,True,False,False,,>70% built,100.0,0.0
658564635,Dubai South Residential District,Madinat Al Mataar,Dubai Aviation City Corporation,Finished,Standard,100.0,40,1,0,0,41,2023-05-01,2025-04-30,2023.0,2025.0,730.0,True,False,True,False,False,,>70% built,48.0,52.0
457721778,Dubai Hills Estate,Hadaeq Sheikh Mohammed Bin Rashid,Dubai Hills Estate,Active,Standard,75.0,200,1,0,0,201,2023-02-28,2025-10-31,2023.0,2025.0,976.0,False,True,False,True,False,9.1,>70% built,48.0,27.0
677589079,,Dubai Investment Park Second,DAMAC Meree Investment,Not Started,Standard,0.0,358,2,0,0,360,2025-01-29,2028-05-31,2025.0,2028.0,1218.0,False,True,False,False,False,,<30% built,0.0,0.0
45970166,Majan,Wadi Al Safa 3,Liwan,Finished,Standard,100.0,60,1,0,0,61,2016-06-29,2020-07-31,2016.0,2020.0,1493.0,True,False,True,False,False,,>70% built,100.0,0.0
470833801,DAMAC HILLS 2,Madinat Hind 4,Front Line Investment Management,Active,Standard,45.0,0,0,0,12,12,2023-09-19,2025-08-28,2023.0,2025.0,709.0,False,True,False,True,False,11.2,30-70% built,48.0,-3.0
542672566,Jumeirah Village Circle,Al Barsha South Fourth,Jumeirah Village,Active,Standard,4.0,193,1,0,0,194,2024-04-01,2026-11-01,2024.0,2026.0,944.0,False,True,False,False,False,,<30% built,8.0,-4.0
574563427,Meydan One Community,Al Merkadh,Meydan Group,Finished,Standard,100.0,198,1,0,0,199,2023-12-28,2025-03-27,2023.0,2025.0,455.0,True,False,True,False,False,,>70% built,48.0,52.0
4568382,Dubai Marina,Marsa Dubai,Emaar Properties,Finished,Standard,100.0,508,1,0,0,509,2013-01-26,2015-04-16,2013.0,2015.0,810.0,True,False,True,False,False,,>70% built,100.0,0.0
13608318,Dubai Marina,Marsa Dubai,Dubai Marina (Phase 1),Finished,Standard,100.0,535,1,0,0,536,2014-05-01,2019-02-24,2014.0,2019.0,1760.0,True,False,True,False,False,,>70% built,100.0,0.0
137,Sufouh Gardens,Al Safouh First,TECOM Investments,Finished,Standard,100.0,178,1,0,0,179,2008-01-13,2014-09-11,2008.0,2014.0,2433.0,True,False,True,False,False,,>70% built,100.0,0.0
33352683,Business Bay,Business Bay,DAMAC World Real Estate,Finished,Standard,100.0,526,1,0,0,527,2016-12-15,2022-03-31,2016.0,2022.0,1932.0,True,False,True,False,False,,>70% built,100.0,0.0
588559222,Mohammed Bin Rashid AL Maktoum District 11,Wadi Al Safa 3,Meydan Group,Active,Standard,21.0,0,0,30,0,30,2024-03-01,2026-12-31,2024.0,2026.0,1035.0,False,True,False,False,False,,<30% built,8.0,13.0
611401206,,Bukadra,Sobha,Active,Standard,32.0,750,1,0,0,751,2024-05-10,,2024.0,,,False,True,False,False,False,,30-70% built,8.0,24.0
422918062,Jumeirah Village Circle,Al Barsha South Fourth,Jumeirah Village,Finished,Standard,100.0,366,1,0,0,367,2022-06-13,2023-08-15,2022.0,2023.0,428.0,True,False,True,False,False,,>70% built,100.0,0.0
781280149,International Media Production Zone,Me'Aisem First,DHAM (Dubai Holding Asset Management),Not Started,Standard,0.0,556,1,0,0,557,2025-09-01,2028-07-31,2025.0,2028.0,1064.0,False,True,False,False,False,,<30% built,0.0,0.0
578536430,Lakes - Deema 2,Al Thanyah Third,Emaar Properties,Finished,Standard,100.0,0,0,50,52,102,2000-01-01,2003-01-01,2000.0,2003.0,1096.0,True,False,True,False,False,,>70% built,100.0,0.0
871,Jumeirah Village Triangle,Al Barsha South Fifth,Nakheel,Finished,Standard,100.0,65,1,0,0,66,2009-05-10,2021-05-20,2009.0,2021.0,4393.0,True,False,True,False,False,,>70% built,100.0,0.0
602679364,Dubai World Central,Madinat Al Mataar,Emaar Dubai South DWC,Active,Standard,15.0,0,0,232,57,289,2024-10-04,,2024.0,,,False,True,False,False,False,,<30% built,8.0,7.0
507543610,Jumeirah Village Circle,Al Barsha South Fourth,Jumeirah Village,Finished,Standard,100.0,294,1,0,0,295,2023-05-15,2024-07-25,2023.0,2024.0,437.0,True,False,True,False,False,,>70% built,48.0,52.0
233966882,DUBAI HILLS - GOLF GROVE,Hadaeq Sheikh Mohammed Bin Rashid,Dubai Hills Estate,Finished,Standard,100.0,0,0,166,82,248,2019-05-15,2022-10-31,2019.0,2022.0,1265.0,True,False,True,False,False,,>70% built,100.0,0.0
88109364,Mudon,Al Hebiah Sixth,Dubai Properties,Active,Standard,57.0,0,0,182,38,220,2023-07-01,,2023.0,,,False,True,False,False,False,,30-70% built,48.0,9.0
605402069,Business Bay,Business Bay,Business Bay,Active,Standard,17.0,147,1,0,0,148,2024-01-08,2026-06-15,2024.0,2026.0,889.0,False,True,False,True,True,1.6,<30% built,8.0,9.0
331,Dubai Sports City,Al Hebiah Fourth,Dubai Sports City,Finished,Standard,100.0,315,1,0,0,316,2009-12-30,2013-11-13,2009.0,2013.0,1414.0,True,False,True,False,False,,>70% built,100.0,0.0
441964469,Dubai Studio City,Al Hebiah Second,TECOM Investments,Active,Standard,95.0,157,1,0,0,158,2023-04-01,2025-04-01,2023.0,2025.0,731.0,False,True,False,True,False,16.1,>70% built,48.0,47.0
643234531,Dubai Studio City,Al Hebiah Second,DHAM (Dubai Holding Asset Management),Active,Standard,8.0,425,4,0,0,429,2024-10-01,2027-10-01,2024.0,2027.0,1095.0,False,True,False,False,False,,<30% built,8.0,0.0
508780518,,Marsa Dubai,DEVCO Real Estate Development,Active,Standard,89.0,54,1,0,0,55,2022-09-15,2025-07-26,2022.0,2025.0,1045.0,False,True,False,True,False,12.3,>70% built,100.0,-11.0
169,Jumeirah Village Circle,Al Barsha South Fourth,Jumeirah Village,Finished,Standard,100.0,0,0,16,0,16,2009-02-01,2011-09-14,2009.0,2011.0,955.0,True,False,True,False,False,,>70% built,100.0,0.0
699,Jumeirah Village Circle,Al Barsha South Fourth,Nakheel,Finished,Standard,100.0,130,1,0,0,131,2014-03-01,2016-08-02,2014.0,2016.0,885.0,True,False,True,False,False,,>70% built,100.0,0.0
349866293,Mohammed Bin Rashid AL Maktoum City -District -1 Community,Al Merkadh,Meydan Group,Finished,Standard,100.0,31,1,0,0,32,2021-06-01,2022-12-30,2021.0,2022.0,577.0,True,False,True,False,False,,>70% built,100.0,0.0
6865006,Barsha Heights,Al Thanyah First,TECOM Investments,Finished,Standard,100.0,234,1,1,0,236,2012-09-05,2016-01-15,2012.0,2016.0,1227.0,True,False,True,False,False,,>70% built,100.0,0.0
444,Business Bay,Business Bay,Business Bay,Finished,Standard,100.0,191,1,0,0,192,2010-05-01,2014-06-05,2010.0,2014.0,1496.0,True,False,True,False,False,,>70% built,100.0,0.0
301418382,International Media Production Zone,Me'Aisem First,TECOM Investments,Finished,Standard,100.0,282,2,0,0,284,2020-02-29,2022-08-31,2020.0,2022.0,914.0,True,False,True,False,False,,>70% built,100.0,0.0
443319281,International City Phase 3,Warsan Fourth,International City,Finished,Standard,100.0,67,1,0,0,68,2022-03-29,2023-08-01,2022.0,2023.0,490.0,True,False,True,False,False,,>70% built,100.0,0.0
598749018,Meydan One Community,Al Merkadh,Nakheel,Active,Standard,81.0,112,1,0,0,113,2024-03-15,2026-03-30,2024.0,2026.0,745.0,False,True,False,True,False,4.2,>70% built,8.0,73.0
333,Dubai Sports City,Al Hebiah Fourth,Dubai Sports City,Finished,Standard,100.0,260,1,0,0,261,2009-12-30,2012-11-21,2009.0,2012.0,1057.0,True,False,True,False,False,,>70% built,100.0,0.0
32530133,DownTown Dubai,Burj Khalifa,Emaar Properties,Finished,Standard,100.0,787,3,0,0,790,2017-02-12,2022-12-26,2017.0,2022.0,2143.0,True,False,True,False,False,,>70% built,100.0,0.0
599622484,Jumeirah Village Triangle,Al Barsha South Fifth,Jumeirah Village,Active,Standard,70.0,53,1,0,0,54,2024-04-15,2026-03-13,2024.0,2026.0,697.0,False,True,False,True,False,4.7,30-70% built,8.0,62.0
165943777,Dubai Sports City,Al Hebiah Fourth,Dubai Sports City,Active,Standard,48.0,411,1,0,0,412,2018-02-01,2025-02-02,2018.0,2025.0,2558.0,False,True,False,True,False,18.0,30-70% built,100.0,-52.0
14215195,Jumeirah Village Circle,Al Barsha South Fourth,Jumeirah Village,Finished,Standard,100.0,53,1,0,0,54,2014-08-31,2019-06-18,2014.0,2019.0,1752.0,True,False,True,False,False,,>70% built,100.0,0.0
12905996,Jumeirah Village Circle,Al Barsha South Fourth,Jumeirah Village,Finished,Standard,100.0,0,0,19,0,19,2014-08-27,2018-05-06,2014.0,2018.0,1348.0,True,False,True,False,False,,>70% built,100.0,0.0
1282,Jumeirah Park,Al Thanyah Fifth,Nakheel,Finished,Standard,100.0,0,1,1787,1827,3615,2012-05-02,2014-02-26,2012.0,2014.0,665.0,True,False,True,False,False,,>70% built,100.0,0.0
704230533,Al Furjan,Jabal Ali First,Al Furjan,Active,Standard,10.0,99,1,0,0,100,2024-10-07,2026-12-31,2024.0,2026.0,815.0,False,True,False,False,False,,<30% built,8.0,2.0
25676611,Dubai Marina,Marsa Dubai,Emaar Properties,Finished,Standard,100.0,468,1,0,0,469,2015-04-26,2018-04-30,2015.0,2018.0,1100.0,True,False,True,False,False,,>70% built,100.0,0.0
633,Palm Jumeirah,Palm Jumeirah,Nakheel,Finished,Standard,100.0,0,1,0,0,1,2012-06-04,2016-03-30,2012.0,2016.0,1395.0,True,False,True,False,False,,>70% built,100.0,0.0
546435862,Business Bay,Business Bay,Business Bay,Active,Standard,17.0,119,1,0,0,120,2023-09-15,2026-03-31,2023.0,2026.0,928.0,False,True,False,True,True,4.1,<30% built,48.0,-31.0
787513282,Al Furjan,Jabal Ali First,Al Furjan,Pending,Standard,0.0,79,1,0,0,80,2025-08-30,2027-10-30,2025.0,2027.0,791.0,False,True,False,False,False,,<30% built,0.0,0.0
578530456,Springs - 1,Al Thanayah Fourth,Emaar Properties,Finished,Standard,100.0,0,0,484,119,603,2001-01-01,2004-10-01,2001.0,2004.0,1369.0,True,False,True,False,False,,>70% built,100.0,0.0
702351817,Jumeirah Village Circle,Al Barsha South Fourth,Jumeirah Village,Active,Standard,37.0,0,0,12,0,12,2024-04-15,2025-09-15,2024.0,2025.0,518.0,False,True,False,True,False,10.6,30-70% built,8.0,29.0
578536238,Lakes - Deema 3,Al Thanyah Third,Emaar Properties,Finished,Standard,100.0,0,0,53,54,107,2000-01-01,2003-01-01,2000.0,2003.0,1096.0,True,False,True,False,False,,>70% built,100.0,0.0
562301456,Al Furjan,Jabal Ali First,Al Furjan,Active,Standard,95.0,302,2,0,0,304,2023-01-21,,2023.0,,,False,True,False,False,False,,>70% built,48.0,47.0
186758592,Dubai Health Care City Phase 2,Al Jadaf,Dubai Healthcare City,Finished,Standard,100.0,381,1,0,0,382,2018-05-10,2024-04-02,2018.0,2024.0,2154.0,True,False,True,False,False,,>70% built,100.0,0.0
368654477,Jumeirah Village Circle,Al Barsha South Fourth,Jumeirah Village,Finished,Standard,100.0,92,1,0,0,93,2021-06-01,2022-11-30,2021.0,2022.0,547.0,True,False,True,False,False,,>70% built,100.0,0.0
703588029,Dubai Science Park,Al Barshaa South Second,DHAM (Dubai Holding Asset Management),Not Started,Standard,0.0,411,1,0,0,412,2025-01-31,2026-06-30,2025.0,2026.0,515.0,False,True,False,True,True,1.1,<30% built,0.0,0.0
716081457,Palm Deira,Palm Deira,Nakheel,Not Started,Standard,0.0,73,1,0,0,74,2025-07-01,2027-11-30,2025.0,2027.0,882.0,False,True,False,False,False,,<30% built,0.0,0.0
741654057,Dubai South Residential District,Madinat Al Mataar,Dubai Aviation City Corporation,Pending,Standard,0.0,0,0,0,0,0,2025-04-01,2028-04-01,2025.0,2028.0,1096.0,False,True,False,False,False,,<30% built,0.0,0.0
764817468,Jumeirah Village Circle,Al Barsha South Fourth,Jumeirah Village,Not Started,Standard,0.0,223,1,0,0,224,2025-10-01,2028-09-30,2025.0,2028.0,1095.0,False,True,False,False,False,,<30% built,0.0,0.0
533336479,Dubai Investment Park First,Dubai Investment Park First,Dubai Investments Park Development,Active,Standard,12.0,231,1,0,0,232,2023-10-01,2026-03-30,2023.0,2026.0,911.0,False,True,False,True,True,4.2,<30% built,48.0,-36.0
611956628,International Media Production Zone,Me'Aisem First,DHAM (Dubai Holding Asset Management),Active,Standard,4.0,548,1,0,0,549,2024-06-01,,2024.0,,,False,True,False,False,False,,<30% built,8.0,-4.0
759243279,Jumeirah Village Circle,Al Barsha South Fourth,Nakheel,Pending,Standard,0.0,76,1,0,0,77,2025-06-30,2026-12-30,2025.0,2026.0,548.0,False,True,False,False,False,,<30% built,0.0,0.0
525,Dubai Marina,Marsa Dubai,Emaar Properties,Finished,Standard,100.0,72,1,0,0,73,2008-03-02,2008-05-04,2008.0,2008.0,63.0,True,False,True,False,False,,>70% built,100.0,0.0
438926132,Palm Jumeirah,Palm Jumeirah,Palm Jumeirah,Active,Standard,26.0,90,1,0,0,91,2023-01-31,2026-12-31,2023.0,2026.0,1430.0,False,True,False,False,False,,<30% built,48.0,-22.0
1429,Jumeirah Village Circle,Al Barsha South Fourth,Jumeirah Village,Finished,Standard,100.0,0,0,13,0,13,2008-11-21,2010-11-01,2008.0,2010.0,710.0,True,False,True,False,False,,>70% built,100.0,0.0
13924362,Dubai Marina,Marsa Dubai,Dubai Marina (Phase 1),Finished,Standard,100.0,389,3,0,0,392,2014-01-05,2019-06-16,2014.0,2019.0,1988.0,True,False,True,False,False,,>70% built,100.0,0.0
11528049,Arabian Ranches II - RASHA,Wadi Al Safa 7,Emaar Properties,Finished,Standard,100.0,0,0,1,140,141,2015-01-01,2017-06-01,2015.0,2017.0,882.0,True,False,True,False,False,,>70% built,100.0,0.0
765732413,Meydan One Community,Al Merkadh,Meydan Group,Active,Standard,41.0,127,1,0,0,128,2025-05-23,2027-05-30,2025.0,2027.0,737.0,False,True,False,False,False,,30-70% built,0.0,41.0
465,International City Phase 3,Warsan Fourth,International City,Finished,Standard,100.0,107,1,0,0,108,2019-05-01,2024-08-07,2019.0,2024.0,1925.0,True,False,True,False,False,,>70% built,100.0,0.0
152741118,Majan,Wadi Al Safa 3,Liwan,Finished,Standard,100.0,212,1,0,0,213,2017-05-16,2019-07-31,2017.0,2019.0,806.0,True,False,True,False,False,,>70% built,100.0,0.0
1458,Dubai Marina,Marsa Dubai,Emaar Properties,Finished,Standard,100.0,733,7,1,0,741,2006-07-01,2010-03-01,2006.0,2010.0,1339.0,True,False,True,False,False,,>70% built,100.0,0.0
654757950,Palm Deira,Palm Deira,Palm Deira,Not Started,Standard,0.0,75,1,0,0,76,2025-01-01,2026-12-31,2025.0,2026.0,729.0,False,True,False,False,False,,<30% built,0.0,0.0
775820342,International City Phase 3,Warsan Fourth,International City,Pending,Standard,0.0,94,1,0,0,95,2025-08-01,2027-08-31,2025.0,2027.0,760.0,False,True,False,False,False,,<30% built,0.0,0.0
16376834,Palm Jumeirah,Palm Jumeirah,Palm Jumeirah,Finished,Standard,100.0,94,1,0,0,95,2014-10-01,2021-06-20,2014.0,2021.0,2454.0,True,False,True,False,False,,>70% built,100.0,0.0
459867020,Silicon Oasis,Nadd Hessa,Dubai Integrated Economic Zones,Finished,Standard,100.0,96,1,0,0,97,2022-09-01,2023-12-31,2022.0,2023.0,486.0,True,False,True,False,False,,>70% built,100.0,0.0
791716596,Dubai South Residential District,Madinat Al Mataar,Dubai Aviation City Corporation,Pending,Standard,0.0,0,0,0,0,0,2025-08-15,2027-02-28,2025.0,2027.0,562.0,False,True,False,False,False,,<30% built,0.0,0.0
569621985,,Marsa Dubai,Shamal Real Estate,Active,Standard,12.0,271,5,0,0,276,2024-03-01,,2024.0,,,False,True,False,False,False,,<30% built,8.0,4.0
523,Business Bay,Business Bay,Dubai Properties,Finished,Standard,100.0,195,1,0,0,196,2008-01-27,2012-02-28,2008.0,2012.0,1493.0,True,False,True,False,False,,>70% built,100.0,0.0
102228773,Meydan One Community,Al Merkadh,Meydan Group,Finished,Standard,100.0,262,1,0,0,263,2017-07-01,2022-09-30,2017.0,2022.0,1917.0,True,False,True,False,False,,>70% built,100.0,0.0
692260146,,Nad Al Shiba First,Shamal Real Estate,Not Started,Standard,0.0,0,0,260,144,404,2025-01-28,2028-02-15,2025.0,2028.0,1113.0,False,True,False,False,False,,<30% built,0.0,0.0
29101001,Dubai Marina,Marsa Dubai,Dubai Marina (Phase 1),Finished,Standard,100.0,418,1,0,0,419,2016-08-04,2020-06-07,2016.0,2020.0,1403.0,True,False,True,False,False,,>70% built,100.0,0.0
138444891,Meydan One Community,Al Merkadh,Meydan Group,Finished,Standard,100.0,62,1,0,0,63,2017-10-01,2022-09-30,2017.0,2022.0,1825.0,True,False,True,False,False,,>70% built,100.0,0.0
685784048,Palm Deira,Palm Deira,Nakheel,Not Started,Standard,0.0,360,4,0,0,364,2025-02-15,2028-04-10,2025.0,2028.0,1150.0,False,True,False,False,False,,<30% built,0.0,0.0
721156306,Palm Deira,Palm Deira,Palm Deira,Active,Standard,34.0,94,1,0,0,95,2024-11-01,2027-03-07,2024.0,2027.0,856.0,False,True,False,False,False,,30-70% built,8.0,26.0
723652420,Mohammed Bin Rashid AL Maktoum District 11,Wadi Al Safa 3,Meydan Group,Not Started,Standard,0.0,56,1,0,0,57,2025-10-01,2027-06-30,2025.0,2027.0,637.0,False,True,False,False,False,,<30% built,0.0,0.0
504463381,Al Furjan,Jabal Ali First,Al Furjan,Finished,Standard,100.0,0,0,0,11,11,2022-03-28,2024-01-14,2022.0,2024.0,657.0,True,False,True,False,False,,>70% built,100.0,0.0
11312991,Dubai Hills Estate,Hadaeq Sheikh Mohammed Bin Rashid,Dubai Hills Estate,Finished,Standard,100.0,0,0,0,26,26,2014-06-01,2018-02-28,2014.0,2018.0,1368.0,True,False,True,False,False,,>70% built,100.0,0.0
284628211,Jumeriah Beach Residence  - JBR,Marsa Dubai,Downtown Dubai Projects,Finished,Standard,100.0,269,1,0,0,270,2020-01-16,2023-04-19,2020.0,2023.0,1189.0,True,False,True,False,False,,>70% built,100.0,0.0
1110,Dubai Marina,Marsa Dubai,Emaar Properties,Finished,Standard,100.0,0,0,0,0,0,2008-10-01,2011-01-20,2008.0,2011.0,841.0,True,False,True,False,False,,>70% built,100.0,0.0
35469438,Dubai Creek Harbour,Al Khairan First,The Lagoons (Phase 1),Finished,Standard,100.0,498,3,0,0,501,2017-03-06,2021-11-18,2017.0,2021.0,1718.0,True,False,True,False,False,,>70% built,100.0,0.0
102227215,Meydan One Community,Al Merkadh,Meydan Group,Finished,Standard,100.0,221,1,0,0,222,2017-07-01,2023-05-25,2017.0,2023.0,2154.0,True,False,True,False,False,,>70% built,100.0,0.0
14590397,Silicon Oasis,Nadd Hessa,Dubai Integrated Economic Zones,Finished,Standard,100.0,80,1,0,0,81,2013-09-08,2016-06-27,2013.0,2016.0,1023.0,True,False,True,False,False,,>70% built,100.0,0.0
509319781,Meydan One Community,Al Merkadh,District One,Finished,Standard,100.0,122,1,0,0,123,2023-05-26,2025-02-13,2023.0,2025.0,629.0,True,False,True,False,False,,>70% built,48.0,52.0
12753745,Dubiotech,Al Barshaa South Second,TECOM Investments,Finished,Standard,100.0,0,0,0,277,277,2014-03-23,2017-07-24,2014.0,2017.0,1219.0,True,False,True,False,False,,>70% built,100.0,0.0
687252314,Dubai Maritime City,Madinat Dubai Almelaheyah,Dubai Maritime City,Active,Standard,1.0,534,3,0,0,537,2025-02-28,2027-11-30,2025.0,2027.0,1005.0,False,True,False,False,False,,<30% built,0.0,1.0
625112555,Dubai Land Residence Complex,Wadi Al Safa 5,Dubailand Residences,Not Started,Standard,0.0,1000,1,0,0,1001,2024-09-30,2028-09-30,2024.0,2028.0,1461.0,False,True,False,False,False,,<30% built,8.0,-8.0
446,Business Bay,Business Bay,Business Bay,Finished,Standard,100.0,0,0,0,0,0,2010-03-01,2014-03-09,2010.0,2014.0,1469.0,True,False,True,False,False,,>70% built,100.0,0.0
207,Dubai Marina,Marsa Dubai,Emaar Properties,Finished,Standard,100.0,72,1,0,0,73,2010-07-16,2011-06-19,2010.0,2011.0,338.0,True,False,True,False,False,,>70% built,100.0,0.0
1199,Liwan1,Wadi Al Safa 2,Remraam,Finished,Standard,100.0,67,1,0,0,68,2008-08-04,2016-06-27,2008.0,2016.0,2884.0,True,False,True,False,False,,>70% built,100.0,0.0
476786484,SOBHA HARTLAND,Al Merkadh,Sobha,Active,Standard,47.0,363,1,0,0,364,2023-06-01,2026-09-30,2023.0,2026.0,1217.0,False,True,False,False,False,,30-70% built,48.0,-1.0
217,Jumeirah Village Circle,Al Barsha South Fourth,Jumeirah Village,Finished,Standard,100.0,191,1,0,0,192,2008-11-21,2010-11-01,2008.0,2010.0,710.0,True,False,True,False,False,,>70% built,100.0,0.0
595027781,Mohammed Bin Rashid AL Maktoum District 11,Wadi Al Safa 3,Meydan Group,Active,Standard,46.0,180,5,0,0,185,2024-04-01,,2024.0,,,False,True,False,False,False,,30-70% built,8.0,38.0
525505328,DAMAC HILLS 2,Madinat Hind 4,Front Line Investment Management,Active,Standard,52.0,0,0,0,438,438,2023-10-23,,2023.0,,,False,True,False,False,False,,30-70% built,48.0,4.0
595937071,TOWN SQUARE,Al Yelayiss 2,Nshama,Active,Standard,11.0,192,1,0,0,193,2024-09-13,,2024.0,,,False,True,False,False,False,,<30% built,8.0,3.0
501931011,Majan,Wadi Al Safa 3,Liwan,Active,Standard,91.0,73,1,0,0,74,2022-04-05,2023-12-31,2022.0,2023.0,635.0,False,True,False,True,False,31.1,>70% built,100.0,-9.0
652506377,Palm Deira,Palm Deira,Nakheel,Not Started,Standard,0.0,65,1,0,0,66,2023-09-21,2026-11-30,2023.0,2026.0,1166.0,False,True,False,False,False,,<30% built,48.0,-48.0
808,Silicon Oasis,Nadd Hessa,Dubai Integrated Economic Zones,Finished,Standard,100.0,96,1,0,0,97,2008-04-01,2011-07-31,2008.0,2011.0,1216.0,True,False,True,False,False,,>70% built,100.0,0.0
715917954,Dubai Land Residence Complex,Wadi Al Safa 5,Dubailand Residences,Active,Standard,3.0,208,1,0,0,209,2025-03-25,2027-03-30,2025.0,2027.0,735.0,False,True,False,False,False,,<30% built,0.0,3.0
7531224,,Al Yelayiss 1,Al Aryam (Phase 1),Finished,Standard,100.0,0,1,316,91,408,2013-12-01,2016-10-06,2013.0,2016.0,1040.0,True,False,True,False,False,,>70% built,100.0,0.0
452008579,Dubai Marina,Marsa Dubai,Emaar Development,Active,Standard,41.0,229,1,0,0,230,2022-11-01,2026-12-30,2022.0,2026.0,1520.0,False,True,False,False,False,,30-70% built,100.0,-59.0
813687577,Jumeirah Garden City,Al Satwa,Meraas,Pending,Standard,0.0,85,1,0,0,86,2025-12-15,2028-02-15,2025.0,2028.0,792.0,False,True,False,False,False,,<30% built,0.0,0.0
707802348,,Wadi Al Safa 4,Majid Al Futtaim Communities,Not Started,Standard,0.0,550,5,0,0,555,2025-08-01,2028-09-30,2025.0,2028.0,1156.0,False,True,False,False,False,,<30% built,0.0,0.0
176865160,Meydan One Community,Al Merkadh,Meydan Group,Finished,Standard,100.0,231,1,0,0,232,2017-10-01,2023-06-22,2017.0,2023.0,2090.0,True,False,True,False,False,,>70% built,100.0,0.0
711187425,,Wadi Al Safa 4,Majid Al Futtaim Communities,Not Started,Standard,0.0,714,12,0,0,726,2025-08-15,2029-05-08,2025.0,2029.0,1362.0,False,True,False,False,False,,<30% built,0.0,0.0
388412465,Jumeirah Village Circle,Al Barsha South Fourth,Jumeirah Village,Finished,Standard,100.0,238,1,0,0,239,2021-07-25,2023-04-30,2021.0,2023.0,644.0,True,False,True,False,False,,>70% built,100.0,0.0
190507885,Dubai Harbour,Marsa Dubai,Emaar Development,Finished,Standard,100.0,625,3,0,0,628,2018-12-27,2023-03-30,2018.0,2023.0,1554.0,True,False,True,False,False,,>70% built,100.0,0.0
389128966,Jumeira Bay,Island 2,Jumeirah Bay,Finished,Standard,100.0,0,0,0,6,6,2022-02-01,2024-02-01,2022.0,2024.0,730.0,True,False,True,False,False,,>70% built,100.0,0.0
745875576,City Of Arabia,Wadi Al Safa 4,Ilyas & Mustafa Galadari Investment & Development,Not Started,Standard,0.0,306,1,0,0,307,2025-04-16,2027-04-30,2025.0,2027.0,744.0,False,True,False,False,False,,<30% built,0.0,0.0
739859851,Dubai Land Residence Complex,Wadi Al Safa 5,Dubailand Residences,Not Started,Standard,0.0,339,1,0,0,340,2025-06-01,2028-06-30,2025.0,2028.0,1125.0,False,True,False,False,False,,<30% built,0.0,0.0
139560630,SOBHA HARTLAND,Al Merkadh,Sobha,Finished,Standard,100.0,283,2,0,0,285,2017-09-01,2021-12-31,2017.0,2021.0,1582.0,True,False,True,False,False,,>70% built,100.0,0.0
647832691,Jumeirah Garden City,Al Satwa,Meraas,Active,Standard,22.0,56,1,0,0,57,2024-10-01,2026-07-30,2024.0,2026.0,667.0,False,True,False,True,True,0.2,<30% built,8.0,14.0
661038576,Dubai World Central,Madinat Al Mataar,Expo City Real Estate Development,Active,Standard,3.0,477,3,0,0,480,2025-01-01,2028-03-31,2025.0,2028.0,1185.0,False,True,False,False,False,,<30% built,0.0,3.0
668298486,Mohammed Bin Rashid AL Maktoum District 11,Wadi Al Safa 3,Meydan Group,Active,Standard,2.0,42,1,0,0,43,2025-01-01,2027-06-30,2025.0,2027.0,910.0,False,True,False,False,False,,<30% built,0.0,2.0
670340370,International Media Production Zone,Me'Aisem First,DHAM (Dubai Holding Asset Management),Not Started,Standard,0.0,205,1,0,0,206,2025-04-01,2027-06-01,2025.0,2027.0,791.0,False,True,False,False,False,,<30% built,0.0,0.0
529545309,Al Furjan,Jabal Ali First,Al Furjan,Active,Standard,91.0,85,1,0,0,86,2023-07-10,,2023.0,,,False,True,False,False,False,,>70% built,48.0,43.0
574980173,Dubai Health Care City Phase 2,Al Jadaf,Dubai Healthcare City,Active,Standard,42.0,304,1,0,0,305,2024-01-02,,2024.0,,,False,True,False,False,False,,30-70% built,8.0,34.0
592513306,Dubai South Residential District,Madinat Al Mataar,Dubai Aviation City Corporation,Not Started,Standard,0.0,0,0,144,46,190,2024-06-30,,2024.0,,,False,True,False,False,False,,<30% built,8.0,-8.0
14327173,Jumeirah Village Circle,Al Barsha South Fourth,Jumeirah Village,Finished,Standard,100.0,385,1,0,0,386,2014-07-03,2017-11-26,2014.0,2017.0,1242.0,True,False,True,False,False,,>70% built,100.0,0.0
260,Dubai Marina,Marsa Dubai,Emaar Properties,Finished,Standard,100.0,193,1,0,0,194,2006-09-16,2009-06-30,2006.0,2009.0,1018.0,True,False,True,False,False,,>70% built,100.0,0.0
34220580,Jumeirah Village Circle,Al Barsha South Fourth,Nakheel,Finished,Standard,100.0,68,1,0,0,69,2016-08-01,2018-12-09,2016.0,2018.0,860.0,True,False,True,False,False,,>70% built,100.0,0.0
419748575,,Um Suqaim Third,Jumeirah Hills Development,Active,Standard,91.0,378,4,0,0,382,2022-08-21,2024-12-15,2022.0,2024.0,847.0,False,True,False,True,False,19.6,>70% built,100.0,-9.0
817267228,Majan,Wadi Al Safa 3,Liwan,Pending,Standard,0.0,0,0,0,0,0,2025-10-01,2027-03-31,2025.0,2027.0,546.0,False,True,False,False,False,,<30% built,0.0,0.0
4463513,Palm Jumeirah,Palm Jumeirah,Nakheel,Finished,Standard,100.0,104,1,0,0,105,2013-02-24,2014-11-09,2013.0,2014.0,623.0,True,False,True,False,False,,>70% built,100.0,0.0
362,Jumeirah Village Circle,Al Barsha South Fourth,Jumeirah Village,Finished,Standard,100.0,0,0,12,0,12,2009-10-21,2013-03-14,2009.0,2013.0,1240.0,True,False,True,False,False,,>70% built,100.0,0.0
635705263,Jumeirah Village Circle,Al Barsha South Fourth,Nakheel,Active,Standard,8.0,285,1,0,0,286,2024-07-30,2027-02-28,2024.0,2027.0,943.0,False,True,False,False,False,,<30% built,8.0,0.0
641521851,TOWN SQUARE,Al Yelayiss 2,Nshama,Not Started,Standard,0.0,171,1,0,0,172,2025-03-03,2027-06-30,2025.0,2027.0,849.0,False,True,False,False,False,,<30% built,0.0,0.0
500040616,DownTown Dubai,Burj Khalifa,Emaar Development,Active,Standard,45.0,417,1,0,0,418,2023-08-01,,2023.0,,,False,True,False,False,False,,30-70% built,48.0,-3.0
12087329,Jumeirah Village Circle,Al Barsha South Fourth,Jumeirah Village,Finished,Standard,100.0,0,0,10,0,10,2014-01-15,2016-06-29,2014.0,2016.0,896.0,True,False,True,False,False,,>70% built,100.0,0.0
610810014,,Wadi Al Safa 4,Majid Al Futtaim Communities,Not Started,Standard,0.0,535,10,0,0,545,2024-12-27,,2024.0,,,False,True,False,False,False,,<30% built,8.0,-8.0
21384345,Jumeirah Village Circle,Al Barsha South Fourth,Jumeirah Village,Finished,Standard,100.0,0,0,12,0,12,2014-11-01,2016-04-18,2014.0,2016.0,534.0,True,False,True,False,False,,>70% built,100.0,0.0
14,Silicon Oasis,Nadd Hessa,Dubai Integrated Economic Zones,Finished,Standard,100.0,133,1,0,0,134,2008-05-17,2018-04-30,2008.0,2018.0,3635.0,True,False,True,False,False,,>70% built,100.0,0.0
330,Dubai Sports City,Al Hebiah Fourth,Dubai Sports City,Finished,Standard,100.0,366,1,0,0,367,2008-10-20,2013-08-15,2008.0,2013.0,1760.0,True,False,True,False,False,,>70% built,100.0,0.0
643929745,Mohammed Bin Rashid AL Maktoum District 11,Wadi Al Safa 3,Meydan Group,Active,Standard,3.0,42,1,0,0,43,2025-01-01,2027-12-31,2025.0,2027.0,1094.0,False,True,False,False,False,,<30% built,0.0,3.0
97549532,Al Furjan,Jabal Ali First,Al Furjan,Finished,Standard,100.0,223,1,0,0,224,2017-07-01,2024-06-05,2017.0,2024.0,2531.0,True,False,True,False,False,,>70% built,100.0,0.0
1450,Dubai Marina,Marsa Dubai,Emaar Properties,Finished,Standard,100.0,237,4,0,0,241,2014-01-26,,2014.0,,,True,False,True,False,False,,>70% built,100.0,0.0
817272226,Palm Jabal Ali,Palm Jabal Ali,Nakheel,Pending,Standard,0.0,0,0,0,0,0,2025-12-04,2028-12-04,2025.0,2028.0,1096.0,False,True,False,False,False,,<30% built,0.0,0.0
730491476,Jumeirah Garden City,Al Satwa,Meraas,Not Started,Standard,0.0,42,1,0,0,43,2025-06-01,2028-05-31,2025.0,2028.0,1095.0,False,True,False,False,False,,<30% built,0.0,0.0
28752723,Al Furjan,Jabal Ali First,Al Furjan,Finished,Standard,100.0,318,1,0,0,319,2016-03-01,2017-11-01,2016.0,2017.0,610.0,True,False,True,False,False,,>70% built,100.0,0.0
683958192,Palm Deira,Palm Deira,Palm Deira,Active,Standard,18.0,60,1,0,0,61,2024-10-07,2026-04-07,2024.0,2026.0,547.0,False,True,False,True,True,3.9,<30% built,8.0,10.0
610,Silicon Oasis,Nadd Hessa,Dubai Integrated Economic Zones,Finished,Standard,100.0,159,1,0,0,160,2009-07-29,2014-11-23,2009.0,2014.0,1943.0,True,False,True,False,False,,>70% built,100.0,0.0
9618977,,Al Merkadh,District One,Finished,Standard,100.0,0,0,0,304,304,2013-05-01,2020-03-31,2013.0,2020.0,2526.0,True,False,True,False,False,,>70% built,100.0,0.0
264004372,,Al Yelayiss 1,Shamal Real Estate,Finished,Standard,100.0,0,0,378,102,480,2019-06-27,2022-05-31,2019.0,2022.0,1069.0,True,False,True,False,False,,>70% built,100.0,0.0
666899559,Arjan,Al Barshaa South Third,Liwan,Active,Standard,33.0,38,1,0,0,39,2024-08-01,2027-07-14,2024.0,2027.0,1077.0,False,True,False,False,False,,30-70% built,8.0,25.0
106498095,DAMAC HILLS,Al Hebiah Third,DAMAC Crescent Properties,Finished,Standard,100.0,0,0,129,347,476,2017-11-05,2025-02-12,2017.0,2025.0,2656.0,True,False,True,False,False,,>70% built,100.0,0.0
7053716,DownTown Dubai,Burj Khalifa,Emaar Properties,Finished,Standard,100.0,708,5,0,0,713,2013-08-01,2019-09-30,2013.0,2019.0,2251.0,True,False,True,False,False,,>70% built,100.0,0.0
566900982,Jumeirah Village Circle,Al Barsha South Fourth,Jumeirah Village,Active,Standard,6.0,281,1,0,0,282,2024-04-30,,2024.0,,,False,True,False,False,False,,<30% built,8.0,-2.0
770865314,Al Furjan,Jabal Ali First,Al Furjan,Not Started,Standard,0.0,61,1,0,0,62,2025-06-03,2027-06-02,2025.0,2027.0,729.0,False,True,False,False,False,,<30% built,0.0,0.0
812049088,Dubai Land Residence Complex,Wadi Al Safa 5,Dubailand Residences,Pending,Standard,0.0,126,1,0,0,127,2025-09-01,2027-02-20,2025.0,2027.0,537.0,False,True,False,False,False,,<30% built,0.0,0.0
483085983,Dubai Health Care City Phase 2,Al Jadaf,Dubai Healthcare City,Finished,Standard,100.0,173,1,0,0,174,2022-03-28,,2022.0,,,True,False,True,False,False,,>70% built,100.0,0.0
479,Dubai Sports City,Al Hebiah Fourth,Dubai Sports City,Finished,Standard,100.0,196,1,0,0,197,2008-06-07,2015-04-28,2008.0,2015.0,2516.0,True,False,True,False,False,,>70% built,100.0,0.0
646142013,Jumeirah Village Circle,Al Barsha South Fourth,Jumeirah Village,Active,Standard,25.0,56,1,0,0,57,2024-10-01,2026-03-01,2024.0,2026.0,516.0,False,True,False,True,True,5.1,<30% built,8.0,17.0
596,Jumeirah Lakes Towers,Al Thanyah Fifth,Nakheel,Finished,Standard,100.0,342,1,0,0,343,2005-10-01,2010-01-27,2005.0,2010.0,1579.0,True,False,True,False,False,,>70% built,100.0,0.0
1278,Arabian Ranches - Golf Homes,Wadi Al Safa 6,Emaar Properties,Finished,Standard,100.0,0,0,1,0,1,2008-06-25,2013-05-19,2008.0,2013.0,1789.0,True,False,True,False,False,,>70% built,100.0,0.0
687,Jumeirah Lakes Towers,Al Thanyah Fifth,Nakheel,Finished,Standard,100.0,253,1,0,0,254,2008-08-15,2008-01-30,2008.0,2008.0,,True,False,True,False,False,,>70% built,100.0,0.0
20028058,Dubai Science Park,Al Barshaa South Second,TECOM Investments,Active,Standard,70.0,1163,3,0,0,1166,2023-10-01,2026-10-01,2023.0,2026.0,1096.0,False,True,False,False,False,,30-70% built,48.0,22.0
156519496,,Wadi Al Safa 5,Dubai Properties,Finished,Standard,100.0,0,0,352,60,412,2018-01-10,2022-03-21,2018.0,2022.0,1531.0,True,False,True,False,False,,>70% built,100.0,0.0
813599097,Dubai South Residential District,Madinat Al Mataar,Dubai South Properties DWC,Pending,Standard,0.0,0,0,0,0,0,2025-09-25,2028-05-14,2025.0,2028.0,962.0,False,True,False,False,False,,<30% built,0.0,0.0
616732846,Dubai Water Canal,Al Wasl,DHRE 2 BTS (Dubai Holding),Not Started,Standard,0.0,135,1,0,0,136,2024-12-01,2028-12-31,2024.0,2028.0,1491.0,False,True,False,False,False,,<30% built,8.0,-8.0
641364621,Silicon Oasis,Nadd Hessa,Dubai Integrated Economic Zones,Not Started,Standard,0.0,222,1,0,0,223,2024-04-01,2028-03-31,2024.0,2028.0,1460.0,False,True,False,False,False,,<30% built,8.0,-8.0
484215523,Palm Jabal Ali,Palm Jabal Ali,Nakheel,Active,Standard,13.0,0,0,0,107,107,2023-09-13,2027-09-29,2023.0,2027.0,1477.0,False,True,False,False,False,,<30% built,48.0,-35.0
12666707,Business Bay,Business Bay,Dubai Properties,Finished,Standard,100.0,506,1,0,0,507,2014-08-15,2018-07-25,2014.0,2018.0,1440.0,True,False,True,False,False,,>70% built,100.0,0.0
725032089,Dubai Land Residence Complex,Wadi Al Safa 5,Dubailand Residences,Not Started,Standard,0.0,108,1,0,0,109,2025-06-04,2027-03-30,2025.0,2027.0,664.0,False,True,False,False,False,,<30% built,0.0,0.0
102608419,Jumeirah Village Circle,Al Barsha South Fourth,Jumeirah Village,Finished,Standard,100.0,276,2,0,0,278,2017-08-12,2021-03-28,2017.0,2021.0,1324.0,True,False,True,False,False,,>70% built,100.0,0.0
406018214,Jabal Ali Village,Jabal Ali First,Nakheel,Active,Standard,76.0,0,0,0,285,285,2022-09-07,2025-12-31,2022.0,2025.0,1211.0,False,True,False,True,False,7.1,>70% built,100.0,-24.0
42,Dubai Marina,Marsa Dubai,Emaar Properties,Finished,Standard,100.0,166,1,0,0,167,2003-05-17,2005-04-13,2003.0,2005.0,697.0,True,False,True,False,False,,>70% built,87.5,12.5
564866914,SOBHA HARTLAND,Al Merkadh,Sobha,Active,Standard,52.0,0,0,0,3,3,2023-08-29,2024-12-02,2023.0,2024.0,461.0,False,True,False,True,False,20.0,30-70% built,48.0,4.0
52,Business Bay,Business Bay,Dubai Properties,Finished,Standard,100.0,217,1,0,0,218,2007-11-18,2011-01-12,2007.0,2011.0,1151.0,True,False,True,False,False,,>70% built,100.0,0.0
484279787,Palm Jabal Ali,Palm Jabal Ali,Nakheel,Not Started,Standard,0.0,0,0,0,20,20,2023-12-02,,2023.0,,,False,True,False,False,False,,<30% built,48.0,-48.0
635854273,Al Furjan,Jabal Ali First,Al Furjan,Active,Standard,4.0,77,1,0,0,78,2024-12-01,2026-08-29,2024.0,2026.0,636.0,False,True,False,False,False,,<30% built,8.0,-4.0
440137237,SOBHA HARTLAND,Al Merkadh,Sobha,Finished,Standard,100.0,400,1,0,0,401,2022-06-15,2025-07-31,2022.0,2025.0,1142.0,True,False,True,False,False,,>70% built,100.0,0.0
769803014,Majan,Wadi Al Safa 3,Liwan,Not Started,Standard,0.0,103,1,0,0,104,2025-06-01,2028-09-30,2025.0,2028.0,1217.0,False,True,False,False,False,,<30% built,0.0,0.0
139996324,Meydan One Community,Al Merkadh,Meydan Group,Finished,Standard,100.0,251,1,0,0,252,2017-10-01,2023-07-14,2017.0,2023.0,2112.0,True,False,True,False,False,,>70% built,100.0,0.0
1091,Jumeirah Village Circle,Al Barsha South Fourth,Jumeirah Village,Finished,Standard,100.0,0,0,16,0,16,2008-04-06,2010-12-20,2008.0,2010.0,988.0,True,False,True,False,False,,>70% built,100.0,0.0
473421787,Jumeirah Lakes Towers,Al Thanyah Fifth,DMCC (Dubai Multi Commodities Centre),Active,Standard,21.0,564,1,0,0,565,2023-07-01,2026-06-30,2023.0,2026.0,1095.0,False,True,False,True,True,1.1,<30% built,48.0,-27.0
249107283,SOBHA HARTLAND,Al Merkadh,Sobha,Finished,Standard,100.0,320,2,0,0,322,2018-12-31,2023-06-25,2018.0,2023.0,1637.0,True,False,True,False,False,,>70% built,100.0,0.0
678748825,,Al Barsha South Fifth,Nakheel,Not Started,Standard,0.0,147,1,0,0,148,2025-01-20,2026-11-30,2025.0,2026.0,679.0,False,True,False,False,False,,<30% built,0.0,0.0
722718724,Mohammed Bin Rashid AL Maktoum District 11,Wadi Al Safa 3,Meydan Group,Pending,Standard,0.0,990,7,0,0,997,2025-06-01,2028-07-26,2025.0,2028.0,1151.0,False,True,False,False,False,,<30% built,0.0,0.0
1179,Jumeirah Lakes Towers,Al Thanyah Fifth,Nakheel,Finished,Standard,100.0,331,1,0,0,332,2006-04-01,2009-11-10,2006.0,2009.0,1319.0,True,False,True,False,False,,>70% built,100.0,0.0
225969732,Dubai Creek Harbour,Al Khairan First,The Lagoons (Phase 1),Finished,Standard,100.0,592,2,0,0,594,2019-07-24,2022-12-31,2019.0,2022.0,1256.0,True,False,True,False,False,,>70% built,100.0,0.0
624884504,Dubai Hills Estate,Hadaeq Sheikh Mohammed Bin Rashid,Dubai Hills Estate,Active,Standard,17.0,209,1,0,0,210,2024-11-02,2028-11-30,2024.0,2028.0,1489.0,False,True,False,False,False,,<30% built,8.0,9.0
576208570,Springs - 6,Al Thanayah Fourth,Emaar Properties,Finished,Standard,100.0,0,0,450,129,579,2001-01-01,2004-01-01,2001.0,2004.0,1095.0,True,False,True,False,False,,>70% built,100.0,0.0
508593138,Dubai Water Canal,Al Wasl,Meraas,Active,Standard,12.0,68,1,0,0,69,2023-10-15,,2023.0,,,False,True,False,False,False,,<30% built,48.0,-36.0
774553524,Dubai Sports City,Al Hebiah Fourth,Dubai Sports City,Not Started,Standard,0.0,516,1,0,0,517,2025-11-01,2028-12-31,2025.0,2028.0,1156.0,False,True,False,False,False,,<30% built,0.0,0.0
705,Jumeirah Village Circle,Al Barsha South Fourth,Jumeirah Village,Finished,Standard,100.0,101,1,1,0,103,2010-06-01,2014-08-21,2010.0,2014.0,1542.0,True,False,True,False,False,,>70% built,100.0,0.0
804391066,Liwan1,Wadi Al Safa 2,Liwan,Pending,Standard,0.0,0,0,0,0,0,2025-05-01,2028-03-03,2025.0,2028.0,1037.0,False,True,False,False,False,,<30% built,0.0,0.0
732,Dubai Marina,Marsa Dubai,Emaar Properties,Finished,Standard,100.0,196,1,0,0,197,2007-09-01,2012-07-03,2007.0,2012.0,1767.0,True,False,True,False,False,,>70% built,100.0,0.0
50161514,DAMAC HILLS,Al Hebiah Third,DAMAC Crescent Properties,Finished,Standard,100.0,0,0,0,100,100,2017-05-16,2023-08-07,2017.0,2023.0,2274.0,True,False,True,False,False,,>70% built,100.0,0.0
298342892,Jumeirah Village Circle,Al Barsha South Fourth,Jumeirah Village,Finished,Standard,100.0,97,1,0,0,98,2019-09-22,2023-01-11,2019.0,2023.0,1207.0,True,False,True,False,False,,>70% built,100.0,0.0
652826238,Liwan2,Wadi Al Safa 2,Liwan,Pending,Standard,0.0,0,0,0,0,0,2024-11-01,2025-12-31,2024.0,2025.0,425.0,False,True,False,True,True,7.1,<30% built,8.0,-8.0
10262747,Business Bay,Business Bay,Dubai Properties,Finished,Standard,100.0,0,1,0,0,1,2012-04-10,2014-11-25,2012.0,2014.0,959.0,True,False,True,False,False,,>70% built,100.0,0.0
328815410,Arjan,Al Barshaa South Third,Liwan,Finished,Standard,100.0,313,1,0,0,314,2020-10-22,2022-09-12,2020.0,2022.0,690.0,True,False,True,False,False,,>70% built,100.0,0.0
77746512,Jumeirah Village Circle,Al Barsha South Fourth,Nakheel,Finished,Standard,100.0,103,1,0,0,104,2016-09-10,2018-02-28,2016.0,2018.0,536.0,True,False,True,False,False,,>70% built,100.0,0.0
1213,Liwan1,Wadi Al Safa 2,Remraam,Finished,Standard,100.0,55,1,0,0,56,2009-07-01,2014-10-09,2009.0,2014.0,1926.0,True,False,True,False,False,,>70% built,100.0,0.0
87222177,Jumeirah Village Circle,Al Barsha South Fourth,Jumeirah Village,Active,Standard,43.0,418,2,0,0,420,2023-07-31,,2023.0,,,False,True,False,False,False,,30-70% built,48.0,-5.0
137009405,Arjan,Al Barshaa South Third,Liwan,Finished,Standard,100.0,340,4,0,0,344,2017-08-01,2019-09-30,2017.0,2019.0,790.0,True,False,True,False,False,,>70% built,100.0,0.0
508919945,Jumeirah Village Circle,Al Barsha South Fourth,Nakheel,Finished,Standard,100.0,0,0,13,0,13,2023-02-01,,2023.0,,,True,False,True,False,False,,>70% built,48.0,52.0
635640455,,Wadi Al Safa 5,Dubailand,Active,Standard,2.0,59,1,0,0,60,2026-01-01,2028-06-30,2026.0,2028.0,911.0,False,True,False,False,False,,<30% built,0.0,2.0
746525960,,Dubai Investment Park Second,Emaar Development,Not Started,Standard,0.0,0,0,0,218,218,2025-03-13,2029-06-30,2025.0,2029.0,1570.0,False,True,False,False,False,,<30% built,0.0,0.0
29319888,,Business Bay,Meraas,Finished,Standard,100.0,1371,1,0,0,1372,2016-07-01,2023-10-12,2016.0,2023.0,2659.0,True,False,True,False,False,,>70% built,100.0,0.0
806365637,Dubai Land Residence Complex,Wadi Al Safa 5,Dubailand Residences,Pending,Standard,0.0,0,0,0,0,0,2025-11-15,2027-10-31,2025.0,2027.0,715.0,False,True,False,False,False,,<30% built,0.0,0.0
630,Business Bay,Business Bay,Business Bay,Finished,Standard,100.0,325,1,0,0,326,2015-01-15,2020-02-11,2015.0,2020.0,1853.0,True,False,True,False,False,,>70% built,100.0,0.0
707791722,,Al Yelayiss 1,DAMAC Elite Investment,Active,Standard,1.0,0,0,0,323,323,2024-04-21,2028-12-31,2024.0,2028.0,1715.0,False,True,False,False,False,,<30% built,8.0,-7.0
218,Jumeirah Village Circle,Al Barsha South Fourth,Jumeirah Village,Finished,Standard,100.0,208,1,0,0,209,2008-11-21,2012-03-15,2008.0,2012.0,1210.0,True,False,True,False,False,,>70% built,100.0,0.0
146,Jaddaf Waterfront,Al Jadaf,Dubai Properties,Finished,Standard,100.0,94,1,0,0,95,2008-02-19,2017-05-23,2008.0,2017.0,3381.0,True,False,True,False,False,,>70% built,100.0,0.0
239649853,Dubai South Residential District,Madinat Al Mataar,Dubai Aviation City Corporation,Finished,Standard,100.0,124,1,0,0,125,2018-08-01,2021-12-31,2018.0,2021.0,1248.0,True,False,True,False,False,,>70% built,100.0,0.0
24131119,Jumeirah Village Circle,Al Barsha South Fourth,Jumeirah Village,Finished,Standard,100.0,66,1,0,0,67,2015-04-01,2016-10-01,2015.0,2016.0,549.0,True,False,True,False,False,,>70% built,100.0,0.0
600970270,Jumeirah Village Circle,Al Barsha South Fourth,Jumeirah Village,Finished,Standard,100.0,107,1,0,0,108,2024-01-01,2024-12-31,2024.0,2024.0,365.0,True,False,True,False,False,,>70% built,8.0,92.0
300806970,Al Furjan,Jabal Ali First,Al Furjan,Finished,Standard,100.0,0,0,0,0,0,2019-08-16,2021-05-16,2019.0,2021.0,639.0,True,False,True,False,False,,>70% built,100.0,0.0
54017571,Mudon,Al Hebiah Sixth,Dubai Properties,Finished,Standard,100.0,0,0,0,508,508,2017-06-30,2020-07-31,2017.0,2020.0,1127.0,True,False,True,False,False,,>70% built,100.0,0.0
401147435,Dubai Health Care City Phase 2,Al Jadaf,Dubai Healthcare City,Finished,Standard,100.0,335,1,0,0,336,2022-02-07,2023-04-30,2022.0,2023.0,447.0,True,False,True,False,False,,>70% built,100.0,0.0
670181047,Dubai Land Residence Complex,Wadi Al Safa 5,Dubailand Residences,Active,Standard,1.0,97,1,0,0,98,2024-12-15,2027-03-14,2024.0,2027.0,819.0,False,True,False,False,False,,<30% built,8.0,-7.0
583141387,Palm Jumeirah,Palm Jumeirah,Nakheel,Not Started,Standard,0.0,0,0,0,37,37,2024-07-15,2027-07-15,2024.0,2027.0,1095.0,False,True,False,False,False,,<30% built,8.0,-8.0
802064860,Dubai South Residential District,Madinat Al Mataar,Dubai Aviation City Corporation,Pending,Standard,0.0,0,0,0,0,0,2025-09-01,2027-04-30,2025.0,2027.0,606.0,False,True,False,False,False,,<30% built,0.0,0.0
769111286,Palm Deira,Palm Deira,Nakheel,Not Started,Standard,0.0,137,2,0,0,139,2025-12-01,2028-05-30,2025.0,2028.0,911.0,False,True,False,False,False,,<30% built,0.0,0.0
749740236,Dubai Maritime City,Madinat Dubai Almelaheyah,Dubai Maritime City,Not Started,Standard,0.0,703,3,0,0,706,2025-07-19,2029-12-31,2025.0,2029.0,1626.0,False,True,False,False,False,,<30% built,0.0,0.0
690160520,Dubai South Residential District,Madinat Al Mataar,Dubai Aviation City Corporation,Pending,Standard,0.0,56,1,0,0,57,2025-06-05,2027-05-05,2025.0,2027.0,699.0,False,True,False,False,False,,<30% built,0.0,0.0
26282545,Arjan,Al Barshaa South Third,Liwan,Finished,Standard,100.0,120,1,0,0,121,2015-02-01,2016-08-04,2015.0,2016.0,550.0,True,False,True,False,False,,>70% built,100.0,0.0
577706096,DownTown Dubai,Burj Khalifa,Emaar Development,Active,Standard,11.0,247,1,0,0,248,2024-08-01,2027-08-15,2024.0,2027.0,1109.0,False,True,False,False,False,,<30% built,8.0,3.0
913,Dubai Marina,Marsa Dubai,Emaar Properties,Finished,Standard,100.0,277,1,0,0,278,2010-06-27,2014-06-04,2010.0,2014.0,1438.0,True,False,True,False,False,,>70% built,100.0,0.0
675885998,Dubai Sports City,Al Hebiah Fourth,Dubai Sports City,Active,Standard,22.0,396,1,0,0,397,2024-10-01,2027-10-31,2024.0,2027.0,1125.0,False,True,False,False,False,,<30% built,8.0,14.0
644473035,Palm Deira,Palm Deira,Nakheel,Not Started,Standard,0.0,50,1,0,0,51,2024-09-30,2026-09-30,2024.0,2026.0,730.0,False,True,False,False,False,,<30% built,8.0,-8.0
709202465,Al Furjan,Jabal Ali First,Nakheel,Not Started,Standard,0.0,171,1,0,0,172,2025-01-15,2028-01-15,2025.0,2028.0,1095.0,False,True,False,False,False,,<30% built,0.0,0.0
1140,Dubai Sports City,Al Hebiah Fourth,Dubai Sports City,Finished,Standard,100.0,126,1,0,0,127,2007-09-29,2013-02-24,2007.0,2013.0,1975.0,True,False,True,False,False,,>70% built,100.0,0.0
379955363,Jumeirah Village Circle,Al Barsha South Fourth,Jumeirah Village,Finished,Standard,100.0,0,0,10,0,10,2021-09-15,2023-04-15,2021.0,2023.0,577.0,True,False,True,False,False,,>70% built,100.0,0.0
492701978,Dubai World Central,Madinat Al Mataar,Expo City Real Estate Development,Active,Standard,18.0,437,3,0,0,440,2024-06-01,,2024.0,,,False,True,False,False,False,,<30% built,8.0,10.0
47888826,Jumeirah Golf Estates,Me'Aisem First,Jumeirah Golf Estates,Finished,Standard,100.0,0,0,0,95,95,2017-08-01,2020-10-05,2017.0,2020.0,1161.0,True,False,True,False,False,,>70% built,100.0,0.0
752769157,Mohammed Bin Rashid AL Maktoum District 11,Wadi Al Safa 3,Meydan Group,Not Started,Standard,0.0,189,4,0,0,193,2025-05-30,2028-03-31,2025.0,2028.0,1036.0,False,True,False,False,False,,<30% built,0.0,0.0
745414924,,Dubai Investment Park Second,DAMAC Meree Investment,Not Started,Standard,0.0,0,0,208,28,236,2025-10-01,2028-06-30,2025.0,2028.0,1003.0,False,True,False,False,False,,<30% built,0.0,0.0
663035669,Dubai Harbour,Marsa Dubai,Dubai Harbour Community,Not Started,Standard,0.0,491,4,0,0,495,2025-06-15,2027-12-31,2025.0,2027.0,929.0,False,True,False,False,False,,<30% built,0.0,0.0
620797750,,Business Bay,Business Bay,Not Started,Standard,0.0,1088,1,0,0,1089,2024-12-01,2029-12-31,2024.0,2029.0,1856.0,False,True,False,False,False,,<30% built,8.0,-8.0
551155236,Jumeirah Village Circle,Al Barsha South Fourth,Jumeirah Village,Active,Standard,60.0,99,1,12,1,113,2024-01-01,,2024.0,,,False,True,False,False,False,,30-70% built,8.0,52.0
51,Business Bay,Business Bay,Dubai Properties,Finished,Standard,100.0,105,1,0,0,106,2008-07-13,2012-12-30,2008.0,2012.0,1631.0,True,False,True,False,False,,>70% built,100.0,0.0
168231345,Arjan,Al Barshaa South Third,Liwan,Finished,Standard,100.0,200,1,0,0,201,2017-09-25,2020-02-25,2017.0,2020.0,883.0,True,False,True,False,False,,>70% built,100.0,0.0
639,Arjan,Al Barshaa South Third,Remraam,Finished,Standard,100.0,143,1,0,0,144,2009-04-07,2012-04-23,2009.0,2012.0,1112.0,True,False,True,False,False,,>70% built,100.0,0.0
596120082,DAMAC HILLS 2,Madinat Hind 4,Front Line Investment Management,Active,Standard,3.0,0,0,0,273,273,2024-06-01,,2024.0,,,False,True,False,False,False,,<30% built,8.0,-5.0
93395204,Liwan1,Wadi Al Safa 2,Liwan,Finished,Standard,100.0,154,1,0,0,155,2016-08-01,2018-02-22,2016.0,2018.0,570.0,True,False,True,False,False,,>70% built,100.0,0.0
611478790,Nad Al Sheba Gardens,Nad Al Shiba First,Shamal Real Estate,Not Started,Standard,0.0,0,0,100,61,161,2024-10-01,,2024.0,,,False,True,False,False,False,,<30% built,8.0,-8.0
407154187,Dubai Creek Harbour,Al Khairan First,Dubai Creek Harbour,Finished,Standard,100.0,270,4,0,0,274,2022-03-05,2025-09-30,2022.0,2025.0,1305.0,True,False,True,False,False,,>70% built,100.0,0.0
571095084,Dubai Land Residence Complex,Wadi Al Safa 5,Dubailand Residences,Not Started,Standard,0.0,407,1,0,0,408,2024-08-01,2028-02-28,2024.0,2028.0,1306.0,False,True,False,False,False,,<30% built,8.0,-8.0
363,Jumeirah Village Circle,Al Barsha South Fourth,Jumeirah Village,Finished,Standard,100.0,0,0,12,0,12,2010-03-04,2013-06-17,2010.0,2013.0,1201.0,True,False,True,False,False,,>70% built,100.0,0.0
503,Business Bay,Business Bay,Business Bay,Finished,Standard,100.0,114,3,0,0,117,2007-12-12,2010-07-01,2007.0,2010.0,932.0,True,False,True,False,False,,>70% built,100.0,0.0
87578752,Dubai Creek Harbour,Al Khairan First,The Lagoons (Phase 1),Active,Standard,47.0,455,1,0,0,456,2023-08-22,2027-12-31,2023.0,2027.0,1592.0,False,True,False,False,False,,30-70% built,48.0,-1.0
575896160,Wasl Gate,Jabal Ali First,JAG Development,Active,Standard,22.0,252,1,0,0,253,2024-02-29,,2024.0,,,False,True,False,False,False,,<30% built,8.0,14.0
817427261,Dubai Land Residence Complex,Wadi Al Safa 5,Dubailand Residences,Pending,Standard,0.0,190,1,0,0,191,2025-12-15,2027-12-15,2025.0,2027.0,730.0,False,True,False,False,False,,<30% built,0.0,0.0
599516580,Jumeirah Village Circle,Al Barsha South Fourth,Jumeirah Village,Active,Standard,2.0,0,0,8,0,8,2024-03-18,2025-09-18,2024.0,2025.0,549.0,False,True,False,True,True,10.5,<30% built,8.0,-6.0
679528003,Dubai World Central,Madinat Al Mataar,Emaar Dubai South DWC,Not Started,Standard,0.0,179,1,0,0,180,2025-04-23,2029-02-28,2025.0,2029.0,1407.0,False,True,False,False,False,,<30% built,0.0,0.0
557369833,TOWN SQUARE,Al Yelayiss 2,Nshama,Not Started,Standard,0.0,378,2,0,0,380,2024-05-20,,2024.0,,,False,True,False,False,False,,<30% built,8.0,-8.0
741260041,,Dubai Investment Park Second,DAMAC Meree Investment,Not Started,Standard,0.0,493,3,0,0,496,2025-08-11,2029-03-31,2025.0,2029.0,1328.0,False,True,False,False,False,,<30% built,0.0,0.0
405,Jumeirah Village Circle,Al Barsha South Fourth,Jumeirah Village,Finished,Standard,100.0,0,0,14,0,14,2008-02-22,2010-08-30,2008.0,2010.0,920.0,True,False,True,False,False,,>70% built,100.0,0.0
818610481,Jumeirah Village Triangle,Al Barsha South Fifth,Nakheel,Pending,Standard,0.0,431,1,0,0,432,2025-09-01,2028-02-29,2025.0,2028.0,911.0,False,True,False,False,False,,<30% built,0.0,0.0
637,Jumeirah Village Circle,Al Barsha South Fourth,Jumeirah Village,Finished,Standard,100.0,308,2,0,0,310,2009-01-26,2015-07-12,2009.0,2015.0,2358.0,True,False,True,False,False,,>70% built,100.0,0.0
704576326,Palm Deira,Palm Deira,Palm Deira,Not Started,Standard,0.0,106,1,0,0,107,2024-12-07,2027-06-07,2024.0,2027.0,912.0,False,True,False,False,False,,<30% built,8.0,-8.0
629,Business Bay,Business Bay,Business Bay,Finished,Standard,100.0,324,1,0,0,325,2015-02-15,2020-05-30,2015.0,2020.0,1931.0,True,False,True,False,False,,>70% built,100.0,0.0
465624866,,Wadi Al Safa 5,Emaar Development,Active,Standard,68.0,0,0,492,76,568,2023-05-22,2026-10-31,2023.0,2026.0,1258.0,False,True,False,False,False,,30-70% built,48.0,20.0
139266161,Dubai Land Residence Complex,Wadi Al Safa 5,Dubailand Residences,Finished,Standard,100.0,144,1,0,0,145,2017-11-30,2021-11-14,2017.0,2021.0,1445.0,True,False,True,False,False,,>70% built,100.0,0.0
297429304,Silicon Oasis,Nadd Hessa,Dubai Integrated Economic Zones,Finished,Standard,100.0,127,1,0,0,128,2019-03-01,2022-02-03,2019.0,2022.0,1070.0,True,False,True,False,False,,>70% built,100.0,0.0
756414142,Dubai Land Residence Complex,Wadi Al Safa 5,Dubailand Residences,Not Started,Standard,0.0,140,1,0,0,141,2025-10-01,2027-12-31,2025.0,2027.0,821.0,False,True,False,False,False,,<30% built,0.0,0.0
736914943,Jumeirah Village Circle,Al Barsha South Fourth,Nakheel,Active,Standard,2.0,172,1,0,0,173,2025-04-15,2027-07-15,2025.0,2027.0,821.0,False,True,False,False,False,,<30% built,0.0,2.0
797572308,Jumeirah Village Triangle,Al Barsha South Fifth,Nakheel,Pending,Standard,0.0,214,1,0,0,215,2025-09-12,2028-09-30,2025.0,2028.0,1114.0,False,True,False,False,False,,<30% built,0.0,0.0
808812039,Nad Al Sheba Gardens,Nad Al Shiba First,Shamal Real Estate,Pending,Standard,30.0,0,0,0,0,0,2024-07-23,2026-08-01,2024.0,2026.0,739.0,False,True,False,True,False,0.1,<30% built,8.0,22.0
336,Dubai Sports City,Al Hebiah Fourth,Dubai Sports City,Finished,Standard,100.0,531,1,0,0,532,2015-12-01,2022-02-07,2015.0,2022.0,2260.0,True,False,True,False,False,,>70% built,100.0,0.0
255,Dubai Marina,Marsa Dubai,Emaar Properties,Finished,Standard,100.0,162,2,0,0,164,2009-10-01,2019-04-18,2009.0,2019.0,3486.0,True,False,True,False,False,,>70% built,100.0,0.0
605112844,Jumeirah Village Circle,Al Barsha South Fourth,Jumeirah Village,Active,Standard,37.0,170,1,0,0,171,2024-04-30,,2024.0,,,False,True,False,False,False,,30-70% built,8.0,29.0
149,Jumeirah Lakes Towers,Al Thanyah Fifth,Nakheel,Finished,Standard,100.0,574,1,0,0,575,2006-04-25,2009-09-02,2006.0,2009.0,1226.0,True,False,True,False,False,,>70% built,100.0,0.0
581613637,Dubai Creek Harbour,Al Khairan First,Dubai Creek Harbour,Active,Standard,20.0,163,1,0,0,164,2024-06-26,,2024.0,,,False,True,False,False,False,,<30% built,8.0,12.0
29933613,City Walk,Al Wasl,Meraas,Finished,Standard,100.0,113,2,0,0,115,2014-05-01,2017-05-29,2014.0,2017.0,1124.0,True,False,True,False,False,,>70% built,100.0,0.0
782452414,International City Phase 3,Warsan Fourth,International City,Pending,Standard,0.0,127,1,0,0,128,2025-09-01,2027-10-01,2025.0,2027.0,760.0,False,True,False,False,False,,<30% built,0.0,0.0
637562677,Dubai Health Care City Phase 2,Al Jadaf,Dubai Healthcare City,Not Started,Standard,0.0,511,1,0,0,512,2024-07-30,2026-03-31,2024.0,2026.0,609.0,False,True,False,True,True,4.1,<30% built,8.0,-8.0
33373089,Motor City,Al Hebiah First,Union Properties PJSC,Finished,Standard,100.0,0,0,95,0,95,2016-04-05,2017-11-26,2016.0,2017.0,600.0,True,False,True,False,False,,>70% built,100.0,0.0
693,Jumeirah Village Circle,Al Barsha South Fourth,Nakheel,Finished,Standard,100.0,0,0,18,0,18,2013-08-01,2016-07-26,2013.0,2016.0,1090.0,True,False,True,False,False,,>70% built,100.0,0.0
7,Jumeirah Lakes Towers,Al Thanyah Fifth,DMCC (Dubai Multi Commodities Centre),Finished,Standard,100.0,293,1,0,0,294,2007-02-27,2010-01-31,2007.0,2010.0,1069.0,True,False,True,False,False,,>70% built,100.0,0.0
1434,Jumeirah Village Circle,Al Barsha South Fourth,Nakheel,Finished,Standard,100.0,172,2,0,0,174,2008-02-09,2010-01-24,2008.0,2010.0,715.0,True,False,True,False,False,,>70% built,100.0,0.0
181111957,Wasl Gate,Jabal Ali First,JAG Development,Finished,Standard,100.0,0,0,0,256,256,2017-08-17,2020-03-03,2017.0,2020.0,929.0,True,False,True,False,False,,>70% built,100.0,0.0
660001813,Al Furjan,Jabal Ali First,Al Furjan,Not Started,Standard,0.0,166,1,0,0,167,2024-09-17,2027-10-31,2024.0,2027.0,1139.0,False,True,False,False,False,,<30% built,8.0,-8.0
1191,Liwan1,Wadi Al Safa 2,Remraam,Finished,Standard,100.0,72,1,0,0,73,2009-03-19,2017-01-15,2009.0,2017.0,2859.0,True,False,True,False,False,,>70% built,100.0,0.0
145928260,Al Furjan,Jabal Ali First,Al Furjan,Finished,Standard,100.0,64,1,0,0,65,2015-10-04,2018-10-31,2015.0,2018.0,1123.0,True,False,True,False,False,,>70% built,100.0,0.0
295243861,DownTown Dubai,Burj Khalifa,Emaar Development,Finished,Standard,100.0,433,1,0,0,434,2020-05-27,2023-08-17,2020.0,2023.0,1177.0,True,False,True,False,False,,>70% built,100.0,0.0
492233321,Business Bay,Business Bay,Business Bay,Active,Standard,18.0,505,1,0,0,506,2023-06-10,2027-03-31,2023.0,2027.0,1390.0,False,True,False,False,False,,<30% built,48.0,-30.0
682518894,,Jumeirah Second,Dubai Peninsula,Pending,Standard,0.0,0,0,0,0,0,2025-10-01,2028-11-30,2025.0,2028.0,1156.0,False,True,False,False,False,,<30% built,0.0,0.0
450805787,TILAL AL GHAF,Al Hebiah Fourth,Majid Al Futtaim Communities,Active,Standard,19.0,0,0,0,26,26,2023-04-30,2026-09-30,2023.0,2026.0,1249.0,False,True,False,False,False,,<30% built,48.0,-29.0
213,Silicon Oasis,Nadd Hessa,Dubai Integrated Economic Zones,Finished,Standard,100.0,597,3,0,0,600,2007-03-20,2009-08-25,2007.0,2009.0,889.0,True,False,True,False,False,,>70% built,100.0,0.0
383876606,Motor City,Al Hebiah First,Union Properties PJSC,Pending,Standard,0.0,0,0,0,0,0,2021-12-01,,2021.0,,,False,True,False,False,False,,<30% built,100.0,-100.0
8289991,DAMAC HILLS,Al Hebiah Third,DAMAC Crescent Properties,Finished,Standard,100.0,0,0,74,76,150,2013-05-01,2019-02-19,2013.0,2019.0,2120.0,True,False,True,False,False,,>70% built,100.0,0.0
10069250,,Al Yelayiss 2,Emaar Bawadi,Active,Standard,37.0,576,4,0,0,580,2008-04-01,2016-07-01,2008.0,2016.0,3013.0,False,True,False,True,False,121.1,30-70% built,100.0,-63.0
27010025,,Saih Shuaib 2,TECOM Investments,Finished,Standard,100.0,0,0,91,0,91,2015-11-01,2018-09-04,2015.0,2018.0,1038.0,True,False,True,False,False,,>70% built,100.0,0.0
808469661,DAMAC HILLS,Al Hebiah Third,DAMAC Crescent Properties,Not Started,Standard,0.0,1008,3,0,0,1011,2026-02-14,2029-03-30,2026.0,2029.0,1140.0,False,True,False,False,False,,<30% built,0.0,0.0
353579404,Mohammed Bin Rashid AL Maktoum City -District -1 Community,Al Merkadh,Meydan Group,Finished,Standard,100.0,31,1,0,0,32,2021-06-01,2023-01-30,2021.0,2023.0,608.0,True,False,True,False,False,,>70% built,100.0,0.0
406045345,Al Furjan,Jabal Ali First,Al Furjan,Finished,Standard,100.0,302,1,0,0,303,2022-08-01,2025-01-31,2022.0,2025.0,914.0,True,False,True,False,False,,>70% built,100.0,0.0
376764714,Meydan One Community,Al Merkadh,Meydan Group,Finished,Standard,100.0,190,1,0,0,191,2020-11-23,2024-01-18,2020.0,2024.0,1151.0,True,False,True,False,False,,>70% built,100.0,0.0
748053613,DMCC-EZ2,Jabal Ali First,Sobha,Not Started,Standard,0.0,2383,2,0,0,2385,2025-08-01,2030-06-30,2025.0,2030.0,1794.0,False,True,False,False,False,,<30% built,0.0,0.0
403,Jumeirah Village Circle,Al Barsha South Fourth,Jumeirah Village,Finished,Standard,100.0,0,0,21,0,21,2009-09-10,2011-09-19,2009.0,2011.0,739.0,True,False,True,False,False,,>70% built,100.0,0.0
32539639,,Saih Shuaib 2,TECOM Investments,Finished,Standard,100.0,32,4,0,0,36,2016-07-01,2018-03-14,2016.0,2018.0,621.0,True,False,True,False,False,,>70% built,100.0,0.0
5941512,Arabian Ranches II,Wadi Al Safa 7,Emaar Properties,Finished,Standard,100.0,0,0,1,253,254,2013-04-01,2014-12-31,2013.0,2014.0,639.0,True,False,True,False,False,,>70% built,100.0,0.0
689316963,,Bukadra,Sobha,Not Started,Standard,0.0,1850,3,0,0,1853,2025-04-01,2030-03-31,2025.0,2030.0,1825.0,False,True,False,False,False,,<30% built,0.0,0.0
541919047,Dubai Marina,Marsa Dubai,Emaar Development,Active,Standard,40.0,659,1,0,0,660,2023-12-01,2026-12-01,2023.0,2026.0,1096.0,False,True,False,False,False,,30-70% built,48.0,-8.0
728098485,Jumeirah Golf Estates,Me'Aisem First,Jumeirah Golf Estates,Not Started,Standard,0.0,0,0,0,197,197,2025-07-31,2028-12-31,2025.0,2028.0,1249.0,False,True,False,False,False,,<30% built,0.0,0.0
146775856,Jumeirah Village Circle,Al Barsha South Fourth,Jumeirah Village,Finished,Standard,100.0,272,2,0,0,274,2018-04-01,2021-01-04,2018.0,2021.0,1009.0,True,False,True,False,False,,>70% built,100.0,0.0
12004658,,Al Merkadh,District One,Finished,Standard,100.0,0,1,0,248,249,2014-02-07,2020-03-31,2014.0,2020.0,2244.0,True,False,True,False,False,,>70% built,100.0,0.0
788213201,Palm Deira,Palm Deira,Nakheel,Not Started,Standard,0.0,68,1,0,0,69,2025-08-01,2027-12-31,2025.0,2027.0,882.0,False,True,False,False,False,,<30% built,0.0,0.0
674589798,Liwan1,Wadi Al Safa 2,Liwan,Not Started,Standard,0.0,604,1,0,0,605,2025-06-25,2028-06-24,2025.0,2028.0,1095.0,False,True,False,False,False,,<30% built,0.0,0.0
648520814,Jumeirah Garden City,Al Satwa,Meraas,Not Started,Standard,0.0,77,1,0,0,78,2025-02-15,2026-10-15,2025.0,2026.0,607.0,False,True,False,False,False,,<30% built,0.0,0.0
670663982,Palm Jabal Ali,Palm Jabal Ali,Nakheel,Active,Standard,1.0,0,0,0,77,77,2025-01-14,2028-01-17,2025.0,2028.0,1098.0,False,True,False,False,False,,<30% built,0.0,1.0
403306931,Dubai Land Residence Complex,Wadi Al Safa 5,Dubai Properties,Finished,Standard,100.0,190,0,0,0,190,2020-04-18,,2020.0,,,True,False,True,False,False,,>70% built,100.0,0.0
103968483,Jumeirah Lakes Towers,Al Thanyah Fifth,DMCC (Dubai Multi Commodities Centre),Finished,Standard,100.0,487,1,0,0,488,2016-09-27,2021-03-22,2016.0,2021.0,1637.0,True,False,True,False,False,,>70% built,100.0,0.0
357,Dubai Marina,Marsa Dubai,Emaar Properties,Active,Standard,97.0,500,1,0,0,501,2008-04-13,2018-06-30,2008.0,2018.0,3730.0,False,True,False,True,False,97.1,>70% built,100.0,-3.0
37100648,Dubai Creek Harbour,Al Khairan First,The Lagoons (Phase 1),Finished,Standard,100.0,517,3,0,0,520,2017-02-02,2022-08-30,2017.0,2022.0,2035.0,True,False,True,False,False,,>70% built,100.0,0.0
662,Dubai Sports City,Al Hebiah Fourth,Dubai Sports City,Finished,Standard,100.0,138,1,0,0,139,2009-12-01,2023-11-09,2009.0,2023.0,5091.0,True,False,True,False,False,,>70% built,100.0,0.0
14014049,Jumeirah Village Circle,Al Barsha South Fourth,Nakheel,Conditional Activating,Mixed-use,47.0,268,2,0,0,270,2014-06-01,2025-11-05,2014.0,2025.0,4175.0,False,True,False,True,False,8.9,30-70% built,100.0,-53.0
447674963,Al Furjan,Jabal Ali First,Al Furjan,Finished,Standard,100.0,83,1,0,0,84,2022-08-04,2023-12-31,2022.0,2023.0,514.0,True,False,True,False,False,,>70% built,100.0,0.0
17,Silicon Oasis,Nadd Hessa,Dubai Integrated Economic Zones,Finished,Standard,100.0,96,1,0,0,97,2008-05-17,2013-09-17,2008.0,2013.0,1949.0,True,False,True,False,False,,>70% built,100.0,0.0
462517254,Jumeirah Village Triangle,Al Barsha South Fifth,Jumeirah Village,Active,Standard,60.0,381,1,0,0,382,2022-12-01,2025-12-31,2022.0,2025.0,1126.0,False,True,False,True,False,7.1,30-70% built,100.0,-40.0
511809776,Jumeirah Village Triangle,Al Barsha South Fifth,Jumeirah Village,Finished,Standard,100.0,71,1,0,0,72,2019-01-14,2025-05-03,2019.0,2025.0,2301.0,True,False,True,False,False,,>70% built,100.0,0.0
578344246,Liwan1,Wadi Al Safa 2,Liwan,Finished,Standard,100.0,99,1,0,0,100,2023-11-15,,2023.0,,,True,False,True,False,False,,>70% built,48.0,52.0
563766979,Jumeirah Village Circle,Al Barsha South Fourth,Jumeirah Village,Active,Standard,11.0,80,1,0,0,81,2024-02-28,2026-03-31,2024.0,2026.0,762.0,False,True,False,True,True,4.1,<30% built,8.0,3.0
656156978,Dubai World Central,Madinat Al Mataar,Emaar Dubai South DWC,Active,Standard,1.0,0,0,520,129,649,2025-01-30,2028-12-31,2025.0,2028.0,1431.0,False,True,False,False,False,,<30% built,0.0,1.0
677584054,,Dubai Investment Park Second,DAMAC Meree Investment,Not Started,Standard,0.0,358,2,0,0,360,2025-01-29,2028-05-31,2025.0,2028.0,1218.0,False,True,False,False,False,,<30% built,0.0,0.0
11895881,Jaddaf Waterfront,Al Jadaf,Culture Village,Finished,Standard,100.0,125,1,0,0,126,2014-02-01,2017-03-19,2014.0,2017.0,1142.0,True,False,True,False,False,,>70% built,100.0,0.0
512679608,DAMAC HILLS,Al Hebiah Third,DAMAC Crescent Properties,Active,Standard,30.0,464,1,0,0,465,2023-08-03,,2023.0,,,False,True,False,False,False,,<30% built,48.0,-18.0
392042921,Jumeirah Village Circle,Al Barsha South Fourth,Jumeirah Village,Active,Standard,54.0,197,1,0,0,198,2022-07-01,2025-11-05,2022.0,2025.0,1223.0,False,True,False,True,False,8.9,30-70% built,100.0,-46.0
546622001,Meydan One Community,Al Merkadh,Meydan Group,Finished,Standard,100.0,240,1,0,0,241,2023-10-12,2025-03-27,2023.0,2025.0,532.0,True,False,True,False,False,,>70% built,48.0,52.0
613104734,Jumeirah Village Circle,Al Barsha South Fourth,Jumeirah Village,Active,Standard,5.0,207,1,0,0,208,2024-09-05,2027-09-05,2024.0,2027.0,1095.0,False,True,False,False,False,,<30% built,8.0,-3.0
644034128,Business Bay,Business Bay,Business Bay,Active,Standard,4.0,41,1,0,0,42,2024-10-01,2027-12-31,2024.0,2027.0,1186.0,False,True,False,False,False,,<30% built,8.0,-4.0
300,DownTown Dubai,Burj Khalifa,Emaar Properties,Finished,Standard,100.0,397,1,0,0,398,2008-07-07,2015-12-14,2008.0,2015.0,2716.0,True,False,True,False,False,,>70% built,100.0,0.0
503501899,Dubai Sports City,Al Hebiah Fourth,Dubai Sports City,Active,Standard,75.0,140,1,0,0,141,2023-07-01,2025-06-30,2023.0,2025.0,730.0,False,True,False,True,False,13.1,>70% built,48.0,27.0
790446456,International City Phase 3,Warsan Fourth,International City,Pending,Standard,0.0,0,0,0,0,0,2025-08-01,2027-07-31,2025.0,2027.0,729.0,False,True,False,False,False,,<30% built,0.0,0.0
817212501,Palm Jabal Ali,Palm Jabal Ali,Nakheel,Pending,Standard,0.0,0,0,0,0,0,2025-12-05,2028-12-04,2025.0,2028.0,1095.0,False,True,False,False,False,,<30% built,0.0,0.0
99,Dubai Sports City,Al Hebiah Fourth,Dubai Sports City,Finished,Standard,100.0,384,1,0,0,385,2008-11-19,2014-05-26,2008.0,2014.0,2014.0,True,False,True,False,False,,>70% built,100.0,0.0
654851870,Dubai Land Residence Complex,Wadi Al Safa 5,Dubailand Residences,Not Started,Standard,0.0,366,1,0,0,367,2024-11-01,2027-04-30,2024.0,2027.0,910.0,False,True,False,False,False,,<30% built,8.0,-8.0
168228450,Meydan One Community,Al Merkadh,Meydan Group,Finished,Standard,100.0,250,1,0,0,251,2017-10-01,2023-09-14,2017.0,2023.0,2174.0,True,False,True,False,False,,>70% built,100.0,0.0
800138418,,Bukadra,Meydan Group,Pending,Standard,0.0,152,1,0,0,153,2025-11-01,2027-06-30,2025.0,2027.0,606.0,False,True,False,False,False,,<30% built,0.0,0.0
713755297,Jumeirah Garden City,Al Satwa,Meraas,Not Started,Standard,0.0,46,1,0,0,47,2025-06-01,2026-10-31,2025.0,2026.0,517.0,False,True,False,False,False,,<30% built,0.0,0.0
100176267,Jumeirah Village Circle,Al Barsha South Fourth,Jumeirah Village,Finished,Standard,100.0,117,1,0,0,118,2017-03-26,2020-03-31,2017.0,2020.0,1101.0,True,False,True,False,False,,>70% built,100.0,0.0
819433518,Dubai Sports City,Al Hebiah Fourth,Dubai Sports City,Pending,Standard,0.0,0,0,0,0,0,2025-12-31,2027-09-30,2025.0,2027.0,638.0,False,True,False,False,False,,<30% built,0.0,0.0
682974700,Al Furjan,Jabal Ali First,Nakheel,Not Started,Standard,0.0,148,2,0,0,150,2025-04-01,2027-06-30,2025.0,2027.0,820.0,False,True,False,False,False,,<30% built,0.0,0.0
14231424,DownTown Dubai,Burj Khalifa,Emaar Properties,Finished,Standard,100.0,365,2,0,0,367,2016-10-31,2020-07-30,2016.0,2020.0,1368.0,True,False,True,False,False,,>70% built,100.0,0.0
25124096,TOWN SQUARE,Al Yelayiss 2,Nashmi Development,Finished,Standard,100.0,729,5,0,0,734,2015-12-15,2019-09-05,2015.0,2019.0,1360.0,True,False,True,False,False,,>70% built,100.0,0.0
707797288,,Al Yelayiss 1,DAMAC Elite Investment,Active,Standard,1.0,0,0,0,154,154,2025-04-21,2028-12-31,2025.0,2028.0,1350.0,False,True,False,False,False,,<30% built,0.0,1.0
12725066,Silicon Oasis,Nadd Hessa,Dubai Integrated Economic Zones,Finished,Standard,100.0,50,1,0,0,51,2014-06-01,2016-12-30,2014.0,2016.0,943.0,True,False,True,False,False,,>70% built,100.0,0.0
1176,Business Bay,Business Bay,Dubai Properties,Finished,Standard,100.0,121,1,0,0,122,2006-12-01,2010-10-05,2006.0,2010.0,1404.0,True,False,True,False,False,,>70% built,100.0,0.0
480434896,Jumeirah Village Circle,Al Barsha South Fourth,Jumeirah Village,Active,Standard,93.0,156,1,0,0,157,2023-02-01,2025-03-31,2023.0,2025.0,789.0,False,True,False,True,False,16.1,>70% built,48.0,45.0
796898049,Dubai Hills Estate,Hadaeq Sheikh Mohammed Bin Rashid,Dubai Hills Estate,Not Started,Standard,0.0,360,1,0,0,361,2025-09-30,2029-06-30,2025.0,2029.0,1369.0,False,True,False,False,False,,<30% built,0.0,0.0
649997774,Jumeirah Garden City,Al Satwa,Dubai Properties,Not Started,Standard,0.0,71,1,0,0,72,2024-09-01,2026-06-30,2024.0,2026.0,667.0,False,True,False,True,True,1.1,<30% built,8.0,-8.0
12700069,Mudon,Al Hebiah Sixth,MDN Real Estate,Finished,Standard,100.0,0,0,1,404,405,2014-05-31,2015-11-15,2014.0,2015.0,533.0,True,False,True,False,False,,>70% built,100.0,0.0
688258613,Dubai Land Residence Complex,Wadi Al Safa 5,Dubailand Residences,Not Started,Standard,0.0,387,1,0,0,388,2025-07-01,2027-11-30,2025.0,2027.0,882.0,False,True,False,False,False,,<30% built,0.0,0.0
427035961,Jumeirah Village Circle,Al Barsha South Fourth,Nakheel,Active,Standard,95.0,93,1,0,0,94,2023-01-01,2024-12-01,2023.0,2024.0,700.0,False,True,False,True,False,20.1,>70% built,48.0,47.0
507696359,Jumeirah Village Circle,Al Barsha South Fourth,Jumeirah Village,Finished,Standard,100.0,314,1,0,0,315,2023-08-01,,2023.0,,,True,False,True,False,False,,>70% built,48.0,52.0
401329094,Dubai Water Canal,Al Wasl,Meydan Group,Finished,Standard,100.0,165,2,0,0,167,2018-04-01,2024-09-30,2018.0,2024.0,2374.0,True,False,True,False,False,,>70% built,100.0,0.0
35224499,Al Furjan,Jabal Ali First,Al Furjan,Finished,Standard,100.0,295,1,0,0,296,2016-09-01,2020-03-16,2016.0,2020.0,1292.0,True,False,True,False,False,,>70% built,100.0,0.0
605665323,Jumeirah Garden City,Al Satwa,Meraas,Active,Standard,20.0,83,1,0,0,84,2024-06-01,2026-01-31,2024.0,2026.0,609.0,False,True,False,True,True,6.1,<30% built,8.0,12.0
744068141,International City Phase 1,Al Warsan First,International City,Not Started,Standard,0.0,280,3,0,0,283,2025-06-15,2028-05-01,2025.0,2028.0,1051.0,False,True,False,False,False,,<30% built,0.0,0.0
627067255,Al Furjan,Jabal Ali First,Al Furjan,Active,Standard,1.0,85,1,0,0,86,2025-02-01,2026-12-31,2025.0,2026.0,698.0,False,True,False,False,False,,<30% built,0.0,1.0
693254537,Al Furjan,Jabal Ali First,Nakheel,Active,Standard,2.0,141,1,0,0,142,2024-12-20,2027-03-30,2024.0,2027.0,830.0,False,True,False,False,False,,<30% built,8.0,-6.0
713784290,Majan,Wadi Al Safa 3,Liwan,Active,Standard,46.0,108,1,0,0,109,2024-02-28,2026-06-30,2024.0,2026.0,853.0,False,True,False,True,False,1.1,30-70% built,8.0,38.0
191135077,Liwan1,Wadi Al Safa 2,Liwan,Finished,Standard,100.0,0,0,0,0,0,2018-02-01,2019-06-24,2018.0,2019.0,508.0,True,False,True,False,False,,>70% built,100.0,0.0
381347824,Mohammed Bin Rashid AL Maktoum City -District -1 Community,Al Merkadh,Meydan Group,Finished,Standard,100.0,104,1,0,0,105,2022-04-01,2025-03-30,2022.0,2025.0,1094.0,True,False,True,False,False,,>70% built,100.0,0.0
148614781,Meydan One Community,Al Merkadh,Meydan Group,Finished,Standard,100.0,216,1,0,0,217,2017-12-15,2023-06-07,2017.0,2023.0,2000.0,True,False,True,False,False,,>70% built,100.0,0.0
656785931,Dubai Land Residence Complex,Wadi Al Safa 5,Dubailand Residences,Active,Standard,4.0,260,1,0,0,261,2024-10-15,2026-10-15,2024.0,2026.0,730.0,False,True,False,False,False,,<30% built,8.0,-4.0
542255265,Dubai World Central,Madinat Al Mataar,Dubai Aviation City Corporation,Active,Standard,48.0,389,3,0,0,392,2023-09-27,2025-12-30,2023.0,2025.0,825.0,False,True,False,True,False,7.1,30-70% built,48.0,0.0
740526230,City Of Arabia,Wadi Al Safa 4,Ilyas & Mustafa Galadari Investment & Development,Not Started,Standard,0.0,629,1,0,0,630,2025-04-04,2027-04-04,2025.0,2027.0,730.0,False,True,False,False,False,,<30% built,0.0,0.0
172299126,Jumeirah Village Circle,Al Barsha South Fourth,Jumeirah Village,Finished,Standard,100.0,123,1,0,0,124,2018-01-01,2021-05-19,2018.0,2021.0,1234.0,True,False,True,False,False,,>70% built,100.0,0.0
583223510,Dubai World Central,Madinat Al Mataar,Dubai Aviation City Corporation,Not Started,Standard,0.0,1297,3,0,0,1300,2024-01-29,,2024.0,,,False,True,False,False,False,,<30% built,8.0,-8.0
578536558,Lakes - Deema 4,Al Thanyah Third,Emaar Properties,Finished,Standard,100.0,0,0,56,56,112,2000-01-01,2003-01-01,2000.0,2003.0,1096.0,True,False,True,False,False,,>70% built,100.0,0.0
10776915,International Media Production Zone,Me'Aisem First,TECOM Investments,Finished,Standard,100.0,406,3,0,0,409,2013-11-10,2015-08-06,2013.0,2015.0,634.0,True,False,True,False,False,,>70% built,100.0,0.0
669484361,Al Furjan,Jabal Ali First,Nakheel,Active,Standard,29.0,115,1,0,0,116,2024-10-11,2027-10-11,2024.0,2027.0,1095.0,False,True,False,False,False,,<30% built,8.0,21.0
1190,Liwan1,Wadi Al Safa 2,Remraam,Finished,Standard,100.0,117,1,0,0,118,2009-03-19,2016-11-28,2009.0,2016.0,2811.0,True,False,True,False,False,,>70% built,100.0,0.0
377068824,LA MER,Jumeirah First,Meraas,Finished,Standard,100.0,130,3,0,0,133,2021-12-05,2024-06-06,2021.0,2024.0,914.0,True,False,True,False,False,,>70% built,100.0,0.0
813092122,Jumeirah Garden City,Al Satwa,Meraas,Pending,Standard,0.0,0,0,0,0,0,2025-10-15,2028-08-31,2025.0,2028.0,1051.0,False,True,False,False,False,,<30% built,0.0,0.0
578532584,Springs - 4,Al Thanayah Fourth,Emaar Properties,Finished,Standard,100.0,0,0,197,66,263,2001-01-01,2004-12-01,2001.0,2004.0,1430.0,True,False,True,False,False,,>70% built,100.0,0.0
764533561,Silicon Oasis,Nadd Hessa,Dubai Integrated Economic Zones,Not Started,Standard,0.0,81,1,0,0,82,2025-06-01,2026-11-01,2025.0,2026.0,518.0,False,True,False,False,False,,<30% built,0.0,0.0
591,Dubai Sports City,Al Hebiah Fourth,Dubai Sports City,Finished,Standard,100.0,342,1,0,0,343,2015-08-30,2025-01-07,2015.0,2025.0,3418.0,True,False,True,False,False,,>70% built,100.0,0.0
596087971,Dubai Water Canal,Al Wasl,Meraas,Not Started,Standard,0.0,725,1,0,0,726,2024-06-26,,2024.0,,,False,True,False,False,False,,<30% built,8.0,-8.0
564374501,Jumeirah Golf Estates,Me'Aisem First,Jumeirah Golf Estates,Active,Standard,3.0,0,0,77,17,94,2024-03-31,2027-12-31,2024.0,2027.0,1370.0,False,True,False,False,False,,<30% built,8.0,-5.0
661381095,Dubai Hills Estate,Hadaeq Sheikh Mohammed Bin Rashid,Dubai Hills Estate,Active,Standard,14.0,672,3,0,0,675,2024-11-05,2029-02-28,2024.0,2029.0,1576.0,False,True,False,False,False,,<30% built,8.0,6.0
772020432,Dubai South Residential District,Madinat Al Mataar,Dubai South Properties DWC,Not Started,Standard,0.0,224,1,0,0,225,2025-11-15,2028-03-15,2025.0,2028.0,851.0,False,True,False,False,False,,<30% built,0.0,0.0
15155987,DownTown Dubai,Burj Khalifa,Emaar Properties,Finished,Standard,100.0,296,1,0,0,297,2015-01-02,2020-04-15,2015.0,2020.0,1930.0,True,False,True,False,False,,>70% built,100.0,0.0
45561625,Jumeirah Village Circle,Al Barsha South Fourth,Nakheel,Finished,Standard,100.0,89,1,0,0,90,2016-05-06,2018-02-28,2016.0,2018.0,663.0,True,False,True,False,False,,>70% built,100.0,0.0
647935946,International City Phase 3,Warsan Fourth,International City,Active,Standard,56.0,76,1,0,0,77,2024-05-12,2025-10-30,2024.0,2025.0,536.0,False,True,False,True,False,9.1,30-70% built,8.0,48.0
27978239,Jumeirah Golf Estates,Me'Aisem First,Jumeirah Golf Estates,Finished,Standard,100.0,0,0,0,50,50,2008-05-01,2015-12-31,2008.0,2015.0,2800.0,True,False,True,False,False,,>70% built,100.0,0.0
353393416,Mohammed Bin Rashid AL Maktoum City -District -1 Community,Al Merkadh,Meydan Group,Finished,Standard,100.0,31,1,0,0,32,2021-06-01,2022-12-30,2021.0,2022.0,577.0,True,False,True,False,False,,>70% built,100.0,0.0
444001855,Jumeirah Village Triangle,Al Barsha South Fifth,Jumeirah Village,Finished,Standard,100.0,121,1,0,0,122,2021-06-01,2023-12-31,2021.0,2023.0,943.0,True,False,True,False,False,,>70% built,100.0,0.0
14931522,800 Villas,Wadi Al Safa 7,Dubai Properties,Finished,Standard,100.0,0,0,458,91,549,2014-11-01,2019-10-01,2014.0,2019.0,1795.0,True,False,True,False,False,,>70% built,100.0,0.0
819087085,,Wadi Al Safa 3,Dubai Properties,Pending,Standard,0.0,0,0,0,0,0,2025-07-01,2029-07-06,2025.0,2029.0,1466.0,False,True,False,False,False,,<30% built,0.0,0.0
33574886,DownTown Dubai,Burj Khalifa,Emaar Properties,Finished,Standard,100.0,133,1,0,0,134,2016-05-01,2020-03-30,2016.0,2020.0,1429.0,True,False,True,False,False,,>70% built,100.0,0.0
804508219,International Media Production Zone,Me'Aisem First,DHAM (Dubai Holding Asset Management),Pending,Standard,0.0,210,1,0,0,211,2025-11-01,2027-12-31,2025.0,2027.0,790.0,False,True,False,False,False,,<30% built,0.0,0.0
635639326,,Wadi Al Safa 5,Dubailand,Active,Standard,1.0,988,6,0,0,994,2025-02-16,2028-05-31,2025.0,2028.0,1200.0,False,True,False,False,False,,<30% built,0.0,1.0
189629513,Mohammed Bin Rashid AL Maktoum City -District -1 Community,Al Merkadh,District One,Finished,Standard,100.0,159,1,0,0,160,2018-09-30,2023-03-06,2018.0,2023.0,1618.0,True,False,True,False,False,,>70% built,100.0,0.0
457773807,Mina Rashid,Madinat Dubai Almelaheyah,Mina Rashid Real Estate,Active,Standard,50.0,395,4,0,0,399,2023-04-13,2026-11-30,2023.0,2026.0,1327.0,False,True,False,False,False,,30-70% built,48.0,2.0
29864239,Palm Jumeirah,Palm Jumeirah,Palm Jumeirah,Finished,Standard,100.0,10,1,22,0,33,2015-08-01,2019-04-30,2015.0,2019.0,1368.0,True,False,True,False,False,,>70% built,100.0,0.0
1178,Business Bay,Business Bay,Dubai Properties,Finished,Standard,100.0,1168,2,0,0,1170,2007-01-28,2009-02-14,2007.0,2009.0,748.0,True,False,True,False,False,,>70% built,100.0,0.0
168955907,Meydan One Community,Al Merkadh,Meydan Group,Finished,Standard,100.0,211,1,0,0,212,2017-10-01,2022-09-30,2017.0,2022.0,1825.0,True,False,True,False,False,,>70% built,100.0,0.0
94634074,Jumeirah Village Circle,Al Barsha South Fourth,Jumeirah Village,Finished,Standard,100.0,0,0,13,0,13,2015-01-31,2018-06-30,2015.0,2018.0,1246.0,True,False,True,False,False,,>70% built,100.0,0.0
14183182,Al Furjan,Jabal Ali First,Nakheel,Finished,Standard,100.0,96,1,0,0,97,2014-07-01,2017-02-14,2014.0,2017.0,959.0,True,False,True,False,False,,>70% built,100.0,0.0
660557275,Dubai Studio City,Al Hebiah Second,DHAM (Dubai Holding Asset Management),Active,Standard,39.0,168,1,0,0,169,2024-01-15,2026-06-30,2024.0,2026.0,897.0,False,True,False,True,False,1.1,30-70% built,8.0,31.0
619898006,Dubai World Central,Madinat Al Mataar,Emaar Dubai South DWC,Active,Standard,2.0,0,0,492,122,614,2024-10-23,2028-05-31,2024.0,2028.0,1316.0,False,True,False,False,False,,<30% built,8.0,-6.0
655102119,International City Phase 3,Warsan Fourth,Nakheel,Not Started,Standard,0.0,125,1,0,0,126,2025-01-01,2026-12-31,2025.0,2026.0,729.0,False,True,False,False,False,,<30% built,0.0,0.0
524376069,DAMAC HILLS 2,Madinat Hind 4,Front Line Investment Management,Active,Standard,56.0,0,0,0,383,383,2023-10-19,,2023.0,,,False,True,False,False,False,,30-70% built,48.0,8.0
14960273,DAMAC HILLS 2,Madinat Hind 4,Front Line Investment Management,Finished,Standard,100.0,0,0,0,253,253,2015-04-01,2022-08-29,2015.0,2022.0,2707.0,True,False,True,False,False,,>70% built,100.0,0.0
701082217,,Al Yelayiss 1,DAMAC Elite Investment,Not Started,Standard,0.0,0,0,0,293,293,2025-04-15,2028-12-31,2025.0,2028.0,1356.0,False,True,False,False,False,,<30% built,0.0,0.0
640262505,Al Furjan,Jabal Ali First,Nakheel,Not Started,Standard,0.0,274,1,0,0,275,2024-07-23,2027-07-30,2024.0,2027.0,1102.0,False,True,False,False,False,,<30% built,8.0,-8.0
25127170,Jumeirah Village Circle,Al Barsha South Fourth,Jumeirah Village,Finished,Standard,100.0,117,1,20,2,140,2015-09-01,2018-07-19,2015.0,2018.0,1052.0,True,False,True,False,False,,>70% built,100.0,0.0
32789152,City Walk,Al Wasl,Meraas,Finished,Standard,100.0,68,2,0,0,70,2014-05-01,2017-07-17,2014.0,2017.0,1173.0,True,False,True,False,False,,>70% built,100.0,0.0
277008611,LA MER,Jumeirah First,Meraas,Finished,Standard,100.0,183,3,0,0,186,2019-12-01,2022-04-03,2019.0,2022.0,854.0,True,False,True,False,False,,>70% built,100.0,0.0
259,Dubai Marina,Marsa Dubai,Emaar Properties,Finished,Standard,100.0,748,4,0,0,752,2008-02-18,2012-05-09,2008.0,2012.0,1542.0,True,False,True,False,False,,>70% built,100.0,0.0
813367736,Dubai Maritime City,Madinat Dubai Almelaheyah,Dubai Maritime City,Not Started,Standard,0.0,517,3,0,0,520,2026-03-30,2028-12-30,2026.0,2028.0,1006.0,False,True,False,False,False,,<30% built,0.0,0.0
203033357,Jumeirah Village Circle,Al Barsha South Fourth,Jumeirah Village,Finished,Standard,100.0,103,1,19,2,125,2017-11-01,2020-03-09,2017.0,2020.0,859.0,True,False,True,False,False,,>70% built,100.0,0.0
154160899,SOBHA HARTLAND,Al Merkadh,Sobha,Finished,Standard,100.0,251,2,0,0,253,2017-11-01,2022-02-15,2017.0,2022.0,1567.0,True,False,True,False,False,,>70% built,100.0,0.0
527609215,Meydan One Community,Al Merkadh,Meydan Group,Finished,Standard,100.0,169,1,0,0,170,2022-06-05,2025-03-27,2022.0,2025.0,1026.0,True,False,True,False,False,,>70% built,100.0,0.0
1428,Jumeirah Village Circle,Al Barsha South Fourth,Jumeirah Village,Finished,Standard,100.0,0,0,19,0,19,2008-11-21,2010-11-01,2008.0,2010.0,710.0,True,False,True,False,False,,>70% built,100.0,0.0
184991649,Dubai Creek Harbour,Al Khairan First,The Lagoons (Phase 1),Finished,Standard,100.0,564,2,0,0,566,2019-08-01,2023-09-23,2019.0,2023.0,1514.0,True,False,True,False,False,,>70% built,100.0,0.0
377039141,Jumeirah Village Circle,Al Barsha South Fourth,Jumeirah Village,Finished,Standard,100.0,322,1,0,0,323,2021-10-01,2024-09-30,2021.0,2024.0,1095.0,True,False,True,False,False,,>70% built,100.0,0.0
630104002,Palm Deira,Palm Deira,Nakheel,Active,Standard,1.0,100,2,0,0,102,2024-12-01,2026-12-31,2024.0,2026.0,760.0,False,True,False,False,False,,<30% built,8.0,-7.0
801723576,Dubai World Central,Madinat Al Mataar,Dubai Aviation City Corporation,Not Started,Standard,0.0,0,0,200,56,256,2026-03-30,2028-07-31,2026.0,2028.0,854.0,False,True,False,False,False,,<30% built,0.0,0.0
503022522,Meydan One Community,Al Merkadh,District One,Finished,Standard,100.0,123,1,0,0,124,2023-05-04,2025-02-14,2023.0,2025.0,652.0,True,False,True,False,False,,>70% built,48.0,52.0
770423211,Motor City,Al Hebiah First,Union Properties PJSC,Not Started,Standard,0.0,412,1,0,0,413,2025-09-01,2028-10-31,2025.0,2028.0,1156.0,False,True,False,False,False,,<30% built,0.0,0.0
239262709,Arjan,Al Barshaa South Third,Desert Falcon Real Estate Development,Pending,Standard,42.0,0,0,0,0,0,2018-06-28,,2018.0,,,False,True,False,False,False,,30-70% built,100.0,-58.0
682488098,Jaddaf Waterfront,Al Jadaf,Dubai Properties,Not Started,Standard,0.0,277,1,0,0,278,2025-04-01,2026-04-30,2025.0,2026.0,394.0,False,True,False,True,True,3.2,<30% built,0.0,0.0
503108319,Jumeirah Village Circle,Al Barsha South Fourth,Jumeirah Village,Finished,Standard,100.0,54,1,0,0,55,2021-04-01,2024-10-03,2021.0,2024.0,1281.0,True,False,True,False,False,,>70% built,100.0,0.0
1215,Liwan1,Wadi Al Safa 2,Remraam,Finished,Standard,100.0,55,1,0,0,56,2009-05-01,2014-06-03,2009.0,2014.0,1859.0,True,False,True,False,False,,>70% built,100.0,0.0
569326006,Jumeirah Village Circle,Al Barsha South Fourth,Jumeirah Village,Active,Standard,9.0,144,1,0,0,145,2024-06-01,2026-06-30,2024.0,2026.0,759.0,False,True,False,True,True,1.1,<30% built,8.0,1.0
1241,International City Phase 1,Al Warsan First,International City,Finished,Standard,100.0,91,1,0,0,92,2014-11-10,2017-08-31,2014.0,2017.0,1025.0,True,False,True,False,False,,>70% built,100.0,0.0
373773555,Site A,Al Safouh Second,TECOM Investments,Active,Standard,58.0,441,1,0,0,442,2021-11-30,2025-09-30,2021.0,2025.0,1400.0,False,True,False,True,False,10.1,30-70% built,100.0,-42.0
53444554,800 Villas,Wadi Al Safa 7,Dubai Properties,Finished,Standard,100.0,0,0,494,120,614,2017-06-30,2021-05-31,2017.0,2021.0,1431.0,True,False,True,False,False,,>70% built,100.0,0.0
396755654,Dubai Marina,Marsa Dubai,Dubai Marina (Phase 1),Finished,Standard,100.0,243,1,0,0,244,2021-06-20,2025-05-30,2021.0,2025.0,1440.0,True,False,True,False,False,,>70% built,100.0,0.0
250908494,DAMAC HILLS,Al Hebiah Third,DAMAC Crescent Properties,Finished,Standard,100.0,0,0,0,12,12,2016-09-02,2022-06-28,2016.0,2022.0,2125.0,True,False,True,False,False,,>70% built,100.0,0.0
591500953,DownTown Dubai,Burj Khalifa,Emaar Properties,Pending,Standard,48.0,42,1,0,0,43,2023-12-31,2025-12-31,2023.0,2025.0,731.0,False,True,False,True,False,7.1,30-70% built,48.0,0.0
585403955,International City Phase 3,Warsan Fourth,Nakheel,Active,Standard,24.0,71,1,0,0,72,2024-01-15,2025-12-31,2024.0,2025.0,716.0,False,True,False,True,True,7.1,<30% built,8.0,16.0
9533435,DAMAC HILLS,Al Hebiah Third,DAMAC Crescent Properties,Finished,Standard,100.0,159,2,0,0,161,2013-08-01,2016-12-31,2013.0,2016.0,1248.0,True,False,True,False,False,,>70% built,100.0,0.0
640,Silicon Oasis,Nadd Hessa,Dubai Integrated Economic Zones,Finished,Standard,100.0,296,1,0,0,297,2008-01-30,2008-09-18,2008.0,2008.0,232.0,True,False,True,False,False,,>70% built,100.0,0.0
1297,Palm Jumeirah,Palm Jumeirah,Nakheel,Finished,Standard,100.0,980,6,0,0,986,2010-10-20,2009-06-25,2010.0,2009.0,,True,False,True,False,False,,>70% built,100.0,0.0
392882921,,Wadi Al Safa 5,Emaar Development,Finished,Standard,100.0,0,0,0,130,130,2022-04-27,2025-11-30,2022.0,2025.0,1313.0,True,False,True,False,False,,>70% built,100.0,0.0
733361792,Al Furjan,Jabal Ali First,Al Furjan,Not Started,Standard,0.0,358,2,0,0,360,2025-06-01,2028-05-31,2025.0,2028.0,1095.0,False,True,False,False,False,,<30% built,0.0,0.0
682324763,Palm Jabal Ali,Palm Jabal Ali,Nakheel,Not Started,Standard,0.0,0,0,0,115,115,2025-01-14,2028-01-17,2025.0,2028.0,1098.0,False,True,False,False,False,,<30% built,0.0,0.0
572463122,Dubai Land Residence Complex,Wadi Al Safa 5,Dubailand Residences,Pending,Standard,0.0,0,0,0,0,0,2023-12-31,,2023.0,,,False,True,False,False,False,,<30% built,48.0,-48.0
24606914,International Media Production Zone,Me'Aisem First,TECOM Investments,Finished,Standard,100.0,677,5,0,0,682,2016-05-01,2019-10-24,2016.0,2019.0,1271.0,True,False,True,False,False,,>70% built,100.0,0.0
459745811,Jumeirah Village Circle,Al Barsha South Fourth,Jumeirah Village,Finished,Standard,100.0,157,1,0,0,158,2022-11-01,2024-10-31,2022.0,2024.0,730.0,True,False,True,False,False,,>70% built,100.0,0.0
410324842,Jabal Ali Village,Jabal Ali First,Nakheel,Active,Standard,76.0,0,0,0,134,134,2022-09-29,2025-12-31,2022.0,2025.0,1189.0,False,True,False,True,False,7.1,>70% built,100.0,-24.0
765736212,Meydan One Community,Al Merkadh,Meydan Group,Active,Standard,32.0,112,1,0,0,113,2025-05-23,2027-05-30,2025.0,2027.0,737.0,False,True,False,False,False,,30-70% built,0.0,32.0
362897507,Jumeirah Village Circle,Al Barsha South Fourth,Jumeirah Village,Finished,Standard,100.0,88,1,0,0,89,2018-01-01,2022-05-15,2018.0,2022.0,1595.0,True,False,True,False,False,,>70% built,100.0,0.0
704250894,,Burj Khalifa,Nshama,Not Started,Standard,0.0,80,1,0,0,81,2025-06-10,2028-06-10,2025.0,2028.0,1096.0,False,True,False,False,False,,<30% built,0.0,0.0
803211549,Palm Jumeirah,Palm Jumeirah,Nakheel,Pending,Standard,4.0,0,0,0,0,0,2025-06-01,2027-04-30,2025.0,2027.0,698.0,False,True,False,False,False,,<30% built,0.0,4.0
690,International City Phase 1,Al Warsan First,Nakheel,Finished,Standard,100.0,165,1,0,0,166,2008-01-29,2011-09-08,2008.0,2011.0,1318.0,True,False,True,False,False,,>70% built,100.0,0.0
1216,Liwan1,Wadi Al Safa 2,Remraam,Finished,Standard,100.0,55,1,0,0,56,2009-05-01,2014-05-05,2009.0,2014.0,1830.0,True,False,True,False,False,,>70% built,100.0,0.0
397835813,DAMAC Lagoons,Al Hebiah Fifth,Wahat Al Jazeera Real Estate,Active,Standard,82.0,0,0,0,872,872,2022-04-24,2025-06-29,2022.0,2025.0,1162.0,False,True,False,True,False,13.2,>70% built,100.0,-18.0
557516909,Silicon Oasis,Nadd Hessa,Dubai Integrated Economic Zones,Active,Standard,80.0,109,1,0,0,110,2024-01-01,2025-04-01,2024.0,2025.0,456.0,False,True,False,True,False,16.1,>70% built,8.0,72.0
615,Dubai Investment Park First,Dubai Investment Park First,Dubai Investments Park Development,Finished,Standard,100.0,376,1,0,0,377,2010-10-12,2015-12-16,2010.0,2015.0,1891.0,True,False,True,False,False,,>70% built,100.0,0.0
220,Business Bay,Business Bay,Dubai Properties,Finished,Standard,100.0,267,1,0,0,268,2007-04-02,2012-10-23,2007.0,2012.0,2031.0,True,False,True,False,False,,>70% built,100.0,0.0
668922042,Barsha Heights,Al Thanyah First,DHAM (Dubai Holding Asset Management),Active,Standard,1.0,41,1,0,0,42,2025-01-01,2027-06-30,2025.0,2027.0,910.0,False,True,False,False,False,,<30% built,0.0,1.0
79502714,Dubai Hills Estate,Hadaeq Sheikh Mohammed Bin Rashid,Dubai Hills Estate,Finished,Standard,100.0,557,2,0,0,559,2017-07-25,2020-03-31,2017.0,2020.0,980.0,True,False,True,False,False,,>70% built,100.0,0.0
14641471,DAMAC HILLS,Al Hebiah Third,DAMAC Crescent Properties,Finished,Standard,100.0,0,0,0,15,15,2014-11-01,2019-01-10,2014.0,2019.0,1531.0,True,False,True,False,False,,>70% built,100.0,0.0
437,Jumeirah Lakes Towers,Al Thanyah Fifth,DMCC (Dubai Multi Commodities Centre),Finished,Standard,100.0,546,1,0,0,547,2006-05-20,2009-02-04,2006.0,2009.0,991.0,True,False,True,False,False,,>70% built,100.0,0.0
417792415,Dubai Harbour,Marsa Dubai,Emaar Development,Active,Standard,39.0,448,1,0,0,449,2022-11-10,2026-12-31,2022.0,2026.0,1512.0,False,True,False,False,False,,30-70% built,100.0,-61.0
541138352,Jumeirah Village Circle,Al Barsha South Fourth,Jumeirah Village,Active,Standard,7.0,193,1,0,0,194,2023-11-01,,2023.0,,,False,True,False,False,False,,<30% built,48.0,-41.0
588490308,Business Bay,Business Bay,Business Bay,Active,Standard,5.0,811,1,0,0,812,2024-07-01,,2024.0,,,False,True,False,False,False,,<30% built,8.0,-3.0
464434176,Jumeirah Village Circle,Al Barsha South Fourth,Jumeirah Village,Active,Standard,33.0,592,2,0,0,594,2023-05-01,2025-12-31,2023.0,2025.0,975.0,False,True,False,True,False,7.1,30-70% built,48.0,-15.0
518630201,Jumeirah Village Circle,Al Barsha South Fourth,Jumeirah Village,Active,Standard,63.0,121,1,0,0,122,2023-06-24,2025-08-01,2023.0,2025.0,769.0,False,True,False,True,False,12.1,30-70% built,48.0,15.0
680828351,Liwan1,Wadi Al Safa 2,Liwan,Active,Standard,47.0,104,1,0,0,105,2024-11-25,2026-02-01,2024.0,2026.0,433.0,False,True,False,True,False,6.0,30-70% built,8.0,39.0
688051631,Dubai World Central,Madinat Al Mataar,Emaar Dubai South DWC,Not Started,Standard,0.0,200,3,0,0,203,2025-05-23,2028-12-31,2025.0,2028.0,1318.0,False,True,False,False,False,,<30% built,0.0,0.0
539963980,Jumeirah Village Triangle,Al Barsha South Fifth,Jumeirah Village,Active,Standard,9.0,835,2,0,0,837,2024-01-01,,2024.0,,,False,True,False,False,False,,<30% built,8.0,1.0
777115502,Jumeirah Village Circle,Al Barsha South Fourth,Nakheel,Pending,Standard,0.0,0,0,13,0,13,2025-06-23,2026-10-22,2025.0,2026.0,486.0,False,True,False,False,False,,<30% built,0.0,0.0
706069216,Mohammed Bin Rashid AL Maktoum District 11,Wadi Al Safa 3,Meydan Group,Active,Standard,38.0,88,2,0,0,90,2024-11-01,2026-11-01,2024.0,2026.0,730.0,False,True,False,False,False,,30-70% built,8.0,30.0
630874645,,Dubai Investment Park Second,DAMAC Crescent Properties,Active,Standard,3.0,0,0,580,66,646,2024-09-24,2027-12-31,2024.0,2027.0,1193.0,False,True,False,False,False,,<30% built,8.0,-5.0
623919311,Dubai Harbour,Marsa Dubai,Dubai Harbour Community,Active,Standard,1.0,217,2,0,0,219,2025-02-07,2028-01-14,2025.0,2028.0,1071.0,False,True,False,False,False,,<30% built,0.0,1.0
266113927,Arjan,Al Barshaa South Third,Liwan,Finished,Standard,100.0,112,1,0,0,113,2018-05-24,2021-08-19,2018.0,2021.0,1183.0,True,False,True,False,False,,>70% built,100.0,0.0
710635031,Palm Jumeirah,Palm Jumeirah,Nakheel,Active,Standard,1.0,149,1,0,0,150,2023-08-08,2027-12-31,2023.0,2027.0,1606.0,False,True,False,False,False,,<30% built,48.0,-47.0
489192951,Arjan,Al Barshaa South Third,Liwan,Active,Standard,95.0,115,1,0,0,116,2023-05-15,2025-03-10,2023.0,2025.0,665.0,False,True,False,True,False,16.8,>70% built,48.0,47.0
136336451,DAMAC HILLS 2,Madinat Hind 4,Front Line Investment Management,Finished,Standard,100.0,0,0,0,424,424,2017-11-21,2022-08-29,2017.0,2022.0,1742.0,True,False,True,False,False,,>70% built,100.0,0.0
391624792,Meydan One Community,Al Merkadh,Meydan Group,Finished,Standard,100.0,293,1,0,0,294,2020-11-23,2024-01-18,2020.0,2024.0,1151.0,True,False,True,False,False,,>70% built,100.0,0.0
24600906,The World,World Islands,The World,Active,Standard,80.0,0,0,10,0,10,2015-04-20,2022-09-30,2015.0,2022.0,2720.0,False,True,False,True,False,46.1,>70% built,100.0,-20.0
213520637,Jumeira Bay,Island 2,Jumeirah Bay Residential,Finished,Standard,100.0,0,0,68,14,82,2019-03-01,2021-12-15,2019.0,2021.0,1020.0,True,False,True,False,False,,>70% built,100.0,0.0
55,Silicon Oasis,Nadd Hessa,Dubai Integrated Economic Zones,Finished,Standard,100.0,97,1,0,0,98,2007-08-28,2009-10-06,2007.0,2009.0,770.0,True,False,True,False,False,,>70% built,100.0,0.0
450159387,International City Phase 3,Warsan Fourth,Nakheel,Finished,Standard,100.0,135,1,0,0,136,2021-04-10,2022-12-31,2021.0,2022.0,630.0,True,False,True,False,False,,>70% built,100.0,0.0
795172976,Dubai World Central,Madinat Al Mataar,Expo City Real Estate Development,Pending,Standard,0.0,0,0,0,0,0,2026-07-01,2029-06-30,2026.0,2029.0,1095.0,False,True,False,False,False,,<30% built,0.0,0.0
27382756,Jumeirah Golf Estates,Me'Aisem First,Jumeirah Golf Estates,Finished,Standard,100.0,0,0,0,32,32,2008-05-01,2016-07-19,2008.0,2016.0,3001.0,True,False,True,False,False,,>70% built,100.0,0.0
816616710,Sama Al Jadaf,Al Jadaf,Azizi Developments,Pending,Standard,0.0,0,0,0,0,0,2025-09-16,2027-09-16,2025.0,2027.0,730.0,False,True,False,False,False,,<30% built,0.0,0.0
578485932,Lakes - Deema 1,Al Thanyah Third,Emaar Properties,Finished,Standard,100.0,0,0,65,65,130,2000-01-01,2003-01-01,2000.0,2003.0,1096.0,True,False,True,False,False,,>70% built,100.0,0.0
746044776,,Al Yelayiss 1,DAMAC Elite Investment,Not Started,Standard,0.0,0,0,0,203,203,2025-10-01,2029-06-30,2025.0,2029.0,1368.0,False,True,False,False,False,,<30% built,0.0,0.0
408,Jumeirah Islands,Al Thanyah Fifth,Nakheel,Finished,Standard,100.0,453,1,0,0,454,2005-05-01,2018-10-08,2005.0,2018.0,4908.0,True,False,True,False,False,,>70% built,100.0,0.0
708519641,Business Bay,Business Bay,Business Bay,Not Started,Standard,0.0,728,1,0,0,729,2025-02-01,2026-08-31,2025.0,2026.0,576.0,False,True,False,False,False,,<30% built,0.0,0.0
444891542,DownTown Dubai,Burj Khalifa,Emaar Properties,Active,Standard,53.0,296,1,0,0,297,2023-01-16,2026-02-28,2023.0,2026.0,1139.0,False,True,False,True,False,5.2,30-70% built,48.0,5.0
30335820,International City Phase 3,Warsan Fourth,International City,Finished,Standard,100.0,81,1,0,0,82,2015-12-01,2017-10-30,2015.0,2017.0,699.0,True,False,True,False,False,,>70% built,100.0,0.0
94284211,SOBHA HARTLAND,Al Merkadh,Sobha,Finished,Standard,100.0,507,2,0,0,509,2017-10-15,2021-01-11,2017.0,2021.0,1184.0,True,False,True,False,False,,>70% built,100.0,0.0
631444218,Mina Rashid,Madinat Dubai Almelaheyah,Mina Rashid Real Estate,Active,Standard,2.0,554,4,0,0,558,2024-12-18,2028-12-31,2024.0,2028.0,1474.0,False,True,False,False,False,,<30% built,8.0,-6.0
584194841,Jumeirah Village Circle,Al Barsha South Fourth,Jumeirah Village,Active,Standard,33.0,369,1,0,0,370,2024-02-15,,2024.0,,,False,True,False,False,False,,30-70% built,8.0,25.0
1273,Arabian Ranches - Polo Homes,Al Hebiah Second,Emaar Properties,Finished,Standard,100.0,0,0,0,69,69,2008-04-08,2014-06-01,2008.0,2014.0,2245.0,True,False,True,False,False,,>70% built,100.0,0.0
764625099,Jumeirah Village Circle,Al Barsha South Fourth,Jumeirah Village,Not Started,Standard,0.0,128,1,0,0,129,2025-07-01,2028-07-08,2025.0,2028.0,1103.0,False,True,False,False,False,,<30% built,0.0,0.0
170433703,Business Bay,Business Bay,Business Bay,Finished,Standard,100.0,57,1,0,0,58,2018-03-01,2022-06-01,2018.0,2022.0,1553.0,True,False,True,False,False,,>70% built,100.0,0.0
10621292,THE SUSTAINABLE CITY,Wadi Al Safa 7,Dubailand,Finished,Standard,100.0,0,7,498,22,527,2013-11-01,2017-04-27,2013.0,2017.0,1273.0,True,False,True,False,False,,>70% built,100.0,0.0
611464821,Jumeirah Garden City,Al Satwa,Meraas,Active,Standard,21.0,161,1,0,0,162,2024-04-01,2026-03-01,2024.0,2026.0,699.0,False,True,False,True,True,5.1,<30% built,8.0,13.0
4664224,Living Legends,Wadi Al Safa 3,Dubailand,Active,Standard,92.0,340,3,0,8,351,2011-06-01,2021-09-30,2011.0,2021.0,3774.0,False,True,False,True,False,58.1,>70% built,100.0,-8.0
86,Jumeirah Lakes Towers,Al Thanyah Fifth,DMCC (Dubai Multi Commodities Centre),Finished,Standard,100.0,320,1,0,0,321,2007-08-21,2007-11-12,2007.0,2007.0,83.0,True,False,True,False,False,,>70% built,100.0,0.0
816,Jumeirah Lakes Towers,Al Thanyah Fifth,Nakheel,Finished,Standard,100.0,443,1,0,0,444,2008-07-15,2008-09-23,2008.0,2008.0,70.0,True,False,True,False,False,,>70% built,100.0,0.0
771113740,International City Phase 3,Warsan Fourth,Nakheel,Active,Standard,28.0,95,1,0,0,96,2024-09-05,2026-12-15,2024.0,2026.0,831.0,False,True,False,False,False,,<30% built,8.0,20.0
233378857,Liwan1,Wadi Al Safa 2,Liwan,Finished,Standard,100.0,328,1,0,0,329,2017-12-28,2020-04-14,2017.0,2020.0,838.0,True,False,True,False,False,,>70% built,100.0,0.0
86288671,Al Furjan,Jabal Ali First,Al Furjan,Finished,Standard,100.0,115,1,0,0,116,2023-03-23,2025-07-31,2023.0,2025.0,861.0,True,False,True,False,False,,>70% built,48.0,52.0
588945510,Jumeirah Village Circle,Al Barsha South Fourth,Jumeirah Village,Active,Standard,6.0,526,1,0,0,527,2024-04-25,2027-06-30,2024.0,2027.0,1161.0,False,True,False,False,False,,<30% built,8.0,-2.0
670949046,Jumeirah Village Triangle,Al Barsha South Fifth,Nakheel,Not Started,Standard,0.0,264,1,0,0,265,2025-01-01,2027-04-01,2025.0,2027.0,820.0,False,True,False,False,False,,<30% built,0.0,0.0
167,Jumeirah Village Circle,Al Barsha South Fourth,Jumeirah Village,Finished,Standard,100.0,0,0,14,0,14,2008-12-01,2011-02-03,2008.0,2011.0,794.0,True,False,True,False,False,,>70% built,100.0,0.0
457737641,,Al Yufrah 1,Emaar Development,Active,Standard,89.0,0,0,430,72,502,2023-03-27,2026-09-30,2023.0,2026.0,1283.0,False,True,False,False,False,,>70% built,48.0,41.0
527545135,Dubai Hills Estate,Hadaeq Sheikh Mohammed Bin Rashid,Dubai Hills Estate,Active,Standard,30.0,370,1,0,0,371,2023-12-16,2028-06-30,2023.0,2028.0,1658.0,False,True,False,False,False,,<30% built,48.0,-18.0
770532785,City Of Arabia,Wadi Al Safa 4,Ilyas & Mustafa Galadari Investment & Development,Not Started,Standard,0.0,629,1,0,0,630,2025-06-03,2027-06-03,2025.0,2027.0,730.0,False,True,False,False,False,,<30% built,0.0,0.0
429,Business Bay,Business Bay,Business Bay,Finished,Standard,100.0,146,2,0,0,148,2010-03-01,2013-11-20,2010.0,2013.0,1360.0,True,False,True,False,False,,>70% built,100.0,0.0
796447901,Palm Deira,Palm Deira,Nakheel,Pending,Standard,0.0,49,1,0,0,50,2025-11-30,2027-11-30,2025.0,2027.0,730.0,False,True,False,False,False,,<30% built,0.0,0.0
536844615,Business Bay,Business Bay,Business Bay,Active,Standard,11.0,227,1,0,0,228,2023-11-01,,2023.0,,,False,True,False,False,False,,<30% built,48.0,-37.0
577950744,Business Bay,Business Bay,Business Bay,Active,Standard,12.0,298,1,0,0,299,2023-10-24,2027-06-09,2023.0,2027.0,1324.0,False,True,False,False,False,,<30% built,48.0,-36.0
13,Silicon Oasis,Nadd Hessa,Dubai Integrated Economic Zones,Finished,Standard,100.0,128,1,0,0,129,2008-05-17,2010-12-30,2008.0,2010.0,957.0,True,False,True,False,False,,>70% built,100.0,0.0
714772095,Dubai South Residential District,Madinat Al Mataar,Dubai Aviation City Corporation,Not Started,Standard,0.0,70,1,0,0,71,2025-01-15,2026-12-15,2025.0,2026.0,699.0,False,True,False,False,False,,<30% built,0.0,0.0
12423050,DAMAC HILLS,Al Hebiah Third,DAMAC Crescent Properties,Finished,Standard,100.0,740,8,0,1,749,2014-08-01,2019-09-15,2014.0,2019.0,1871.0,True,False,True,False,False,,>70% built,100.0,0.0
287245886,Jumeirah Park,Al Thanyah Fifth,Jumeirah Park,Finished,Standard,100.0,0,0,40,0,40,2018-04-23,2020-09-14,2018.0,2020.0,875.0,True,False,True,False,False,,>70% built,100.0,0.0
14291116,Jaddaf Waterfront,Al Jadaf,Dubai Properties,Finished,Standard,100.0,124,1,0,0,125,2014-10-01,2016-12-21,2014.0,2016.0,812.0,True,False,True,False,False,,>70% built,100.0,0.0
462843130,Dubai Hills Estate,Hadaeq Sheikh Mohammed Bin Rashid,Dubai Hills Estate,Finished,Standard,100.0,231,1,0,0,232,2021-02-01,2023-10-18,2021.0,2023.0,989.0,True,False,True,False,False,,>70% built,100.0,0.0
611162840,,Bukadra,Sobha,Active,Standard,20.0,910,1,0,0,911,2024-05-10,,2024.0,,,False,True,False,False,False,,<30% built,8.0,12.0
816249611,Jumeirah Garden City,Al Satwa,Meraas,Pending,Standard,0.0,72,1,0,0,73,2025-08-01,2027-03-01,2025.0,2027.0,577.0,False,True,False,False,False,,<30% built,0.0,0.0
471457826,Jumeirah Village Circle,Al Barsha South Fourth,Jumeirah Village,Active,Standard,83.0,409,1,0,0,410,2023-01-01,2025-12-31,2023.0,2025.0,1095.0,False,True,False,True,False,7.1,>70% built,48.0,35.0
27890363,Palm Jumeirah,Palm Jumeirah,Palm Jumeirah,Finished,Standard,100.0,91,1,0,0,92,2015-05-06,2017-01-06,2015.0,2017.0,611.0,True,False,True,False,False,,>70% built,100.0,0.0
535447376,Dubai Land Residence Complex,Wadi Al Safa 5,Dubailand Residences,Active,Standard,35.0,90,1,0,0,91,2023-10-31,2026-10-31,2023.0,2026.0,1096.0,False,True,False,False,False,,30-70% built,48.0,-13.0
784988734,Palm Deira,Palm Deira,Palm Deira,Pending,Standard,2.0,0,0,0,0,0,2025-05-01,2027-10-31,2025.0,2027.0,913.0,False,True,False,False,False,,<30% built,0.0,2.0
402657132,Dubai South Residential District,Madinat Al Mataar,Dubai Aviation City Corporation,Finished,Standard,100.0,0,0,291,93,384,2022-03-31,2025-04-30,2022.0,2025.0,1126.0,True,False,True,False,False,,>70% built,100.0,0.0
27878742,City Walk,Al Wasl,City Walk Residential 1,Finished,Standard,100.0,68,2,0,0,70,2013-05-18,2016-12-07,2013.0,2016.0,1299.0,True,False,True,False,False,,>70% built,100.0,0.0
536311271,Jumeirah Village Circle,Al Barsha South Fourth,Jumeirah Village,Active,Standard,89.0,199,1,0,0,200,2023-09-15,,2023.0,,,False,True,False,False,False,,>70% built,48.0,41.0
481736201,Palm Jumeirah,Palm Jumeirah,Palm Jumeirah,Active,Standard,98.0,0,0,24,0,24,2023-02-01,2024-11-01,2023.0,2024.0,639.0,False,True,False,True,False,21.1,>70% built,48.0,50.0
459995533,TOWN SQUARE,Al Yelayiss 2,Nshama,Finished,Standard,100.0,153,1,0,0,154,2023-02-01,2024-11-01,2023.0,2024.0,639.0,True,False,True,False,False,,>70% built,48.0,52.0
628088499,,Al Yufrah 1,Emaar Development,Active,Standard,6.0,0,0,312,77,389,2024-11-22,2028-07-31,2024.0,2028.0,1347.0,False,True,False,False,False,,<30% built,8.0,-2.0
1232,Liwan1,Wadi Al Safa 2,Remraam,Finished,Standard,100.0,40,1,0,0,41,2009-06-01,2014-06-24,2009.0,2014.0,1849.0,True,False,True,False,False,,>70% built,100.0,0.0
483114269,The World,World Islands,Nakheel,Pending,Standard,1.0,0,0,0,0,0,2022-10-01,,2022.0,,,False,True,False,False,False,,<30% built,100.0,-99.0
426609325,Dubai Hills Estate,Hadaeq Sheikh Mohammed Bin Rashid,Dubai Hills Estate,Active,Standard,99.0,450,1,0,0,451,2022-11-05,2026-04-30,2022.0,2026.0,1272.0,False,True,False,True,False,3.2,>70% built,100.0,-1.0
1275,DownTown Dubai,Burj Khalifa,Emaar Properties,Finished,Standard,100.0,321,3,0,0,324,2008-05-06,2011-11-30,2008.0,2011.0,1303.0,True,False,True,False,False,,>70% built,100.0,0.0
472627240,Dubai Harbour,Marsa Dubai,Harbour Real Estate,Active,Standard,22.0,330,1,0,0,331,2023-07-01,2028-04-30,2023.0,2028.0,1765.0,False,True,False,False,False,,<30% built,48.0,-26.0
191,Jumeirah Village Circle,Al Barsha South Fourth,Jumeirah Village,Finished,Standard,100.0,188,1,0,0,189,2008-01-28,2010-11-20,2008.0,2010.0,1027.0,True,False,True,False,False,,>70% built,100.0,0.0
12496126,Jumeirah Village Circle,Al Barsha South Fourth,Jumeirah Village,Finished,Mixed-use,100.0,743,1,0,0,744,2014-06-01,2019-03-28,2014.0,2019.0,1761.0,True,False,True,False,False,,>70% built,100.0,0.0
624931781,TOWN SQUARE,Al Yelayiss 2,Nshama,Not Started,Standard,0.0,154,1,0,0,155,2024-12-19,2027-04-30,2024.0,2027.0,862.0,False,True,False,False,False,,<30% built,8.0,-8.0
100127165,Jumeirah Village Circle,Al Barsha South Fourth,Jumeirah Village,Finished,Standard,100.0,260,2,0,0,262,2017-06-01,2021-12-29,2017.0,2021.0,1672.0,True,False,True,False,False,,>70% built,100.0,0.0
692,Jumeirah Village Circle,Al Barsha South Fourth,Nakheel,Finished,Standard,100.0,0,0,15,0,15,2012-12-13,2015-02-11,2012.0,2015.0,790.0,True,False,True,False,False,,>70% built,100.0,0.0
659056644,Palm Deira,Palm Deira,Nakheel,Not Started,Standard,0.0,296,4,0,0,300,2024-12-22,2028-03-15,2024.0,2028.0,1179.0,False,True,False,False,False,,<30% built,8.0,-8.0
535704824,Dubai Hills Estate,Hadaeq Sheikh Mohammed Bin Rashid,Dubai Hills Estate,Active,Standard,41.0,529,2,0,0,531,2024-01-30,,2024.0,,,False,True,False,False,False,,30-70% built,8.0,33.0
576209991,Springs - 5,Al Thanayah Fourth,Emaar Properties,Finished,Standard,100.0,0,0,320,84,404,2001-01-01,2004-01-01,2001.0,2004.0,1095.0,True,False,True,False,False,,>70% built,100.0,0.0
474944068,Dubai Harbour,Marsa Dubai,Shamal Real Estate,Active,Standard,16.0,1087,4,0,0,1091,2023-04-15,2027-01-15,2023.0,2027.0,1371.0,False,True,False,False,False,,<30% built,48.0,-32.0
1198,Liwan1,Wadi Al Safa 2,Remraam,Finished,Standard,100.0,57,1,0,0,58,2009-03-22,2017-01-17,2009.0,2017.0,2858.0,True,False,True,False,False,,>70% built,100.0,0.0
564984419,International City Phase 3,Warsan Fourth,International City,Finished,Standard,100.0,87,1,0,0,88,2023-08-02,,2023.0,,,True,False,True,False,False,,>70% built,48.0,52.0
513264571,Mudon,Al Hebiah Sixth,Dubai Properties,Active,Standard,43.0,0,0,228,43,271,2023-09-01,2026-09-30,2023.0,2026.0,1125.0,False,True,False,False,False,,30-70% built,48.0,-5.0
788537515,,Dubai Investment Park Second,Emaar Development,Not Started,Standard,0.0,0,0,0,172,172,2025-11-02,2029-05-31,2025.0,2029.0,1306.0,False,True,False,False,False,,<30% built,0.0,0.0
721763371,Palm Deira,Palm Deira,Nakheel,Not Started,Standard,0.0,227,1,0,0,228,2025-02-12,2028-02-12,2025.0,2028.0,1095.0,False,True,False,False,False,,<30% built,0.0,0.0
512976252,TOWN SQUARE,Al Yelayiss 2,Nshama,Active,Standard,63.0,242,1,0,0,243,2023-10-01,2025-10-31,2023.0,2025.0,761.0,False,True,False,True,False,9.1,30-70% built,48.0,15.0
36991189,,Wadi Al Safa 5,Dubai Properties,Finished,Standard,100.0,0,0,561,91,652,2017-01-30,2022-05-18,2017.0,2022.0,1934.0,True,False,True,False,False,,>70% built,100.0,0.0
159940627,Jumeirah Golf Estates,Me'Aisem First,Jumeirah Golf Estates,Finished,Standard,100.0,89,0,0,0,89,2018-01-01,2020-08-31,2018.0,2020.0,973.0,True,False,True,False,False,,>70% built,100.0,0.0
472597472,Mudon,Al Hebiah Sixth,Dubai Properties,Active,Standard,90.0,0,0,134,28,162,2023-03-01,2026-05-31,2023.0,2026.0,1187.0,False,True,False,True,False,2.1,>70% built,48.0,42.0
26522245,,Al Barsha South Fourth,Jumeirah Village,Finished,Standard,100.0,339,5,0,0,344,2016-01-01,2019-12-29,2016.0,2019.0,1458.0,True,False,True,False,False,,>70% built,100.0,0.0
441216030,Dubai Hills Estate,Hadaeq Sheikh Mohammed Bin Rashid,Dubai Hills Estate,Active,Standard,91.0,166,1,0,0,167,2022-12-19,2025-04-30,2022.0,2025.0,863.0,False,True,False,True,False,15.1,>70% built,100.0,-9.0
657207697,Jumeirah Garden City,Al Satwa,Meraas,Active,Standard,54.0,95,1,0,0,96,2024-07-01,2025-08-30,2024.0,2025.0,425.0,False,True,False,True,False,11.1,30-70% built,8.0,46.0
403160353,,Um Suqaim Third,Jumeirah Hills Development,Finished,Standard,100.0,276,3,0,0,279,2022-05-18,2024-09-15,2022.0,2024.0,851.0,True,False,True,False,False,,>70% built,100.0,0.0
11393583,Dubai Sports City,Al Hebiah Fourth,Dubai Sports City,Finished,Standard,100.0,468,1,0,0,469,2014-03-01,2016-10-16,2014.0,2016.0,960.0,True,False,True,False,False,,>70% built,100.0,0.0
768146995,Palm Deira,Palm Deira,Nakheel,Not Started,Standard,0.0,120,1,0,0,121,2025-06-01,2025-12-31,2025.0,2025.0,213.0,False,True,False,True,True,7.1,<30% built,0.0,0.0
519537626,SOBHA HARTLAND,Al Merkadh,Sobha,Active,Standard,43.0,1354,2,0,0,1356,2023-03-14,,2023.0,,,False,True,False,False,False,,30-70% built,48.0,-5.0
743256550,International Media Production Zone,Me'Aisem First,DHAM (Dubai Holding Asset Management),Not Started,Standard,0.0,176,1,0,0,177,2025-05-31,2026-12-31,2025.0,2026.0,579.0,False,True,False,False,False,,<30% built,0.0,0.0
584301540,Discovery Gardens,Jabal Ali First,Nakheel,Active,Standard,16.0,159,1,0,0,160,2024-05-28,,2024.0,,,False,True,False,False,False,,<30% built,8.0,8.0
43965954,SOBHA HARTLAND,Al Merkadh,Sobha,Finished,Standard,100.0,0,0,27,1,28,2016-12-01,2021-09-08,2016.0,2021.0,1742.0,True,False,True,False,False,,>70% built,100.0,0.0
612699331,Liwan2,Wadi Al Safa 2,Liwan,Pending,Standard,22.0,24,1,0,0,25,2024-05-01,2025-12-31,2024.0,2025.0,609.0,False,True,False,True,True,7.1,<30% built,8.0,14.0
27987049,Pearl Jumeira,Jumeirah First,BG Hotel Residential,Finished,Standard,100.0,65,3,0,0,68,2014-07-27,2017-08-30,2014.0,2017.0,1130.0,True,False,True,False,False,,>70% built,100.0,0.0
1312,Dubai Marina,Marsa Dubai,Emaar Properties,Finished,Standard,100.0,170,1,0,0,171,2012-02-14,2011-10-06,2012.0,2011.0,,True,False,True,False,False,,>70% built,100.0,0.0
382570142,Dubai Investment Park First,Dubai Investment Park First,Dubai Investments Park Development,Active,Standard,49.0,0,0,67,0,67,2021-04-06,2022-08-06,2021.0,2022.0,487.0,False,True,False,True,False,47.9,30-70% built,100.0,-51.0
443333899,The Greens,Al Thanyah Third,Emaar Properties,Active,Standard,70.0,281,1,0,0,282,2023-03-26,2026-12-31,2023.0,2026.0,1376.0,False,True,False,False,False,,30-70% built,48.0,22.0
683735233,Jumeirah Village Circle,Al Barsha South Fourth,Jumeirah Village,Active,Standard,26.0,102,1,0,0,103,2024-10-15,2026-04-13,2024.0,2026.0,545.0,False,True,False,True,True,3.7,<30% built,8.0,18.0
402,Jumeirah Village Circle,Al Barsha South Fourth,Jumeirah Village,Finished,Standard,100.0,0,0,25,0,25,2008-06-24,2011-04-04,2008.0,2011.0,1014.0,True,False,True,False,False,,>70% built,100.0,0.0
732360964,Living Legends,Wadi Al Safa 3,Dubailand,Not Started,Standard,0.0,0,0,0,251,251,2025-04-28,2029-02-28,2025.0,2029.0,1402.0,False,True,False,False,False,,<30% built,0.0,0.0
245193087,City Walk,Al Wasl,Meraas,Finished,Standard,100.0,184,1,0,0,185,2019-06-20,2022-06-13,2019.0,2022.0,1089.0,True,False,True,False,False,,>70% built,100.0,0.0
683762319,Jumeirah Village Triangle,Al Barsha South Fifth,Jumeirah Village,Pending,Standard,0.0,187,1,0,0,188,2025-06-01,2028-07-01,2025.0,2028.0,1126.0,False,True,False,False,False,,<30% built,0.0,0.0
706475836,International Media Production Zone,Me'Aisem First,DHAM (Dubai Holding Asset Management),Not Started,Standard,0.0,145,1,0,0,146,2025-07-01,2027-12-01,2025.0,2027.0,883.0,False,True,False,False,False,,<30% built,0.0,0.0
87519775,Dubai Harbour,Marsa Dubai,Emaar Development,Active,Standard,10.0,674,3,0,0,677,2023-09-12,2028-03-31,2023.0,2028.0,1662.0,False,True,False,False,False,,<30% built,48.0,-38.0
42413483,Arabian Ranches II - Reem Community,Wadi Al Safa 7,Emaar Properties,Finished,Standard,100.0,0,0,216,44,260,2017-04-01,2020-01-13,2017.0,2020.0,1017.0,True,False,True,False,False,,>70% built,100.0,0.0
652256255,Dubai Land Residence Complex,Wadi Al Safa 5,Dubailand Residences,Not Started,Standard,0.0,260,1,0,0,261,2024-11-30,2028-11-30,2024.0,2028.0,1461.0,False,True,False,False,False,,<30% built,8.0,-8.0
651962625,Silicon Oasis,Nadd Hessa,Dubai Integrated Economic Zones,Active,Standard,2.0,483,1,0,0,484,2024-12-01,2027-11-30,2024.0,2027.0,1094.0,False,True,False,False,False,,<30% built,8.0,-6.0
12765916,,Al Goze Fourth,Al Khail Heights,Finished,Standard,100.0,1821,13,58,9,1901,2013-11-15,2017-01-21,2013.0,2017.0,1163.0,True,False,True,False,False,,>70% built,100.0,0.0
438,Jumeirah Lakes Towers,Al Thanyah Fifth,DMCC (Dubai Multi Commodities Centre),Finished,Standard,100.0,573,1,0,0,574,2006-05-20,2008-05-13,2006.0,2008.0,724.0,True,False,True,False,False,,>70% built,100.0,0.0
488289959,Dubai World Central,Madinat Al Mataar,Emaar Dubai South DWC,Active,Standard,46.0,0,0,0,308,308,2023-07-23,2026-12-31,2023.0,2026.0,1257.0,False,True,False,False,False,,30-70% built,48.0,-2.0
10805705,Dubai Marina,Marsa Dubai,Dubai Marina (Phase 1),Finished,Standard,100.0,223,1,0,0,224,2013-10-31,2017-05-22,2013.0,2017.0,1299.0,True,False,True,False,False,,>70% built,100.0,0.0
516,Business Bay,Business Bay,Meraas,Finished,Standard,100.0,305,5,0,0,310,2006-10-01,2011-01-20,2006.0,2011.0,1572.0,True,False,True,False,False,,>70% built,100.0,0.0
484273593,Palm Jabal Ali,Palm Jabal Ali,Nakheel,Not Started,Standard,0.0,0,0,0,67,67,2023-12-02,,2023.0,,,False,True,False,False,False,,<30% built,48.0,-48.0
97549684,Al Furjan,Jabal Ali First,Al Furjan,Finished,Standard,100.0,250,1,0,0,251,2017-07-01,2023-08-08,2017.0,2023.0,2229.0,True,False,True,False,False,,>70% built,100.0,0.0
660374493,Dubai Investment Park First,Dubai Investment Park First,Dubai Investments Park Development,Pending,Standard,0.0,0,0,773,0,773,2024-09-01,2027-09-30,2024.0,2027.0,1124.0,False,True,False,False,False,,<30% built,8.0,-8.0
796384123,Palm Deira,Palm Deira,Palm Deira,Pending,Standard,0.0,63,1,0,0,64,2025-12-10,2027-12-10,2025.0,2027.0,730.0,False,True,False,False,False,,<30% built,0.0,0.0
760254874,Arjan,Al Barshaa South Third,Liwan,Not Started,Standard,0.0,74,1,0,0,75,2025-06-01,2027-08-30,2025.0,2027.0,820.0,False,True,False,False,False,,<30% built,0.0,0.0
813,Dubai Land Residence Complex,Wadi Al Safa 5,Dubailand Residences,Finished,Standard,100.0,181,1,0,0,182,2007-10-24,2015-06-21,2007.0,2015.0,2797.0,True,False,True,False,False,,>70% built,100.0,0.0
704245232,International City Phase 3,Warsan Fourth,International City,Active,Standard,2.0,96,1,0,0,97,2025-02-01,2027-01-31,2025.0,2027.0,729.0,False,True,False,False,False,,<30% built,0.0,2.0
46619958,,Wadi Al Safa 5,Dubai Properties,Finished,Standard,100.0,0,1,0,254,255,2017-04-30,2021-07-30,2017.0,2021.0,1552.0,True,False,True,False,False,,>70% built,100.0,0.0
432429513,Living Legends,Wadi Al Safa 3,Tanmiyat Global Real Estate Development,Finished,Standard,100.0,0,0,48,0,48,2021-12-01,2023-07-21,2021.0,2023.0,597.0,True,False,True,False,False,,>70% built,100.0,0.0
605547358,Dubai World Central,Madinat Al Mataar,Expo City Real Estate Development,Pending,Standard,3.0,0,0,0,0,0,2024-08-15,,2024.0,,,False,True,False,False,False,,<30% built,8.0,-5.0
14211987,Rukan,Wadi Al Safa 7,Dubailand,Finished,Standard,100.0,621,3,0,0,624,2014-12-31,2023-01-18,2014.0,2023.0,2940.0,True,False,True,False,False,,>70% built,100.0,0.0
644771851,Dubai Science Park,Al Barshaa South Second,DHAM (Dubai Holding Asset Management),Active,Standard,4.0,859,2,0,0,861,2024-09-15,2027-03-31,2024.0,2027.0,927.0,False,True,False,False,False,,<30% built,8.0,-4.0
102,Jumeirah Islands,Al Thanyah Fifth,DMCC (Dubai Multi Commodities Centre),Finished,Standard,100.0,554,1,2,0,557,2006-11-01,2018-11-01,2006.0,2018.0,4383.0,True,False,True,False,False,,>70% built,100.0,0.0
413,DownTown Dubai,Burj Khalifa,Emaar Properties,Finished,Standard,100.0,356,1,0,0,357,2010-03-15,2013-05-21,2010.0,2013.0,1163.0,True,False,True,False,False,,>70% built,100.0,0.0
256512783,SOBHA HARTLAND,Al Merkadh,Sobha,Finished,Standard,100.0,415,1,0,0,416,2019-08-15,2023-04-15,2019.0,2023.0,1339.0,True,False,True,False,False,,>70% built,100.0,0.0
441574539,Dubai Science Park,Al Barshaa South Second,TECOM Investments,Finished,Standard,100.0,575,2,0,0,577,2023-01-01,2025-04-24,2023.0,2025.0,844.0,True,False,True,False,False,,>70% built,48.0,52.0
673,Dubai Marina,Marsa Dubai,Emaar Properties,Finished,Standard,100.0,0,2,0,0,2,2008-01-22,2021-07-28,2008.0,2021.0,4936.0,True,False,True,False,False,,>70% built,100.0,0.0
521174735,Jumeirah Village Circle,Al Barsha South Fourth,Jumeirah Village,Active,Standard,17.0,692,2,0,0,694,2023-12-01,,2023.0,,,False,True,False,False,False,,<30% built,48.0,-31.0
757891393,Wasl Gate,Jabal Ali First,JAG Development,Not Started,Standard,0.0,379,1,0,0,380,2025-05-01,2027-12-31,2025.0,2027.0,974.0,False,True,False,False,False,,<30% built,0.0,0.0
579376985,Liwan1,Wadi Al Safa 2,Liwan,Finished,Standard,100.0,90,1,0,0,91,2023-09-14,,2023.0,,,True,False,True,False,False,,>70% built,48.0,52.0
451187178,Dubai Water Canal,Al Wasl,Meraas,Active,Standard,44.0,42,1,0,0,43,2022-12-23,2025-05-30,2022.0,2025.0,889.0,False,True,False,True,False,14.2,30-70% built,100.0,-56.0
734319486,Majan,Wadi Al Safa 3,Liwan,Pending,Standard,88.0,213,1,0,0,214,2023-07-01,2025-09-30,2023.0,2025.0,822.0,False,True,False,True,False,10.1,>70% built,48.0,40.0
644007193,Dubai Land Residence Complex,Wadi Al Safa 5,Dubailand Residences,Active,Standard,10.0,126,1,0,0,127,2024-11-01,2026-12-30,2024.0,2026.0,789.0,False,True,False,False,False,,<30% built,8.0,2.0
721860155,Jumeirah Garden City,Al Satwa,Meraas,Pending,Standard,7.0,41,1,0,0,42,2024-11-28,2026-06-27,2024.0,2026.0,576.0,False,True,False,True,True,1.2,<30% built,8.0,-1.0
519872094,Palm Deira,Palm Deira,Nakheel,Active,Standard,19.0,292,5,0,10,307,2024-01-01,2026-10-15,2024.0,2026.0,1018.0,False,True,False,False,False,,<30% built,8.0,11.0
535309304,Dubai Water Canal,Jumeirah Second,Meraas,Active,Standard,12.0,13,2,0,0,15,2024-01-20,2025-12-25,2024.0,2025.0,705.0,False,True,False,True,True,7.3,<30% built,8.0,4.0
10590210,DAMAC HILLS,Al Hebiah Third,DAMAC Crescent Properties,Finished,Standard,100.0,0,0,0,67,67,2013-12-01,2019-03-25,2013.0,2019.0,1940.0,True,False,True,False,False,,>70% built,100.0,0.0
11539037,DAMAC HILLS,Al Hebiah Third,DAMAC Crescent Properties,Finished,Standard,100.0,0,0,0,57,57,2014-06-01,2019-03-25,2014.0,2019.0,1758.0,True,False,True,False,False,,>70% built,100.0,0.0
710700434,Jumeirah Garden City,Al Satwa,Meraas,Not Started,Standard,0.0,129,1,0,0,130,2025-04-15,2027-04-14,2025.0,2027.0,729.0,False,True,False,False,False,,<30% built,0.0,0.0
678761680,Dubai World Central,Madinat Al Mataar,DWTC Emaar,Active,Standard,1.0,1004,4,0,0,1008,2025-04-10,2029-03-31,2025.0,2029.0,1451.0,False,True,False,False,False,,<30% built,0.0,1.0
638225365,Dubai Hills Estate,Hadaeq Sheikh Mohammed Bin Rashid,Dubai Hills Estate,Active,Standard,7.0,473,3,0,0,476,2024-09-10,2028-12-31,2024.0,2028.0,1573.0,False,True,False,False,False,,<30% built,8.0,-1.0
740443258,Jumeirah Garden City,Al Satwa,Meraas,Active,Standard,81.0,71,1,0,0,72,2023-10-20,2025-09-30,2023.0,2025.0,711.0,False,True,False,True,False,10.1,>70% built,48.0,33.0
812813681,Palm Deira,Palm Deira,Palm Deira,Pending,Standard,9.0,53,1,0,0,54,2025-04-15,2026-07-14,2025.0,2026.0,455.0,False,True,False,True,True,0.7,<30% built,0.0,9.0
751110274,Jaddaf Waterfront,Al Jadaf,DHAM (Dubai Holding Asset Management),Not Started,Standard,0.0,234,1,0,0,235,2025-04-15,2026-06-15,2025.0,2026.0,426.0,False,True,False,True,True,1.6,<30% built,0.0,0.0
571347709,Palm Deira,Palm Deira,Nakheel,Not Started,Standard,0.0,0,0,0,614,614,2024-07-26,2027-05-02,2024.0,2027.0,1010.0,False,True,False,False,False,,<30% built,8.0,-8.0
248318643,Arjan,Al Barshaa South Third,Liwan,Finished,Standard,100.0,202,1,0,0,203,2019-06-15,2022-06-09,2019.0,2022.0,1090.0,True,False,True,False,False,,>70% built,100.0,0.0
29106939,Jumeirah Village Circle,Al Barsha South Fourth,Jumeirah Village,Finished,Standard,100.0,0,0,16,0,16,2014-07-17,2018-02-28,2014.0,2018.0,1322.0,True,False,True,False,False,,>70% built,100.0,0.0
707776107,,Al Yelayiss 1,DAMAC Elite Investment,Not Started,Standard,0.0,0,0,0,387,387,2025-04-21,2028-12-31,2025.0,2028.0,1350.0,False,True,False,False,False,,<30% built,0.0,0.0
764691887,Jumeirah Village Circle,Al Barsha South Fourth,Jumeirah Village,Not Started,Standard,0.0,167,1,0,0,168,2025-05-31,2027-11-30,2025.0,2027.0,913.0,False,True,False,False,False,,<30% built,0.0,0.0
612790690,DAMAC HILLS 2,Madinat Hind 4,Front Line Investment Management,Not Started,Standard,0.0,130,2,0,0,132,2024-07-03,,2024.0,,,False,True,False,False,False,,<30% built,8.0,-8.0
607599671,Jumeirah Village Circle,Al Barsha South Fourth,Jumeirah Village,Active,Standard,28.0,513,2,0,0,515,2024-06-01,2026-06-01,2024.0,2026.0,730.0,False,True,False,True,True,2.1,<30% built,8.0,20.0
502813887,,Business Bay,Business Bay,Active,Standard,52.0,1619,2,0,0,1621,2022-10-01,2026-12-31,2022.0,2026.0,1552.0,False,True,False,False,False,,30-70% built,100.0,-48.0
359403589,,Wadi Al Safa 5,Emaar Development,Finished,Standard,100.0,0,0,0,246,246,2021-11-06,2025-01-19,2021.0,2025.0,1170.0,True,False,True,False,False,,>70% built,100.0,0.0
634087325,Dubai Science Park,Al Barshaa South Second,DHAM (Dubai Holding Asset Management),Not Started,Standard,0.0,210,1,0,0,211,2024-11-30,2027-11-30,2024.0,2027.0,1095.0,False,True,False,False,False,,<30% built,8.0,-8.0
27388864,Dubai Creek Harbour,Al Khairan First,The Lagoons (Phase 1),Finished,Standard,100.0,784,3,0,0,787,2016-06-01,2020-11-05,2016.0,2020.0,1618.0,True,False,True,False,False,,>70% built,100.0,0.0
87496437,Arjan,Al Barshaa South Third,Liwan,Finished,Standard,100.0,132,1,0,0,133,2022-10-22,2024-05-15,2022.0,2024.0,571.0,True,False,True,False,False,,>70% built,100.0,0.0
13478549,Meydan One Community,Al Merkadh,Sobha,Finished,Mixed-use,100.0,0,0,0,59,59,2014-03-01,2020-06-30,2014.0,2020.0,2313.0,True,False,True,False,False,,>70% built,100.0,0.0
390769805,Al Furjan,Jabal Ali First,Al Furjan,Finished,Standard,100.0,0,0,0,247,247,2022-05-19,2024-12-31,2022.0,2024.0,957.0,True,False,True,False,False,,>70% built,100.0,0.0
741163685,,Dubai Investment Park Second,DAMAC Meree Investment,Not Started,Standard,0.0,656,5,0,0,661,2025-08-11,2029-03-31,2025.0,2029.0,1328.0,False,True,False,False,False,,<30% built,0.0,0.0
591194048,Palm Deira,Palm Deira,Nakheel,Not Started,Standard,0.0,116,1,0,0,117,2024-10-02,2026-10-02,2024.0,2026.0,730.0,False,True,False,False,False,,<30% built,8.0,-8.0
733594308,Meydan One Community,Al Merkadh,Meydan Group,Pending,Standard,57.0,112,1,0,0,113,2025-03-13,2027-03-13,2025.0,2027.0,730.0,False,True,False,False,False,,30-70% built,0.0,57.0
706132555,Arjan,Al Barshaa South Third,Liwan,Active,Standard,2.0,222,1,0,0,223,2025-02-15,2027-08-14,2025.0,2027.0,910.0,False,True,False,False,False,,<30% built,0.0,2.0
589203514,City Walk,Al Wasl,Meraas,Active,Standard,5.0,192,2,0,0,194,2024-08-10,,2024.0,,,False,True,False,False,False,,<30% built,8.0,-3.0
178,Jumeirah Village Circle,Al Barsha South Fourth,Jumeirah Village,Finished,Standard,100.0,345,2,0,0,347,2008-11-15,2011-12-27,2008.0,2011.0,1137.0,True,False,True,False,False,,>70% built,100.0,0.0
684318752,Jumeirah Islands,Al Thanyah Fifth,Nakheel,Not Started,Standard,0.0,423,1,0,0,424,2025-01-02,2028-12-31,2025.0,2028.0,1459.0,False,True,False,False,False,,<30% built,0.0,0.0
140634600,International City Phase 3,Warsan Fourth,International City,Finished,Standard,100.0,89,1,0,0,90,2017-06-01,2019-03-01,2017.0,2019.0,638.0,True,False,True,False,False,,>70% built,100.0,0.0
329,Dubai Sports City,Al Hebiah Fourth,Dubai Sports City,Finished,Standard,100.0,128,2,0,0,130,2008-11-01,2014-06-15,2008.0,2014.0,2052.0,True,False,True,False,False,,>70% built,100.0,0.0
742892515,Liwan1,Wadi Al Safa 2,Liwan,Pending,Standard,0.0,99,1,0,0,100,2025-06-01,2027-07-01,2025.0,2027.0,760.0,False,True,False,False,False,,<30% built,0.0,0.0
148997676,Meydan One Community,Al Merkadh,Meydan Group,Finished,Standard,100.0,207,1,0,0,208,2017-12-15,2023-10-16,2017.0,2023.0,2131.0,True,False,True,False,False,,>70% built,100.0,0.0
57,Business Bay,Business Bay,Business Bay,Finished,Standard,100.0,177,1,0,0,178,2008-07-01,2014-02-26,2008.0,2014.0,2066.0,True,False,True,False,False,,>70% built,100.0,0.0
103155888,DUBAI HILLS - SIDRA 3,Hadaeq Sheikh Mohammed Bin Rashid,Dubai Hills Estate,Finished,Standard,100.0,0,0,1,338,339,2017-10-22,2020-06-30,2017.0,2020.0,982.0,True,False,True,False,False,,>70% built,100.0,0.0
533693469,Dubai Maritime City,Madinat Dubai Almelaheyah,Dubai Maritime City,Active,Standard,13.0,538,1,0,0,539,2024-03-01,,2024.0,,,False,True,False,False,False,,<30% built,8.0,5.0
578527010,Springs - 1,Al Thanayah Fourth,Emaar Properties,Finished,Standard,100.0,0,0,408,98,506,2001-01-01,2004-10-01,2001.0,2004.0,1369.0,True,False,True,False,False,,>70% built,100.0,0.0
509,International City Phase 1,Al Warsan First,Nakheel,Finished,Standard,100.0,154,1,0,0,155,2008-11-08,2008-08-25,2008.0,2008.0,,True,False,True,False,False,,>70% built,100.0,0.0
745471910,,Trade Center First,Dar Global Luxury Real Estate Development,Not Started,Standard,0.0,574,1,0,0,575,2026-01-15,2031-12-31,2026.0,2031.0,2176.0,False,True,False,False,False,,<30% built,0.0,0.0
11312716,Dubai Hills Estate,Hadaeq Sheikh Mohammed Bin Rashid,Dubai Hills Estate,Finished,Standard,100.0,0,0,0,38,38,2014-06-01,2019-08-31,2014.0,2019.0,1917.0,True,False,True,False,False,,>70% built,100.0,0.0
601892208,Discovery Gardens,Jabal Ali First,Nakheel,Active,Standard,21.0,220,1,0,0,221,2024-05-01,,2024.0,,,False,True,False,False,False,,<30% built,8.0,13.0
384816559,TILAL AL GHAF,Al Hebiah Fourth,Majid Al Futtaim Communities,Active,Standard,61.0,0,0,0,409,409,2022-03-31,2026-07-20,2022.0,2026.0,1572.0,False,True,False,True,False,0.5,30-70% built,100.0,-39.0
9859588,Al Furjan,Jabal Ali First,Nakheel,Finished,Standard,100.0,99,2,0,0,101,2011-11-08,2014-09-24,2011.0,2014.0,1051.0,True,False,True,False,False,,>70% built,100.0,0.0
519481732,Mohammed Bin Rashid AL Maktoum District 11,Wadi Al Safa 3,Meydan Group,Active,Standard,2.0,0,0,17,0,17,2023-06-21,2026-06-30,2023.0,2026.0,1105.0,False,True,False,True,True,1.1,<30% built,48.0,-46.0
588975135,Majan,Wadi Al Safa 3,Liwan,Active,Standard,32.0,199,1,0,0,200,2023-08-01,2027-12-20,2023.0,2027.0,1602.0,False,True,False,False,False,,30-70% built,48.0,-16.0
387707825,Jumeirah Village Circle,Al Barsha South Fourth,Jumeirah Village,Finished,Standard,100.0,171,1,0,0,172,2021-04-01,2022-04-30,2021.0,2022.0,394.0,True,False,True,False,False,,>70% built,100.0,0.0
731725825,Palm Deira,Palm Deira,Nakheel,Active,Standard,4.0,63,1,0,0,64,2025-03-20,2027-03-20,2025.0,2027.0,730.0,False,True,False,False,False,,<30% built,0.0,4.0
631549152,DownTown Dubai,Burj Khalifa,Emaar Properties,Pending,Standard,0.0,33,1,0,0,34,2024-04-02,2025-12-31,2024.0,2025.0,638.0,False,True,False,True,True,7.1,<30% built,8.0,-8.0
448659748,Majan,Wadi Al Safa 3,Liwan,Finished,Standard,100.0,46,1,0,0,47,2017-01-02,2023-03-31,2017.0,2023.0,2279.0,True,False,True,False,False,,>70% built,100.0,0.0
450,Dubai Sports City,Al Hebiah Fourth,Dubai Sports City,Finished,Standard,100.0,0,0,1,959,960,2013-03-20,2013-11-05,2013.0,2013.0,230.0,True,False,True,False,False,,>70% built,100.0,0.0
33415848,Jumeriah Beach Residence  - JBR,Marsa Dubai,Al Aseel Investments,Finished,Standard,100.0,910,3,0,0,913,2016-09-07,2021-03-28,2016.0,2021.0,1663.0,True,False,True,False,False,,>70% built,100.0,0.0
378,Jumeirah Golf Estates,Me'Aisem First,Jumeirah Golf Estates,Finished,Standard,100.0,0,0,0,96,96,2008-03-08,2018-03-31,2008.0,2018.0,3675.0,True,False,True,False,False,,>70% built,100.0,0.0
596867144,Dubai Marina,Marsa Dubai,Emaar Properties,Active,Standard,21.0,251,1,0,0,252,2024-10-31,,2024.0,,,False,True,False,False,False,,<30% built,8.0,13.0
31017064,Al Furjan,Jabal Ali First,Al Furjan,Finished,Standard,100.0,224,1,0,0,225,2016-05-15,2018-03-21,2016.0,2018.0,675.0,True,False,True,False,False,,>70% built,100.0,0.0
569550265,Dubai Sports City,Al Hebiah Fourth,Dubai Sports City,Pending,Standard,0.0,213,1,0,0,214,2024-05-01,,2024.0,,,False,True,False,False,False,,<30% built,8.0,-8.0
12626290,Al Furjan,Jabal Ali First,Al Furjan,Finished,Standard,100.0,192,2,0,0,194,2014-06-02,2017-02-22,2014.0,2017.0,996.0,True,False,True,False,False,,>70% built,100.0,0.0
33227399,International City Phase 1,Al Warsan First,International City,Finished,Standard,100.0,141,1,0,0,142,2015-02-01,2022-10-03,2015.0,2022.0,2801.0,True,False,True,False,False,,>70% built,100.0,0.0
1072,Dubai Land Residence Complex,Wadi Al Safa 5,Dubailand Residences,Finished,Standard,100.0,136,1,0,0,137,2007-12-12,2012-03-07,2007.0,2012.0,1547.0,True,False,True,False,False,,>70% built,100.0,0.0
662990398,Dubai World Central,Madinat Al Mataar,Emaar Dubai South DWC,Active,Standard,1.0,0,0,140,34,174,2025-01-30,2029-03-31,2025.0,2029.0,1521.0,False,True,False,False,False,,<30% built,0.0,1.0
475241731,Jumeirah Lakes Towers,Al Thanyah Fifth,DMCC (Dubai Multi Commodities Centre),Active,Standard,20.0,564,1,0,0,565,2023-07-01,2026-06-30,2023.0,2026.0,1095.0,False,True,False,True,True,1.1,<30% built,48.0,-28.0
895,Liwan1,Wadi Al Safa 2,Remraam,Finished,Standard,100.0,63,1,0,0,64,2008-03-09,2014-01-19,2008.0,2014.0,2142.0,True,False,True,False,False,,>70% built,100.0,0.0
796688905,Al Furjan,Jabal Ali First,Al Furjan,Not Started,Standard,0.0,80,1,0,0,81,2025-08-01,2027-03-31,2025.0,2027.0,607.0,False,True,False,False,False,,<30% built,0.0,0.0
277871654,DAMAC HILLS 2,Madinat Hind 4,Front Line Investment Management,Finished,Standard,100.0,218,0,0,0,218,2019-10-01,2023-06-30,2019.0,2023.0,1368.0,True,False,True,False,False,,>70% built,100.0,0.0
743836294,Dubai South Residential District,Madinat Al Mataar,Dubai Aviation City Corporation,Not Started,Standard,0.0,56,1,0,0,57,2025-04-01,2027-03-31,2025.0,2027.0,729.0,False,True,False,False,False,,<30% built,0.0,0.0
441158101,Jumeirah Village Circle,Al Barsha South Fourth,Jumeirah Village,Finished,Standard,100.0,0,0,13,0,13,2022-09-20,2024-01-10,2022.0,2024.0,477.0,True,False,True,False,False,,>70% built,100.0,0.0
753943567,Jumeirah Village Triangle,Al Barsha South Fifth,Jumeirah Village,Not Started,Standard,0.0,596,1,0,0,597,2025-07-01,2028-12-31,2025.0,2028.0,1279.0,False,True,False,False,False,,<30% built,0.0,0.0
33437970,,Al Yelayiss 1,Al Aryam (Phase 1),Finished,Standard,100.0,0,0,330,86,416,2013-12-01,2016-08-31,2013.0,2016.0,1004.0,True,False,True,False,False,,>70% built,100.0,0.0
785999671,Dubai Science Park,Al Barshaa South Second,DHAM (Dubai Holding Asset Management),Active,Standard,7.0,134,1,0,0,135,2024-12-27,2026-09-26,2024.0,2026.0,638.0,False,True,False,False,False,,<30% built,8.0,-1.0
552270820,Dubai Water Canal,Jumeirah Second,Meydan Group,Active,Standard,87.0,100,1,0,0,101,2022-12-28,2025-06-30,2022.0,2025.0,915.0,False,True,False,True,False,13.1,>70% built,100.0,-13.0
575808375,Jumeirah Village Circle,Al Barsha South Fourth,Jumeirah Village,Active,Standard,16.0,175,1,0,0,176,2024-04-05,,2024.0,,,False,True,False,False,False,,<30% built,8.0,8.0
606552666,Dubai Science Park,Al Barshaa South Second,DHAM (Dubai Holding Asset Management),Active,Standard,25.0,1687,2,0,0,1689,2024-04-01,,2024.0,,,False,True,False,False,False,,<30% built,8.0,17.0
1438,Jumeirah Village Circle,Al Barsha South Fourth,Nakheel,Finished,Standard,100.0,179,2,0,0,181,2008-07-16,2011-01-15,2008.0,2011.0,913.0,True,False,True,False,False,,>70% built,100.0,0.0
693985840,TOWN SQUARE,Al Yelayiss 2,Nshama,Not Started,Standard,0.0,148,1,0,0,149,2025-07-14,2027-11-30,2025.0,2027.0,869.0,False,True,False,False,False,,<30% built,0.0,0.0
872,Silicon Oasis,Nadd Hessa,Dubai Integrated Economic Zones,Finished,Standard,100.0,119,1,0,0,120,2008-05-07,2012-12-31,2008.0,2012.0,1699.0,True,False,True,False,False,,>70% built,100.0,0.0
376764120,Meydan One Community,Al Merkadh,Meydan Group,Finished,Standard,100.0,418,1,0,0,419,2020-11-23,2024-01-18,2020.0,2024.0,1151.0,True,False,True,False,False,,>70% built,100.0,0.0
556786773,DUBAI HILLS,Hadaeq Sheikh Mohammed Bin Rashid,Dubai Hills Estate,Active,Standard,50.0,0,0,0,86,86,2024-05-03,,2024.0,,,False,True,False,False,False,,30-70% built,8.0,42.0
220522422,Meydan One Community,Al Merkadh,Meydan Group,Finished,Standard,100.0,176,1,0,0,177,2018-12-12,2023-06-30,2018.0,2023.0,1661.0,True,False,True,False,False,,>70% built,100.0,0.0
676147267,Meydan Racecourse Community,Nad Al Shiba First,Meydan Group,Not Started,Standard,0.0,82,1,0,0,83,2025-08-01,2027-11-01,2025.0,2027.0,822.0,False,True,False,False,False,,<30% built,0.0,0.0
550281872,Arjan,Al Barshaa South Third,Liwan,Active,Standard,71.0,187,1,0,0,188,2023-08-29,2025-09-30,2023.0,2025.0,763.0,False,True,False,True,False,10.1,>70% built,48.0,23.0
611255565,Jumeirah Village Circle,Al Barsha South Fourth,Jumeirah Village,Active,Standard,3.0,145,1,0,0,146,2024-05-14,2026-12-31,2024.0,2026.0,961.0,False,True,False,False,False,,<30% built,8.0,-5.0
494,Motor City,Al Hebiah First,Union Properties PJSC,Finished,Standard,100.0,37,1,0,0,38,2008-03-13,2009-10-24,2008.0,2009.0,590.0,True,False,True,False,False,,>70% built,100.0,0.0
1461,DownTown Dubai,Burj Khalifa,Emaar Properties,Finished,Standard,100.0,456,3,0,0,459,2004-10-01,2008-08-01,2004.0,2008.0,1400.0,True,False,True,False,False,,>70% built,100.0,0.0
29570674,Business Bay,Business Bay,Business Bay,Finished,Standard,100.0,428,1,0,0,429,2016-05-01,2019-03-15,2016.0,2019.0,1048.0,True,False,True,False,False,,>70% built,100.0,0.0
806,Dubai Sports City,Al Hebiah Fourth,Dubai Sports City,Finished,Standard,100.0,154,1,0,0,155,2010-06-06,2017-04-19,2010.0,2017.0,2509.0,True,False,True,False,False,,>70% built,100.0,0.0
190242883,LA MER,Jumeirah First,Meraas,Finished,Standard,100.0,429,5,0,0,434,2019-03-15,2021-09-30,2019.0,2021.0,930.0,True,False,True,False,False,,>70% built,100.0,0.0
753704103,Dubai South Residential District,Madinat Al Mataar,Dubai Aviation City Corporation,Pending,Standard,0.0,0,0,0,0,0,2025-07-01,2027-03-31,2025.0,2027.0,638.0,False,True,False,False,False,,<30% built,0.0,0.0
34148216,Dubai South Residential District,Madinat Al Mataar,Dubai Aviation City Corporation,Finished,Standard,100.0,169,1,0,0,170,2016-12-15,2020-02-16,2016.0,2020.0,1158.0,True,False,True,False,False,,>70% built,100.0,0.0
4444959,The Greens,Al Thanyah Third,Emaar Properties,Finished,Standard,100.0,233,2,0,0,235,2012-05-16,2015-01-04,2012.0,2015.0,963.0,True,False,True,False,False,,>70% built,100.0,0.0
148398435,Meydan One Community,Al Merkadh,Meydan Group,Finished,Standard,100.0,228,1,0,0,229,2017-12-01,2022-09-30,2017.0,2022.0,1764.0,True,False,True,False,False,,>70% built,100.0,0.0
533984907,Jumeirah Village Circle,Al Barsha South Fourth,Jumeirah Village,Active,Standard,23.0,232,1,0,0,233,2023-10-01,2026-12-15,2023.0,2026.0,1171.0,False,True,False,False,False,,<30% built,48.0,-25.0
1130,Jumeirah Lakes Towers,Al Thanyah Fifth,DMCC (Dubai Multi Commodities Centre),Finished,Standard,100.0,312,1,0,0,313,2007-05-26,2011-07-20,2007.0,2011.0,1516.0,True,False,True,False,False,,>70% built,100.0,0.0
299,Dubai South Residential District,Madinat Al Mataar,Dubai World Trade Centre,Finished,Standard,100.0,261,1,0,0,262,2010-04-01,2016-01-31,2010.0,2016.0,2131.0,True,False,True,False,False,,>70% built,100.0,0.0
791341271,Palm Jumeirah,Palm Jumeirah,Nakheel,Not Started,Standard,0.0,625,2,0,0,627,2025-12-31,2029-12-31,2025.0,2029.0,1461.0,False,True,False,False,False,,<30% built,0.0,0.0
624935916,,Wadi Al Safa 5,Dubai Properties,Active,Standard,1.0,0,0,599,326,925,2024-07-16,2028-09-30,2024.0,2028.0,1537.0,False,True,False,False,False,,<30% built,8.0,-7.0
426965768,Dubai Harbour,Marsa Dubai,Emaar Development,Active,Standard,43.0,252,1,0,0,253,2022-11-23,2026-12-31,2022.0,2026.0,1499.0,False,True,False,False,False,,30-70% built,100.0,-57.0
1207,Liwan1,Wadi Al Safa 2,Remraam,Finished,Standard,100.0,95,1,0,0,96,2009-03-19,2020-04-02,2009.0,2020.0,4032.0,True,False,True,False,False,,>70% built,100.0,0.0
769609649,Dubai World Central,Madinat Al Mataar,Dubai Aviation City Corporation,Not Started,Standard,0.0,0,0,142,38,180,2026-01-10,2028-05-31,2026.0,2028.0,872.0,False,True,False,False,False,,<30% built,0.0,0.0
835,Jumeirah Village Triangle,Al Barsha South Fifth,Jumeirah Village,Active,Standard,12.0,495,2,0,0,497,2009-06-01,2017-12-31,2009.0,2017.0,3135.0,False,True,False,True,True,103.1,<30% built,100.0,-88.0
490,Business Bay,Business Bay,Business Bay,Finished,Standard,100.0,188,1,0,0,189,2007-09-01,2015-10-27,2007.0,2015.0,2978.0,True,False,True,False,False,,>70% built,100.0,0.0
384141062,DAMAC Lagoons,Al Hebiah Fifth,Wahat Al Jazeera Real Estate,Active,Standard,91.0,0,0,0,95,95,2022-01-27,2025-07-29,2022.0,2025.0,1279.0,False,True,False,True,False,12.2,>70% built,100.0,-9.0
782991544,Majan,Wadi Al Safa 3,Liwan,Pending,Standard,0.0,0,0,0,0,0,2025-09-30,2027-09-30,2025.0,2027.0,730.0,False,True,False,False,False,,<30% built,0.0,0.0
1175,Business Bay,Business Bay,Dubai Properties,Finished,Standard,100.0,292,1,0,0,293,2007-02-18,2010-05-30,2007.0,2010.0,1197.0,True,False,True,False,False,,>70% built,100.0,0.0
558,Dubai Sports City,Al Hebiah Fourth,Dubai Sports City,Active,Standard,70.0,734,2,0,0,736,2025-02-01,2026-06-30,2025.0,2026.0,514.0,False,True,False,True,False,1.1,30-70% built,0.0,70.0
376571580,DAMAC HILLS 2,Madinat Hind 4,Dubailand Residences,Finished,Standard,100.0,0,0,0,95,95,2021-11-22,2024-12-29,2021.0,2024.0,1133.0,True,False,True,False,False,,>70% built,100.0,0.0
606439277,Business Bay,Business Bay,Business Bay,Active,Standard,21.0,352,1,0,0,353,2024-09-01,2027-08-31,2024.0,2027.0,1094.0,False,True,False,False,False,,<30% built,8.0,13.0
1182,Liwan1,Wadi Al Safa 2,Remraam,Finished,Standard,100.0,126,1,0,0,127,2009-03-19,2017-01-10,2009.0,2017.0,2854.0,True,False,True,False,False,,>70% built,100.0,0.0
595,International City Phase 1,Al Warsan First,International City,Finished,Standard,100.0,168,1,0,0,169,2014-05-02,2017-12-31,2014.0,2017.0,1339.0,True,False,True,False,False,,>70% built,100.0,0.0
257869156,LA MER,Jumeirah First,Meraas,Finished,Standard,100.0,0,0,113,39,152,2019-07-24,2021-08-14,2019.0,2021.0,752.0,True,False,True,False,False,,>70% built,100.0,0.0
503832409,Palm Jumeirah,Palm Jumeirah,Nakheel,Active,Standard,15.0,20,1,0,0,21,2023-10-31,,2023.0,,,False,True,False,False,False,,<30% built,48.0,-33.0
27149064,International City Phase 3,Warsan Fourth,International City,Finished,Standard,100.0,85,1,0,0,86,2014-12-15,2017-09-04,2014.0,2017.0,994.0,True,False,True,False,False,,>70% built,100.0,0.0
155846917,Dubai Harbour,Marsa Dubai,Emaar Development,Finished,Standard,100.0,466,3,0,0,469,2018-03-19,2022-01-06,2018.0,2022.0,1389.0,True,False,True,False,False,,>70% built,100.0,0.0
1250,Silicon Oasis,Nadd Hessa,Dubai Integrated Economic Zones,Finished,Standard,100.0,128,1,0,0,129,2007-12-27,2009-10-21,2007.0,2009.0,664.0,True,False,True,False,False,,>70% built,100.0,0.0
12004618,Dubai Marina,Marsa Dubai,Emaar Properties,Finished,Standard,100.0,415,1,0,0,416,2014-05-01,2018-04-02,2014.0,2018.0,1432.0,True,False,True,False,False,,>70% built,100.0,0.0
672517719,Dubai Sports City,Al Hebiah Fourth,Dubai Sports City,Active,Standard,80.0,252,1,0,0,253,2024-09-01,2026-06-30,2024.0,2026.0,667.0,False,True,False,True,False,1.1,>70% built,8.0,72.0
805186348,Palm Deira,Palm Deira,Nakheel,Pending,Standard,0.0,0,0,0,0,0,2025-08-20,2028-08-01,2025.0,2028.0,1077.0,False,True,False,False,False,,<30% built,0.0,0.0
573865065,Dubai Sports City,Al Hebiah Fourth,Dubai Sports City,Pending,Standard,0.0,0,0,0,0,0,2024-03-01,,2024.0,,,False,True,False,False,False,,<30% built,8.0,-8.0
394874603,Palm Jumeirah,Palm Jumeirah,Palm Jumeirah,Active,Standard,81.0,173,5,0,0,178,2022-01-05,2024-12-31,2022.0,2024.0,1091.0,False,True,False,True,False,19.1,>70% built,100.0,-19.0
536775740,Dubai Hills Estate,Hadaeq Sheikh Mohammed Bin Rashid,Dubai Hills Estate,Active,Standard,33.0,854,7,0,0,861,2024-01-09,2028-10-31,2024.0,2028.0,1757.0,False,True,False,False,False,,30-70% built,8.0,25.0
8950530,Jumeirah Village Circle,Al Barsha South Fourth,Nakheel,Finished,Standard,100.0,0,0,0,0,0,2013-08-01,2015-03-11,2013.0,2015.0,587.0,True,False,True,False,False,,>70% built,100.0,0.0
652500814,Dubai Health Care City Phase 2,Al Jadaf,Dubai Healthcare City,Active,Standard,30.0,332,1,0,0,333,2024-10-01,2025-12-31,2024.0,2025.0,456.0,False,True,False,True,False,7.1,<30% built,8.0,22.0
976,Jumeirah Lakes Towers,Al Thanyah Fifth,DMCC (Dubai Multi Commodities Centre),Finished,Standard,100.0,484,1,0,0,485,2008-12-30,2012-01-22,2008.0,2012.0,1118.0,True,False,True,False,False,,>70% built,100.0,0.0
390527306,DAMAC Lagoons,Al Hebiah Fifth,Wahat Al Jazeera Real Estate,Active,Standard,65.0,0,0,0,451,451,2022-02-28,2025-07-29,2022.0,2025.0,1247.0,False,True,False,True,False,12.2,30-70% built,100.0,-35.0
92669322,Meydan Racecourse Community,Nad Al Shiba First,Meydan Group,Finished,Standard,100.0,0,0,0,0,0,2016-05-17,2019-09-16,2016.0,2019.0,1217.0,True,False,True,False,False,,>70% built,100.0,0.0
41,Business Bay,Business Bay,Dubai Properties,Finished,Standard,100.0,176,1,0,0,177,2008-02-12,2012-02-09,2008.0,2012.0,1458.0,True,False,True,False,False,,>70% built,100.0,0.0
767,International City Phase 1,Al Warsan First,Nakheel,Finished,Standard,100.0,141,1,0,0,142,2008-05-01,2010-01-27,2008.0,2010.0,636.0,True,False,True,False,False,,>70% built,100.0,0.0
353578670,Mohammed Bin Rashid AL Maktoum City -District -1 Community,Al Merkadh,Meydan Group,Finished,Standard,100.0,31,1,0,0,32,2021-06-01,2023-01-30,2021.0,2023.0,608.0,True,False,True,False,False,,>70% built,100.0,0.0
618474655,Al Furjan,Jabal Ali First,Nakheel,Pending,Standard,0.0,0,0,0,0,0,2024-08-01,,2024.0,,,False,True,False,False,False,,<30% built,8.0,-8.0
665304996,Dubai Science Park,Al Barshaa South Second,DHAM (Dubai Holding Asset Management),Active,Standard,26.0,571,1,0,0,572,2024-11-01,2027-03-31,2024.0,2027.0,880.0,False,True,False,False,False,,<30% built,8.0,18.0
695,Jumeirah Village Circle,Al Barsha South Fourth,Jumeirah Village,Finished,Standard,100.0,0,0,18,0,18,2010-02-02,2013-09-25,2010.0,2013.0,1331.0,True,False,True,False,False,,>70% built,100.0,0.0
12626401,Al Furjan,Jabal Ali First,Al Furjan,Finished,Standard,100.0,99,1,0,0,100,2014-06-02,2016-11-30,2014.0,2016.0,912.0,True,False,True,False,False,,>70% built,100.0,0.0
708924037,,Al Yelayiss 1,DAMAC Elite Investment,Active,Standard,1.0,0,0,0,399,399,2025-04-21,2028-12-31,2025.0,2028.0,1350.0,False,True,False,False,False,,<30% built,0.0,1.0
673227100,Palm Jabal Ali,Palm Jabal Ali,Nakheel,Not Started,Standard,0.0,0,0,0,109,109,2025-01-14,2028-01-17,2025.0,2028.0,1098.0,False,True,False,False,False,,<30% built,0.0,0.0
40,Dubai Marina,Marsa Dubai,Emaar Properties,Finished,Standard,100.0,703,1,0,0,704,2006-03-01,2010-10-10,2006.0,2010.0,1684.0,True,False,True,False,False,,>70% built,100.0,0.0
560241617,TILAL AL GHAF,Al Hebiah Fourth,Majid Al Futtaim Communities,Active,Standard,4.0,0,0,116,57,173,2024-06-01,,2024.0,,,False,True,False,False,False,,<30% built,8.0,-4.0
424298150,Dubai Hills Estate,Hadaeq Sheikh Mohammed Bin Rashid,Dubai Hills Estate,Finished,Standard,100.0,293,1,0,0,294,2022-10-06,2026-03-31,2022.0,2026.0,1272.0,True,False,True,False,False,,>70% built,100.0,0.0
800287993,Mina Rashid,Madinat Dubai Almelaheyah,Mina Rashid Real Estate,Not Started,Standard,0.0,183,3,0,0,186,2026-02-26,2029-11-30,2026.0,2029.0,1373.0,False,True,False,False,False,,<30% built,0.0,0.0
463,Jumeirah Lakes Towers,Al Thanyah Fifth,Nakheel,Finished,Standard,100.0,377,1,0,0,378,2008-01-20,2008-03-06,2008.0,2008.0,46.0,True,False,True,False,False,,>70% built,100.0,0.0
11659980,Meydan Racecourse Community,Nad Al Shiba First,Meydan City Corporation,Finished,Standard,100.0,0,1,0,109,110,2014-04-25,2016-01-24,2014.0,2016.0,639.0,True,False,True,False,False,,>70% built,100.0,0.0
138432391,Jumeirah Village Circle,Al Barsha South Fourth,Jumeirah Village,Finished,Standard,100.0,323,1,0,0,324,2017-10-01,2021-06-30,2017.0,2021.0,1368.0,True,False,True,False,False,,>70% built,100.0,0.0
16023581,Jumeirah Village Circle,Al Barsha South Fourth,Jumeirah Village,Finished,Standard,100.0,0,1,1,0,2,2015-03-01,2017-08-23,2015.0,2017.0,906.0,True,False,True,False,False,,>70% built,100.0,0.0
181,Arjan,Al Barshaa South Third,Remraam,Finished,Standard,100.0,374,1,0,0,375,2008-10-14,2016-03-17,2008.0,2016.0,2711.0,True,False,True,False,False,,>70% built,100.0,0.0
487,Business Bay,Business Bay,Business Bay,Finished,Standard,100.0,206,1,0,0,207,2009-11-07,2012-11-26,2009.0,2012.0,1115.0,True,False,True,False,False,,>70% built,100.0,0.0
179,Jumeirah Village Circle,Al Barsha South Fourth,Jumeirah Village,Finished,Standard,100.0,0,0,12,0,12,2009-08-15,2011-12-04,2009.0,2011.0,841.0,True,False,True,False,False,,>70% built,100.0,0.0
436,International Media Production Zone,Me'Aisem First,TECOM Investments,Finished,Standard,100.0,1967,5,0,0,1972,2010-03-01,2014-08-07,2010.0,2014.0,1620.0,True,False,True,False,False,,>70% built,100.0,0.0
94865205,Majan,Wadi Al Safa 3,Liwan,Finished,Standard,100.0,203,0,0,0,203,2016-12-15,2018-11-22,2016.0,2018.0,707.0,True,False,True,False,False,,>70% built,100.0,0.0
353279758,Mohammed Bin Rashid AL Maktoum City -District -1 Community,Al Merkadh,Meydan Group,Finished,Standard,100.0,62,1,0,0,63,2021-10-01,2023-06-30,2021.0,2023.0,637.0,True,False,True,False,False,,>70% built,100.0,0.0
102001621,Jumeirah Village Circle,Al Barsha South Fourth,Jumeirah Village,Finished,Standard,100.0,362,1,0,0,363,2017-06-27,2020-06-30,2017.0,2020.0,1099.0,True,False,True,False,False,,>70% built,100.0,0.0
499385381,Business Bay,Business Bay,Business Bay,Finished,Standard,100.0,369,1,0,0,370,2023-01-01,2024-06-30,2023.0,2024.0,546.0,True,False,True,False,False,,>70% built,48.0,52.0
569150648,DownTown Dubai,Burj Khalifa,Emaar Properties,Active,Standard,6.0,230,1,0,0,231,2024-01-01,2027-12-31,2024.0,2027.0,1460.0,False,True,False,False,False,,<30% built,8.0,-2.0
220522549,Meydan One Community,Al Merkadh,Meydan Group,Finished,Standard,100.0,135,1,0,0,136,2018-12-12,2023-06-30,2018.0,2023.0,1661.0,True,False,True,False,False,,>70% built,100.0,0.0
543862734,Jumeirah Village Circle,Al Barsha South Fourth,Jumeirah Village,Active,Standard,41.0,0,0,12,0,12,2021-07-06,,2021.0,,,False,True,False,False,False,,30-70% built,100.0,-59.0
462864673,,Marsa Dubai,Meraas,Active,Standard,13.0,679,2,0,0,681,2023-02-25,2027-03-01,2023.0,2027.0,1465.0,False,True,False,False,False,,<30% built,48.0,-35.0
718837584,Jumeirah Village Triangle,Al Barsha South Fifth,Jumeirah Village,Not Started,Standard,0.0,228,1,0,0,229,2025-04-01,2027-11-15,2025.0,2027.0,958.0,False,True,False,False,False,,<30% built,0.0,0.0
440141589,Dubai Water Canal,Al Wasl,Meraas,Active,Standard,11.0,95,2,0,0,97,2023-03-30,2025-05-31,2023.0,2025.0,793.0,False,True,False,True,True,14.1,<30% built,48.0,-37.0
817293775,Dubai Land Residence Complex,Wadi Al Safa 5,Dubailand Residences,Pending,Standard,0.0,271,1,0,0,272,2025-11-01,2027-12-31,2025.0,2027.0,790.0,False,True,False,False,False,,<30% built,0.0,0.0
14218835,Al Furjan,Jabal Ali First,Al Furjan,Finished,Standard,100.0,98,1,0,0,99,2014-10-30,2016-11-14,2014.0,2016.0,746.0,True,False,True,False,False,,>70% built,100.0,0.0
568286816,Dubai Hills Estate,Hadaeq Sheikh Mohammed Bin Rashid,Dubai Hills Estate,Active,Standard,9.0,962,4,0,0,966,2024-03-30,2028-04-30,2024.0,2028.0,1492.0,False,True,False,False,False,,<30% built,8.0,1.0
1248,Silicon Oasis,Nadd Hessa,Dubai Integrated Economic Zones,Finished,Standard,100.0,284,1,0,0,285,2008-02-11,2014-02-10,2008.0,2014.0,2191.0,True,False,True,False,False,,>70% built,100.0,0.0
14086318,Meydan Racecourse Community,Nad Al Shiba First,Meydan City Corporation,Finished,Standard,100.0,64,2,0,1,67,2014-04-21,2018-07-01,2014.0,2018.0,1532.0,True,False,True,False,False,,>70% built,100.0,0.0
170121419,Meydan One Community,Al Merkadh,Meydan Group,Finished,Standard,100.0,241,1,0,0,242,2018-06-01,2024-03-04,2018.0,2024.0,2103.0,True,False,True,False,False,,>70% built,100.0,0.0
743583386,Palm Deira,Palm Deira,Nakheel,Not Started,Standard,0.0,103,1,0,0,104,2025-01-01,2027-01-15,2025.0,2027.0,744.0,False,True,False,False,False,,<30% built,0.0,0.0
542253249,Dubai World Central,Madinat Al Mataar,Dubai Aviation City Corporation,Active,Standard,30.0,354,2,0,0,356,2023-09-27,2025-12-30,2023.0,2025.0,825.0,False,True,False,True,False,7.1,<30% built,48.0,-18.0
431952649,Jumeirah Village Circle,Al Barsha South Fourth,Jumeirah Village,Finished,Standard,100.0,212,1,0,0,213,2022-09-01,2023-10-31,2022.0,2023.0,425.0,True,False,True,False,False,,>70% built,100.0,0.0
1272,Barsha Heights,Al Thanyah First,TECOM Investments,Finished,Standard,100.0,210,1,0,0,211,2008-06-01,2011-05-03,2008.0,2011.0,1066.0,True,False,True,False,False,,>70% built,100.0,0.0
14312336,Jumeirah Golf Estates,Me'Aisem First,Jumeirah Golf Estates,Finished,Standard,100.0,0,0,0,35,35,2015-01-01,2016-11-06,2015.0,2016.0,675.0,True,False,True,False,False,,>70% built,100.0,0.0
571099404,Dubai Land Residence Complex,Wadi Al Safa 5,Dubailand Residences,Active,Standard,2.0,165,1,0,0,166,2024-07-01,2027-12-31,2024.0,2027.0,1278.0,False,True,False,False,False,,<30% built,8.0,-6.0
508921498,Jumeirah Village Circle,Al Barsha South Fourth,Nakheel,Pending,Standard,5.0,0,0,10,0,10,2023-02-01,,2023.0,,,False,True,False,False,False,,<30% built,48.0,-43.0
5509527,DownTown Dubai,Burj Khalifa,Emaar Properties,Finished,Standard,100.0,308,1,0,0,309,2012-08-21,2016-02-15,2012.0,2016.0,1273.0,True,False,True,False,False,,>70% built,100.0,0.0
27461839,Jumeirah Village Circle,Al Barsha South Fourth,Jumeirah Village,Finished,Standard,100.0,181,1,0,0,182,2014-11-26,2017-04-11,2014.0,2017.0,867.0,True,False,True,False,False,,>70% built,100.0,0.0
1101,Jumeirah Islands,Al Thanyah Fifth,Nakheel,Finished,Standard,100.0,0,0,767,31,798,2007-03-01,2012-01-11,2007.0,2012.0,1777.0,True,False,True,False,False,,>70% built,100.0,0.0
41938966,Dubai South Residential District,Madinat Al Mataar,Dubai Aviation City Corporation,Finished,Standard,100.0,147,1,0,0,148,2017-04-01,2021-01-11,2017.0,2021.0,1381.0,True,False,True,False,False,,>70% built,100.0,0.0
694,Jumeirah Village Circle,Al Barsha South Fourth,Nakheel,Finished,Standard,100.0,0,0,14,0,14,2012-12-01,2014-06-16,2012.0,2014.0,562.0,True,False,True,False,False,,>70% built,100.0,0.0
602084245,,Me'Aisem Second,Emaar Properties,Active,Standard,38.0,0,0,0,55,55,2024-06-13,,2024.0,,,False,True,False,False,False,,30-70% built,8.0,30.0
230,Jumeirah Village Circle,Al Barsha South Fourth,Nakheel,Finished,Standard,100.0,178,2,0,0,180,2007-10-18,2010-06-20,2007.0,2010.0,976.0,True,False,True,False,False,,>70% built,100.0,0.0
509233994,Jumeirah Lakes Towers,Al Thanyah Fifth,DMCC (Dubai Multi Commodities Centre),Active,Standard,36.0,381,1,0,0,382,2023-05-26,2026-03-03,2023.0,2026.0,1012.0,False,True,False,True,False,5.1,30-70% built,48.0,-12.0
439001885,DAMAC HILLS,Al Hebiah Third,DAMAC Crescent Properties,Active,Standard,53.0,0,0,0,9,9,2022-12-15,2024-09-15,2022.0,2024.0,640.0,False,True,False,True,False,22.6,30-70% built,100.0,-47.0
389651737,LA MER,Jumeirah First,Meraas,Active,Standard,82.0,183,3,0,0,186,2021-03-06,2024-12-08,2021.0,2024.0,1373.0,False,True,False,True,False,19.8,>70% built,100.0,-18.0
52372228,Jaddaf Waterfront,Al Jadaf,Dubai Properties,Finished,Standard,100.0,254,1,0,0,255,2014-10-30,2017-02-15,2014.0,2017.0,839.0,True,False,True,False,False,,>70% built,100.0,0.0
608882976,Palm Deira,Palm Deira,Nakheel,Not Started,Standard,0.0,80,1,0,0,81,2024-08-05,2027-08-31,2024.0,2027.0,1121.0,False,True,False,False,False,,<30% built,8.0,-8.0
162,International City Phase 1,Al Warsan First,International City,Finished,Standard,100.0,100,1,0,0,101,2008-04-15,2015-04-23,2008.0,2015.0,2564.0,True,False,True,False,False,,>70% built,100.0,0.0
389115173,DAMAC Lagoons,Al Hebiah Fifth,Wahat Al Jazeera Real Estate,Active,Standard,83.0,0,0,0,496,496,2022-02-28,2025-07-29,2022.0,2025.0,1247.0,False,True,False,True,False,12.2,>70% built,100.0,-17.0
631198517,,Dubai Investment Park Second,DAMAC Crescent Properties,Active,Standard,3.0,0,0,550,67,617,2024-09-24,2027-12-31,2024.0,2027.0,1193.0,False,True,False,False,False,,<30% built,8.0,-5.0
9,Jumeirah Lakes Towers,Al Thanyah Fifth,DMCC (Dubai Multi Commodities Centre),Finished,Standard,100.0,336,1,0,0,337,2007-02-27,2011-01-27,2007.0,2011.0,1430.0,True,False,True,False,False,,>70% built,100.0,0.0
748815636,Palm Deira,Palm Deira,Nakheel,Active,Standard,2.0,63,1,0,0,64,2025-05-15,2027-05-15,2025.0,2027.0,730.0,False,True,False,False,False,,<30% built,0.0,2.0
11887447,Jumeirah Golf Estates,Me'Aisem First,Jumeirah Golf Estates,Finished,Standard,100.0,0,0,1,45,46,2014-01-31,2014-12-31,2014.0,2014.0,334.0,True,False,True,False,False,,>70% built,100.0,0.0
12745871,Jumeirah Village Circle,Al Barsha South Fourth,Nakheel,Finished,Standard,100.0,507,1,0,0,508,2014-09-01,2019-05-15,2014.0,2019.0,1717.0,True,False,True,False,False,,>70% built,100.0,0.0
284643698,Dubai Creek Harbour,Al Khairan First,The Lagoons (Phase 1),Finished,Standard,100.0,337,1,0,0,338,2020-01-16,2026-03-31,2020.0,2026.0,2266.0,True,False,True,False,False,,>70% built,100.0,0.0
60,Business Bay,Business Bay,Dubai Properties,Finished,Standard,100.0,173,1,0,0,174,2007-10-01,2011-03-13,2007.0,2011.0,1259.0,True,False,True,False,False,,>70% built,100.0,0.0
1138,Barsha Heights,Al Thanyah First,TECOM Investments,Finished,Standard,100.0,467,1,0,0,468,2007-11-29,2011-03-29,2007.0,2011.0,1216.0,True,False,True,False,False,,>70% built,100.0,0.0
774590315,TOWN SQUARE,Al Yelayiss 2,Nshama,Not Started,Standard,0.0,168,1,0,0,169,2025-12-20,2028-03-31,2025.0,2028.0,832.0,False,True,False,False,False,,<30% built,0.0,0.0
580975578,Dubai Marina,Marsa Dubai,Emaar Development,Active,Standard,3.0,419,1,0,0,420,2024-04-15,,2024.0,,,False,True,False,False,False,,<30% built,8.0,-5.0
424321155,Mudon,Al Hebiah Sixth,Dubai Properties,Finished,Standard,100.0,0,0,176,35,211,2022-09-05,2025-05-28,2022.0,2025.0,996.0,True,False,True,False,False,,>70% built,100.0,0.0
536730444,Jumeirah Village Triangle,Al Barsha South Fifth,Nakheel,Active,Standard,20.0,169,1,0,0,170,2024-03-01,,2024.0,,,False,True,False,False,False,,<30% built,8.0,12.0
137915630,Meydan One Community,Al Merkadh,Meydan Group,Finished,Standard,100.0,301,1,0,0,302,2017-10-01,2024-05-16,2017.0,2024.0,2419.0,True,False,True,False,False,,>70% built,100.0,0.0
16,Jumeirah Lakes Towers,Al Thanyah Fifth,DMCC (Dubai Multi Commodities Centre),Finished,Standard,100.0,358,1,0,0,359,2006-08-17,2012-12-17,2006.0,2012.0,2314.0,True,False,True,False,False,,>70% built,100.0,0.0
305455439,WARSAN FIRST DEVELOPMENT,Al Warsan First,Meraas,Finished,Standard,100.0,411,3,0,0,414,2020-07-31,2023-07-11,2020.0,2023.0,1075.0,True,False,True,False,False,,>70% built,100.0,0.0
653025699,Dubai Hills Estate,Hadaeq Sheikh Mohammed Bin Rashid,Dubai Hills Estate,Pending,Standard,0.0,0,0,0,0,0,2025-10-11,2027-10-11,2025.0,2027.0,730.0,False,True,False,False,False,,<30% built,0.0,0.0
797974352,WARSAN FIRST DEVELOPMENT,Al Warsan First,Meraas,Pending,Standard,0.0,0,0,0,0,0,2025-12-01,2028-06-30,2025.0,2028.0,942.0,False,True,False,False,False,,<30% built,0.0,0.0
399,Jumeirah Islands,Al Thanyah Fifth,DMCC (Dubai Multi Commodities Centre),Active,Standard,85.0,430,1,0,0,431,2004-06-01,2023-06-05,2004.0,2023.0,6943.0,False,True,False,True,False,38.0,>70% built,100.0,-15.0
1188,Liwan1,Wadi Al Safa 2,Remraam,Finished,Standard,100.0,220,1,0,0,221,2008-12-18,2014-08-17,2008.0,2014.0,2068.0,True,False,True,False,False,,>70% built,100.0,0.0
375943380,Dubai Water Canal,Jumeirah Second,Meraas,Finished,Standard,100.0,27,4,0,0,31,2021-06-18,2024-01-21,2021.0,2024.0,947.0,True,False,True,False,False,,>70% built,100.0,0.0
225819360,Jumeirah Village Circle,Al Barsha South Fourth,Jumeirah Village,Finished,Standard,100.0,73,1,0,0,74,2017-08-27,2021-12-30,2017.0,2021.0,1586.0,True,False,True,False,False,,>70% built,100.0,0.0
754568971,Meydan One Community,Al Merkadh,Meydan Group,Active,Standard,46.0,112,1,0,0,113,2025-05-01,2027-05-30,2025.0,2027.0,759.0,False,True,False,False,False,,30-70% built,0.0,46.0
817932452,Palm Jabal Ali,Palm Jabal Ali,Nakheel,Pending,Standard,0.0,0,0,0,0,0,2025-12-05,2028-12-04,2025.0,2028.0,1095.0,False,True,False,False,False,,<30% built,0.0,0.0
360,Jumeirah Islands,Al Thanyah Fifth,DMCC (Dubai Multi Commodities Centre),Active,Standard,95.0,535,3,0,0,538,2013-12-18,2023-08-01,2013.0,2023.0,3513.0,False,True,False,True,False,36.1,>70% built,100.0,-5.0
139,Dubai Sports City,Al Hebiah Fourth,Dubai Sports City,Finished,Standard,100.0,128,1,0,0,129,2008-03-01,2009-11-15,2008.0,2009.0,624.0,True,False,True,False,False,,>70% built,100.0,0.0
139542812,International City Phase 3,Warsan Fourth,International City,Finished,Standard,100.0,84,1,0,0,85,2016-07-13,2019-03-25,2016.0,2019.0,985.0,True,False,True,False,False,,>70% built,100.0,0.0
386673330,City Walk,Al Wasl,Meraas,Finished,Standard,100.0,161,3,0,0,164,2022-02-01,2024-11-01,2022.0,2024.0,1004.0,True,False,True,False,False,,>70% built,100.0,0.0
604394326,The World,World Islands,Nakheel,Active,Standard,7.0,0,0,24,0,24,2024-07-01,2027-03-31,2024.0,2027.0,1003.0,False,True,False,False,False,,<30% built,8.0,-1.0
353616710,Mohammed Bin Rashid AL Maktoum City -District -1 Community,Al Merkadh,Meydan Group,Finished,Standard,100.0,31,1,0,0,32,2021-10-01,2023-05-30,2021.0,2023.0,606.0,True,False,True,False,False,,>70% built,100.0,0.0
743381616,Jumeirah Village Circle,Al Barsha South Fourth,Jumeirah Village,Active,Standard,15.0,175,1,0,0,176,2025-02-15,2026-10-15,2025.0,2026.0,607.0,False,True,False,False,False,,<30% built,0.0,15.0
475589101,Dubai Studio City,Al Hebiah Second,TECOM Investments,Active,Standard,55.0,198,1,0,0,199,2023-06-30,2025-06-30,2023.0,2025.0,731.0,False,True,False,True,False,13.1,30-70% built,48.0,7.0
172,Jumeirah Lakes Towers,Al Thanyah Fifth,DMCC (Dubai Multi Commodities Centre),Finished,Standard,100.0,348,1,0,0,349,2008-03-27,2008-02-17,2008.0,2008.0,,True,False,True,False,False,,>70% built,100.0,0.0
15637727,Jumeirah Village Circle,Al Barsha South Fourth,Nakheel,Finished,Standard,100.0,0,1,13,0,14,2014-08-09,2017-04-18,2014.0,2017.0,983.0,True,False,True,False,False,,>70% built,100.0,0.0
1274,DownTown Dubai,Burj Khalifa,Emaar Properties,Finished,Standard,100.0,424,4,0,0,428,2007-07-03,2012-08-14,2007.0,2012.0,1869.0,True,False,True,False,False,,>70% built,100.0,0.0
600718571,Al Furjan,Jabal Ali First,Al Furjan,Not Started,Standard,0.0,280,1,0,0,281,2024-03-21,,2024.0,,,False,True,False,False,False,,<30% built,8.0,-8.0
649994953,Jumeirah Garden City,Al Satwa,Dubai Properties,Active,Standard,8.0,105,1,0,0,106,2024-09-01,2026-06-30,2024.0,2026.0,667.0,False,True,False,True,True,1.1,<30% built,8.0,0.0
477214125,Arjan,Al Barshaa South Third,Liwan,Active,Standard,87.0,223,1,0,0,224,2023-03-01,2025-03-31,2023.0,2025.0,761.0,False,True,False,True,False,16.1,>70% built,48.0,39.0
723,Jumeirah Village Circle,Al Barsha South Fourth,Jumeirah Village,Finished,Standard,100.0,81,1,0,0,82,2009-09-01,2015-01-07,2009.0,2015.0,1954.0,True,False,True,False,False,,>70% built,100.0,0.0
614,,Trade Center First,Dubai Properties,Finished,Standard,100.0,548,1,0,0,549,2006-12-06,2011-09-06,2006.0,2011.0,1735.0,True,False,True,False,False,,>70% built,100.0,0.0
804489146,Dubai Maritime City,Madinat Dubai Almelaheyah,Dubai Maritime City,Pending,Standard,0.0,0,0,0,0,0,2026-06-30,2028-09-30,2026.0,2028.0,823.0,False,True,False,False,False,,<30% built,0.0,0.0
452700075,Jumeirah Lakes Towers,Al Thanyah Fifth,DMCC (Dubai Multi Commodities Centre),Finished,Standard,100.0,394,1,0,0,395,2020-01-02,2024-01-24,2020.0,2024.0,1483.0,True,False,True,False,False,,>70% built,100.0,0.0
195495460,Majan,Wadi Al Safa 3,Liwan,Active,Standard,51.0,120,1,0,0,121,2018-10-01,2022-08-31,2018.0,2022.0,1430.0,False,True,False,True,False,47.1,30-70% built,100.0,-49.0
84,Business Bay,Business Bay,Dubai Properties,Finished,Standard,100.0,322,1,0,0,323,2006-06-01,2011-09-26,2006.0,2011.0,1943.0,True,False,True,False,False,,>70% built,100.0,0.0
517703795,Jumeirah Village Circle,Al Barsha South Fourth,Jumeirah Village,Active,Standard,60.0,176,1,0,0,177,2023-08-15,2025-09-15,2023.0,2025.0,762.0,False,True,False,True,False,10.6,30-70% built,48.0,12.0
419,Jumeirah Village Circle,Al Barsha South Fourth,Nakheel,Finished,Standard,100.0,152,2,0,0,154,2008-08-13,2011-07-14,2008.0,2011.0,1065.0,True,False,True,False,False,,>70% built,100.0,0.0
658076807,Jumeirah Village Circle,Al Barsha South Fourth,Jumeirah Village,Active,Standard,7.0,278,1,0,0,279,2024-10-01,2027-06-30,2024.0,2027.0,1002.0,False,True,False,False,False,,<30% built,8.0,-1.0
648521966,Majan,Wadi Al Safa 3,Liwan,Active,Standard,40.0,53,1,0,0,54,2024-08-01,2025-11-30,2024.0,2025.0,486.0,False,True,False,True,False,8.1,30-70% built,8.0,32.0
465977370,Dubai Hills Estate,Hadaeq Sheikh Mohammed Bin Rashid,Dubai Hills Estate,Active,Standard,68.0,902,2,0,0,904,2023-04-28,2026-12-31,2023.0,2026.0,1343.0,False,True,False,False,False,,30-70% built,48.0,20.0
289489987,Jumeirah Village Circle,Al Barsha South Fourth,Jumeirah Village,Finished,Standard,100.0,142,1,0,0,143,2018-10-07,2022-03-31,2018.0,2022.0,1271.0,True,False,True,False,False,,>70% built,100.0,0.0
363754407,Mohammed Bin Rashid AL Maktoum City -District -1 Community,Al Merkadh,Meydan Group,Finished,Standard,100.0,0,0,0,67,67,2022-01-15,2024-06-30,2022.0,2024.0,897.0,True,False,True,False,False,,>70% built,100.0,0.0
757227732,TOWN SQUARE,Al Yelayiss 2,Nshama,Not Started,Standard,0.0,156,1,0,0,157,2026-01-30,2028-05-31,2026.0,2028.0,852.0,False,True,False,False,False,,<30% built,0.0,0.0
544244974,Wasl Gate,Jabal Ali First,JAG Development,Active,Standard,3.0,235,4,0,0,239,2024-01-01,,2024.0,,,False,True,False,False,False,,<30% built,8.0,-5.0
806003262,,Bukadra,Meydan Group,Pending,Standard,0.0,109,1,0,0,110,2026-01-01,2027-11-30,2026.0,2027.0,698.0,False,True,False,False,False,,<30% built,0.0,0.0
1466,DownTown Dubai,Burj Khalifa,Emaar Properties,Pending,Standard,0.0,0,0,0,0,0,,,,,,False,True,False,False,False,,<30% built,,
679,Jumeirah Lakes Towers,Al Thanyah Fifth,DMCC (Dubai Multi Commodities Centre),Finished,Standard,100.0,365,1,0,0,366,2010-10-17,2011-03-22,2010.0,2011.0,156.0,True,False,True,False,False,,>70% built,100.0,0.0
593503945,Arjan,Al Barshaa South Third,Dubai Properties,Active,Standard,28.0,170,1,0,0,171,2024-08-01,2026-09-14,2024.0,2026.0,774.0,False,True,False,False,False,,<30% built,8.0,20.0
810532524,Business Bay,Business Bay,Dubai Properties,Not Started,Standard,0.0,164,1,0,0,165,2026-03-15,2029-09-15,2026.0,2029.0,1280.0,False,True,False,False,False,,<30% built,0.0,0.0
710566396,,Jumeirah Second,Dubai Peninsula,Not Started,Standard,0.0,0,0,5,0,5,2025-10-06,2028-12-31,2025.0,2028.0,1182.0,False,True,False,False,False,,<30% built,0.0,0.0
82350958,Jumeirah Village Circle,Al Barsha South Fourth,Jumeirah Village,Finished,Standard,100.0,0,0,14,0,14,2017-01-01,2018-12-09,2017.0,2018.0,707.0,True,False,True,False,False,,>70% built,100.0,0.0
624885016,Wasl Gate,Jabal Ali First,JAG Development,Active,Standard,1.0,258,1,0,0,259,2025-01-01,2027-12-31,2025.0,2027.0,1094.0,False,True,False,False,False,,<30% built,0.0,1.0
627893680,,Al Yufrah 1,Emaar Development,Active,Standard,7.0,0,0,332,165,497,2024-07-23,2028-07-31,2024.0,2028.0,1469.0,False,True,False,False,False,,<30% built,8.0,-1.0
522825780,Dubai Maritime City,Madinat Dubai Almelaheyah,Dubai Maritime City,Active,Standard,40.0,192,1,0,0,193,2023-08-14,2026-01-31,2023.0,2026.0,901.0,False,True,False,True,False,6.1,30-70% built,48.0,-8.0
740623283,Dubai South Residential District,Madinat Al Mataar,Dubai Aviation City Corporation,Not Started,Standard,0.0,52,1,0,0,53,2025-12-31,2027-12-31,2025.0,2027.0,730.0,False,True,False,False,False,,<30% built,0.0,0.0
502331141,Business Bay,Business Bay,Business Bay,Active,Standard,12.0,39,1,0,0,40,2023-06-01,,2023.0,,,False,True,False,False,False,,<30% built,48.0,-36.0
1433,Jumeirah Village Circle,Al Barsha South Fourth,Nakheel,Finished,Standard,100.0,208,2,0,0,210,2008-02-09,2010-01-24,2008.0,2010.0,715.0,True,False,True,False,False,,>70% built,100.0,0.0
14142453,DownTown Dubai,Burj Khalifa,Emaar Properties,Finished,Standard,100.0,97,1,0,0,98,2014-03-15,2017-05-28,2014.0,2017.0,1170.0,True,False,True,False,False,,>70% built,100.0,0.0
553462585,Mina Rashid,Madinat Dubai Almelaheyah,Mina Rashid Real Estate,Active,Standard,12.0,163,2,0,0,165,2024-02-29,,2024.0,,,False,True,False,False,False,,<30% built,8.0,4.0
388,Palm Jumeirah,Palm Jumeirah,Nakheel,Finished,Standard,100.0,992,10,0,1,1003,2006-05-20,2009-08-23,2006.0,2009.0,1191.0,True,False,True,False,False,,>70% built,100.0,0.0
13778427,DAMAC HILLS 2,Madinat Hind 4,Front Line Investment Management,Finished,Standard,100.0,0,0,0,314,314,2015-01-01,2019-05-14,2015.0,2019.0,1594.0,True,False,True,False,False,,>70% built,100.0,0.0
619,Jumeirah Village Circle,Al Barsha South Fourth,Jumeirah Village,Finished,Standard,100.0,21,3,0,0,24,2008-04-27,2014-10-15,2008.0,2014.0,2362.0,True,False,True,False,False,,>70% built,100.0,0.0
807049483,Palm Deira,Palm Deira,Nakheel,Pending,Standard,0.0,116,1,0,0,117,2025-06-30,2028-06-30,2025.0,2028.0,1096.0,False,True,False,False,False,,<30% built,0.0,0.0
316,Business Bay,Business Bay,Dubai Properties,Finished,Standard,100.0,346,1,0,0,347,2007-03-21,2010-11-08,2007.0,2010.0,1328.0,True,False,True,False,False,,>70% built,100.0,0.0
40977243,Dubai Marina,Marsa Dubai,Dubai Marina (Phase 1),Finished,Standard,100.0,190,1,0,0,191,2016-09-05,2020-04-01,2016.0,2020.0,1304.0,True,False,True,False,False,,>70% built,100.0,0.0
353790842,Mohammed Bin Rashid AL Maktoum City -District -1 Community,Al Merkadh,Meydan Group,Finished,Standard,100.0,31,1,0,0,32,2021-10-01,2023-05-30,2021.0,2023.0,606.0,True,False,True,False,False,,>70% built,100.0,0.0
763790433,Mohammed Bin Rashid AL Maktoum District 11,Wadi Al Safa 3,Meydan Group,Not Started,Standard,0.0,0,0,35,0,35,2025-06-13,2026-12-31,2025.0,2026.0,566.0,False,True,False,False,False,,<30% built,0.0,0.0
734018703,Jumeirah Garden City,Al Satwa,Meraas,Not Started,Standard,0.0,78,1,0,0,79,2025-04-30,2027-04-30,2025.0,2027.0,730.0,False,True,False,False,False,,<30% built,0.0,0.0
87,Dubai Marina,Marsa Dubai,Emaar Properties,Finished,Standard,100.0,60,1,0,0,61,2007-08-21,2010-08-15,2007.0,2010.0,1090.0,True,False,True,False,False,,>70% built,100.0,0.0
347740611,Jumeirah Village Circle,Al Barsha South Fourth,Jumeirah Village,Finished,Standard,100.0,160,1,0,0,161,2021-01-10,2022-06-19,2021.0,2022.0,525.0,True,False,True,False,False,,>70% built,100.0,0.0
791634608,Palm Deira,Palm Deira,Nakheel,Not Started,Standard,0.0,75,1,0,0,76,2025-11-01,2027-10-31,2025.0,2027.0,729.0,False,True,False,False,False,,<30% built,0.0,0.0
1212,Liwan1,Wadi Al Safa 2,Remraam,Finished,Standard,100.0,55,1,0,0,56,2009-06-01,2014-11-11,2009.0,2014.0,1989.0,True,False,True,False,False,,>70% built,100.0,0.0
346016615,Dubai Sports City,Al Hebiah Fourth,Dubai Sports City,Finished,Standard,100.0,0,0,21,0,21,2021-06-01,2022-09-01,2021.0,2022.0,457.0,True,False,True,False,False,,>70% built,100.0,0.0
720997417,Silicon Oasis,Nadd Hessa,Dubai Integrated Economic Zones,Active,Standard,1.0,1142,1,0,0,1143,2025-04-01,2028-07-31,2025.0,2028.0,1217.0,False,True,False,False,False,,<30% built,0.0,1.0
811439440,Dubai South Residential District,Madinat Al Mataar,Dubai Aviation City Corporation,Pending,Standard,0.0,0,0,0,0,0,2025-12-15,2027-12-15,2025.0,2027.0,730.0,False,True,False,False,False,,<30% built,0.0,0.0
773994722,Dubai Hills Estate,Hadaeq Sheikh Mohammed Bin Rashid,Dubai Hills Estate,Not Started,Standard,0.0,555,3,0,0,558,2025-08-13,2029-06-30,2025.0,2029.0,1417.0,False,True,False,False,False,,<30% built,0.0,0.0
45965189,Jumeirah Golf Estates,Me'Aisem First,Jumeirah Golf Estates,Finished,Standard,100.0,120,1,0,0,121,2016-09-15,2019-12-31,2016.0,2019.0,1202.0,True,False,True,False,False,,>70% built,100.0,0.0
195326555,Jumeirah Village Circle,Al Barsha South Fourth,Jumeirah Village,Finished,Standard,100.0,225,2,0,0,227,2018-05-01,2023-11-08,2018.0,2023.0,2017.0,True,False,True,False,False,,>70% built,100.0,0.0
630326468,Jumeirah Garden City,Al Satwa,Dubailand,Pending,Standard,0.0,0,0,0,0,0,2024-12-31,2027-12-30,2024.0,2027.0,1094.0,False,True,False,False,False,,<30% built,8.0,-8.0
741283391,,Dubai Investment Park Second,DAMAC Meree Investment,Not Started,Standard,0.0,335,2,0,0,337,2025-08-11,2029-03-31,2025.0,2029.0,1328.0,False,True,False,False,False,,<30% built,0.0,0.0
353613229,Mohammed Bin Rashid AL Maktoum City -District -1 Community,Al Merkadh,Meydan Group,Finished,Standard,100.0,31,1,0,0,32,2021-10-01,2023-05-30,2021.0,2023.0,606.0,True,False,True,False,False,,>70% built,100.0,0.0
388575804,Dubai World Central,Madinat Al Mataar,Dubai Aviation City Corporation,Finished,Standard,100.0,0,0,198,94,292,2022-03-31,2024-12-30,2022.0,2024.0,1005.0,True,False,True,False,False,,>70% built,100.0,0.0
10158115,Arabian Ranches II - PALMA,Wadi Al Safa 7,Emaar Properties,Finished,Standard,100.0,0,0,0,121,121,2014-02-02,2016-02-10,2014.0,2016.0,738.0,True,False,True,False,False,,>70% built,100.0,0.0
29328581,Dubai Marina,Marsa Dubai,Emaar Properties,Finished,Standard,100.0,493,3,0,0,496,2016-10-07,2020-09-05,2016.0,2020.0,1429.0,True,False,True,False,False,,>70% built,100.0,0.0
708544470,,Al Yelayiss 1,DAMAC Elite Investment,Not Started,Standard,0.0,0,0,0,397,397,2025-04-21,2028-12-31,2025.0,2028.0,1350.0,False,True,False,False,False,,<30% built,0.0,0.0
86192559,Dubai World Central,Madinat Al Mataar,Expo City Real Estate Development,Active,Standard,24.0,0,0,528,121,649,2023-05-01,2026-01-31,2023.0,2026.0,1006.0,False,True,False,True,True,6.1,<30% built,48.0,-24.0
513,Dubai Marina,Marsa Dubai,Dubai Properties,Finished,Standard,100.0,82,2,0,0,84,2007-11-13,2014-02-09,2007.0,2014.0,2280.0,True,False,True,False,False,,>70% built,100.0,0.0
595763049,Majan,Wadi Al Safa 3,Liwan,Active,Standard,11.0,70,1,0,0,71,2024-07-01,,2024.0,,,False,True,False,False,False,,<30% built,8.0,3.0
730423216,Living Legends,Wadi Al Safa 3,Dubailand,Not Started,Standard,0.0,0,0,0,243,243,2025-02-28,2029-01-31,2025.0,2029.0,1433.0,False,True,False,False,False,,<30% built,0.0,0.0
647937547,Dubai Hills Estate,Hadaeq Sheikh Mohammed Bin Rashid,Dubai Hills Estate,Active,Standard,24.0,185,1,0,0,186,2024-10-16,2028-12-31,2024.0,2028.0,1537.0,False,True,False,False,False,,<30% built,8.0,16.0
733570728,Meydan One Community,Al Merkadh,Meydan Group,Active,Standard,34.0,158,1,0,0,159,2025-03-13,2027-03-13,2025.0,2027.0,730.0,False,True,False,False,False,,30-70% built,0.0,34.0
25178838,DAMAC HILLS 2,Madinat Hind 4,Front Line Investment Management,Finished,Standard,100.0,0,0,0,323,323,2016-01-01,2022-12-31,2016.0,2022.0,2556.0,True,False,True,False,False,,>70% built,100.0,0.0
170,International City Phase 3,Warsan Fourth,Nakheel,Finished,Standard,100.0,0,1,0,0,1,2007-06-17,2015-02-15,2007.0,2015.0,2800.0,True,False,True,False,False,,>70% built,100.0,0.0
396905269,,Wadi Al Safa 5,Emaar Development,Active,Standard,88.0,0,0,269,55,324,2022-05-17,2025-12-30,2022.0,2025.0,1323.0,False,True,False,True,False,7.1,>70% built,100.0,-12.0
766399788,Arjan,Al Barshaa South Third,Liwan,Not Started,Standard,0.0,344,1,0,0,345,2025-07-01,2028-12-31,2025.0,2028.0,1279.0,False,True,False,False,False,,<30% built,0.0,0.0
653593283,Dubai South Residential District,Madinat Al Mataar,Dubai Aviation City Corporation,Active,Standard,11.0,70,1,0,0,71,2024-11-14,2026-12-14,2024.0,2026.0,760.0,False,True,False,False,False,,<30% built,8.0,3.0
27973220,Jumeirah Village Triangle,Al Barsha South Fifth,Jumeirah Village,Finished,Standard,100.0,943,2,0,0,945,2016-02-01,2021-11-25,2016.0,2021.0,2124.0,True,False,True,False,False,,>70% built,100.0,0.0
1277,DownTown Dubai,Burj Khalifa,Emaar Properties,Finished,Standard,100.0,537,3,0,0,540,2012-04-24,2012-12-12,2012.0,2012.0,232.0,True,False,True,False,False,,>70% built,100.0,0.0
592634776,TOWN SQUARE,Al Yelayiss 2,Nshama,Active,Standard,6.0,153,1,0,0,154,2024-09-27,,2024.0,,,False,True,False,False,False,,<30% built,8.0,-2.0
-14590397,Barsha Heights,Al Thanyah First,TECOM Investments,Finished,Standard,0.0,542,1,0,0,543,2014-10-08,2011-03-30,2014.0,2011.0,,True,False,False,False,False,,<30% built,100.0,-100.0
735591800,Palm Deira,Palm Deira,Nakheel,Not Started,Standard,0.0,78,1,0,0,79,2025-09-30,2027-10-30,2025.0,2027.0,760.0,False,True,False,False,False,,<30% built,0.0,0.0
489804610,Arjan,Al Barshaa South Third,Liwan,Active,Standard,23.0,441,1,0,0,442,2023-11-01,2026-04-30,2023.0,2026.0,911.0,False,True,False,True,True,3.2,<30% built,48.0,-25.0
139995510,Meydan One Community,Al Merkadh,Meydan Group,Finished,Standard,100.0,135,1,0,0,136,2017-10-01,2022-09-30,2017.0,2022.0,1825.0,True,False,True,False,False,,>70% built,100.0,0.0
32678479,Motor City,Al Hebiah First,Union Properties PJSC,Finished,Standard,100.0,269,1,0,0,270,2016-04-05,2018-07-10,2016.0,2018.0,826.0,True,False,True,False,False,,>70% built,100.0,0.0
738114663,Jumeirah Village Triangle,Al Barsha South Fifth,Jumeirah Village,Not Started,Standard,0.0,674,1,0,0,675,2025-06-15,2028-09-15,2025.0,2028.0,1188.0,False,True,False,False,False,,<30% built,0.0,0.0
576206590,Springs - 7,Al Thanayah Fourth,Emaar Properties,Finished,Standard,100.0,0,0,484,114,598,2002-01-01,2005-02-01,2002.0,2005.0,1127.0,True,False,True,False,False,,>70% built,100.0,0.0
669991333,Dubai Investment Park First,Dubai Investment Park First,Dubai Investments Park Development,Pending,Standard,0.0,1420,8,0,0,1428,2024-09-03,2028-12-05,2024.0,2028.0,1554.0,False,True,False,False,False,,<30% built,8.0,-8.0
562667876,Jumeirah Village Circle,Al Barsha South Fourth,Jumeirah Village,Active,Standard,14.0,265,3,0,0,268,2024-02-07,2026-07-26,2024.0,2026.0,900.0,False,True,False,True,True,0.3,<30% built,8.0,6.0
781429591,Palm Deira,Palm Deira,Nakheel,Pending,Standard,0.0,0,0,0,0,0,2025-10-15,2027-10-15,2025.0,2027.0,730.0,False,True,False,False,False,,<30% built,0.0,0.0
1271,Dubai Marina,Marsa Dubai,Emaar Properties,Finished,Standard,100.0,331,1,0,0,332,2007-02-17,2010-05-10,2007.0,2010.0,1178.0,True,False,True,False,False,,>70% built,100.0,0.0
741810466,Palm Deira,Palm Deira,Nakheel,Not Started,Standard,0.0,128,1,0,0,129,2025-04-15,2027-04-15,2025.0,2027.0,730.0,False,True,False,False,False,,<30% built,0.0,0.0
754564917,Meydan One Community,Al Merkadh,Meydan Group,Active,Standard,48.0,82,1,0,0,83,2025-05-01,2027-05-30,2025.0,2027.0,759.0,False,True,False,False,False,,30-70% built,0.0,48.0
49572973,Business Bay,Business Bay,Business Bay,Finished,Standard,100.0,504,1,0,0,505,2016-12-15,2020-05-31,2016.0,2020.0,1263.0,True,False,True,False,False,,>70% built,100.0,0.0
746535142,,Dubai Investment Park Second,Emaar Development,Not Started,Standard,0.0,0,0,0,205,205,2025-04-30,2029-05-31,2025.0,2029.0,1492.0,False,True,False,False,False,,<30% built,0.0,0.0
548192216,Jumeirah Village Circle,Al Barsha South Fourth,Nakheel,Active,Standard,20.0,287,1,0,0,288,2023-11-30,2026-06-30,2023.0,2026.0,943.0,False,True,False,True,True,1.1,<30% built,48.0,-28.0
669258108,Jumeirah Village Circle,Al Barsha South Fourth,Jumeirah Village,Pending,Standard,41.0,0,0,0,0,0,2023-07-10,2025-07-25,2023.0,2025.0,746.0,False,True,False,True,False,12.3,30-70% built,48.0,-7.0
505253499,Arjan,Al Barshaa South Third,Liwan,Active,Standard,7.0,715,2,0,0,717,2023-06-30,,2023.0,,,False,True,False,False,False,,<30% built,48.0,-41.0
47101619,Motor City,Al Hebiah First,Union Properties PJSC,Finished,Standard,100.0,136,2,137,0,275,2016-07-20,2019-06-30,2016.0,2019.0,1075.0,True,False,True,False,False,,>70% built,100.0,0.0
550196281,Dubai World Central,Madinat Al Mataar,Dubai Aviation City Corporation,Active,Standard,38.0,774,2,0,0,776,2023-10-23,,2023.0,,,False,True,False,False,False,,30-70% built,48.0,-10.0
574941622,Nad Al Sheba Gardens,Nad Al Shiba First,Shamal Real Estate,Active,Standard,17.0,0,0,188,111,299,2024-05-01,,2024.0,,,False,True,False,False,False,,<30% built,8.0,9.0
594579157,DAMAC HILLS 2,Madinat Hind 4,Front Line Investment Management,Active,Standard,1.0,557,4,0,0,561,2024-07-03,,2024.0,,,False,True,False,False,False,,<30% built,8.0,-7.0
684952760,Dubai Hills Estate,Hadaeq Sheikh Mohammed Bin Rashid,Dubai Hills Estate,Active,Standard,2.0,406,3,0,0,409,2025-05-02,2029-01-31,2025.0,2029.0,1370.0,False,True,False,False,False,,<30% built,0.0,2.0
450169276,Al Furjan,Jabal Ali First,Al Furjan,Finished,Standard,100.0,90,1,0,0,91,2021-09-02,2022-12-31,2021.0,2022.0,485.0,True,False,True,False,False,,>70% built,100.0,0.0
1263,Business Bay,Business Bay,Business Bay,Finished,Standard,100.0,297,4,0,0,301,2010-03-01,2014-03-09,2010.0,2014.0,1469.0,True,False,True,False,False,,>70% built,100.0,0.0
551209238,International City Phase 3,Warsan Fourth,International City,Active,Standard,50.0,93,1,0,0,94,2024-01-02,2025-08-25,2024.0,2025.0,601.0,False,True,False,True,False,11.3,30-70% built,8.0,42.0
127,Business Bay,Business Bay,Business Bay,Finished,Standard,100.0,202,1,0,0,203,2007-11-18,2015-03-01,2007.0,2015.0,2660.0,True,False,True,False,False,,>70% built,100.0,0.0
547030581,Dubai World Central,Madinat Al Mataar,Dubai Aviation City Corporation,Active,Standard,52.0,143,1,0,0,144,2023-10-13,2025-12-30,2023.0,2025.0,809.0,False,True,False,True,False,7.1,30-70% built,48.0,4.0
569332374,Palm Jumeirah,Palm Jumeirah,Palm Jumeirah,Active,Standard,3.0,57,1,0,0,58,2024-06-30,2027-12-31,2024.0,2027.0,1279.0,False,True,False,False,False,,<30% built,8.0,-5.0
547,Jumeirah Lakes Towers,Al Thanyah Fifth,DMCC (Dubai Multi Commodities Centre),Finished,Standard,100.0,404,1,0,0,405,2004-04-27,2009-05-24,2004.0,2009.0,1853.0,True,False,True,False,False,,>70% built,100.0,0.0
733693598,Palm Deira,Palm Deira,Nakheel,Not Started,Standard,0.0,108,1,0,0,109,2025-03-07,2027-01-06,2025.0,2027.0,670.0,False,True,False,False,False,,<30% built,0.0,0.0
480813729,Wasl 1,Al Kifaf,Park 1,Active,Standard,53.0,476,1,0,0,477,2023-03-01,2027-03-01,2023.0,2027.0,1461.0,False,True,False,False,False,,30-70% built,48.0,5.0
1288,International City Phase 1,Al Warsan First,Nakheel,Finished,Standard,100.0,1664,71,0,91,1826,2010-09-27,2012-01-30,2010.0,2012.0,490.0,True,False,True,False,False,,>70% built,100.0,0.0
1094,Jumeirah Village Circle,Al Barsha South Fourth,Jumeirah Village,Finished,Standard,100.0,0,0,16,0,16,2008-04-06,2010-12-15,2008.0,2010.0,983.0,True,False,True,False,False,,>70% built,100.0,0.0
759327518,Motor City,Al Hebiah First,Union Properties PJSC,Not Started,Standard,0.0,296,1,0,0,297,2025-08-15,2027-12-31,2025.0,2027.0,868.0,False,True,False,False,False,,<30% built,0.0,0.0
617282507,Business Bay,Business Bay,Business Bay,Active,Standard,24.0,753,1,0,0,754,2024-03-01,2026-05-30,2024.0,2026.0,820.0,False,True,False,True,True,2.2,<30% built,8.0,16.0
726125051,Dubai South Residential District,Madinat Al Mataar,Dubai Aviation City Corporation,Not Started,Standard,0.0,56,1,0,0,57,2024-12-01,2026-12-30,2024.0,2026.0,759.0,False,True,False,False,False,,<30% built,8.0,-8.0
219,Business Bay,Business Bay,Dubai Properties,Finished,Standard,100.0,265,1,0,0,266,2007-12-03,2011-08-01,2007.0,2011.0,1337.0,True,False,True,False,False,,>70% built,100.0,0.0
589414563,Mina Rashid,Madinat Dubai Almelaheyah,Mina Rashid Real Estate,Active,Standard,10.0,217,3,0,0,220,2024-07-06,,2024.0,,,False,True,False,False,False,,<30% built,8.0,2.0
1451,DownTown Dubai,Burj Khalifa,Emaar Properties,Finished,Standard,100.0,737,4,0,0,741,2006-03-01,2009-09-01,2006.0,2009.0,1280.0,True,False,True,False,False,,>70% built,100.0,0.0
506,Jaddaf Waterfront,Al Jadaf,Dubai Properties,Finished,Standard,100.0,61,1,0,0,62,2013-03-02,2020-03-25,2013.0,2020.0,2580.0,True,False,True,False,False,,>70% built,100.0,0.0
78776074,Dubai South Residential District,Madinat Al Mataar,Dubai Aviation City Corporation,Finished,Standard,100.0,157,1,0,0,158,2017-07-01,2020-12-30,2017.0,2020.0,1278.0,True,False,True,False,False,,>70% built,100.0,0.0
77699333,Arjan,Al Barshaa South Third,Liwan,Finished,Standard,100.0,248,6,0,0,254,2017-04-03,2020-10-08,2017.0,2020.0,1284.0,True,False,True,False,False,,>70% built,100.0,0.0
1457,The Greens,Al Thanyah Third,Emaar Properties,Finished,Standard,100.0,351,1,0,0,352,2007-05-01,2010-09-01,2007.0,2010.0,1219.0,True,False,True,False,False,,>70% built,100.0,0.0
463755348,Motor City,Al Hebiah First,Union Properties PJSC,Active,Standard,50.0,433,1,0,0,434,2022-11-01,2025-10-31,2022.0,2025.0,1095.0,False,True,False,True,False,9.1,30-70% built,100.0,-50.0
245249065,Dubai World Central,Madinat Al Mataar,Emaar Dubai South DWC,Finished,Standard,100.0,0,0,365,54,419,2019-06-03,2022-05-28,2019.0,2022.0,1090.0,True,False,True,False,False,,>70% built,100.0,0.0
33363617,TOWN SQUARE,Al Yelayiss 2,Nashmi Development,Finished,Standard,100.0,0,0,314,37,351,2016-12-12,2019-06-27,2016.0,2019.0,927.0,True,False,True,False,False,,>70% built,100.0,0.0
585983927,TOWN SQUARE,Al Yelayiss 2,Nshama,Active,Standard,13.0,164,1,0,0,165,2024-08-01,,2024.0,,,False,True,False,False,False,,<30% built,8.0,5.0
794,Dubai Land Residence Complex,Wadi Al Safa 5,Dubailand Residences,Finished,Standard,100.0,2859,6,0,0,2865,2007-10-15,2011-02-21,2007.0,2011.0,1225.0,True,False,True,False,False,,>70% built,100.0,0.0
538842265,,Wadi Al Safa 7,Dubai Properties,Active,Standard,2.0,0,0,1752,30,1782,2023-12-31,2027-12-31,2023.0,2027.0,1461.0,False,True,False,False,False,,<30% built,48.0,-46.0
596449313,,Ras Al Khor Industrial First,Meydan Group,Active,Standard,2.0,545,1,0,0,546,2024-03-07,2028-12-31,2024.0,2028.0,1760.0,False,True,False,False,False,,<30% built,8.0,-6.0
27171206,SOBHA HARTLAND,Al Merkadh,District One,Finished,Standard,100.0,73,1,0,0,74,2017-12-01,2021-03-31,2017.0,2021.0,1216.0,True,False,True,False,False,,>70% built,100.0,0.0
204,Jumeirah Village Circle,Al Barsha South Fourth,Jumeirah Village,Finished,Standard,100.0,0,0,16,0,16,2008-04-06,2010-12-15,2008.0,2010.0,983.0,True,False,True,False,False,,>70% built,100.0,0.0
1276,DownTown Dubai,Burj Khalifa,Emaar Properties,Finished,Standard,100.0,750,3,0,0,753,2008-08-26,2013-04-10,2008.0,2013.0,1688.0,True,False,True,False,False,,>70% built,100.0,0.0
295,Arjan,Al Barshaa South Third,Remraam,Finished,Standard,100.0,165,1,0,0,166,2007-12-16,2011-12-01,2007.0,2011.0,1446.0,True,False,True,False,False,,>70% built,100.0,0.0
648129039,Dubai World Central,Madinat Al Mataar,Dubai Aviation City Corporation,Not Started,Standard,0.0,1126,1,0,0,1127,2024-08-14,2027-08-30,2024.0,2027.0,1111.0,False,True,False,False,False,,<30% built,8.0,-8.0
798798795,Silicon Oasis,Nadd Hessa,Dubai Integrated Economic Zones,Not Started,Standard,0.0,116,1,0,0,117,2025-10-15,2028-03-31,2025.0,2028.0,898.0,False,True,False,False,False,,<30% built,0.0,0.0
815,Jumeirah Village Circle,Al Barsha South Fourth,Jumeirah Village,Finished,Standard,100.0,154,1,0,0,155,2009-01-15,2013-12-31,2009.0,2013.0,1811.0,True,False,True,False,False,,>70% built,100.0,0.0
170104609,Dubai Hills Estate,Hadaeq Sheikh Mohammed Bin Rashid,Dubai Hills Estate,Finished,Standard,100.0,477,3,0,0,480,2018-09-03,2022-03-31,2018.0,2022.0,1305.0,True,False,True,False,False,,>70% built,100.0,0.0
581436046,Jumeirah Village Circle,Al Barsha South Fourth,Jumeirah Village,Finished,Standard,100.0,82,1,0,0,83,2023-02-14,2025-02-14,2023.0,2025.0,731.0,True,False,True,False,False,,>70% built,48.0,52.0
21208864,DAMAC HILLS 2,Madinat Hind 4,Front Line Investment Management,Finished,Standard,100.0,0,0,0,196,196,2015-09-01,2021-02-10,2015.0,2021.0,1989.0,True,False,True,False,False,,>70% built,100.0,0.0
686348199,Arjan,Al Barshaa South Third,Liwan,Active,Standard,3.0,156,1,0,0,157,2025-06-01,2027-11-30,2025.0,2027.0,912.0,False,True,False,False,False,,<30% built,0.0,3.0
188275958,International City Phase 1,Al Warsan First,International City,Finished,Standard,100.0,107,1,0,0,108,2018-01-21,2022-06-15,2018.0,2022.0,1606.0,True,False,True,False,False,,>70% built,100.0,0.0
386669161,City Walk,Al Wasl,Meraas,Finished,Standard,100.0,130,1,0,0,131,2022-02-01,2024-11-01,2022.0,2024.0,1004.0,True,False,True,False,False,,>70% built,100.0,0.0
665069863,Palm Deira,Palm Deira,Palm Deira,Not Started,Standard,0.0,68,1,0,0,69,2025-04-15,2027-03-31,2025.0,2027.0,715.0,False,True,False,False,False,,<30% built,0.0,0.0
538522889,Dubai Maritime City,Madinat Dubai Almelaheyah,Dubai Maritime City,Active,Standard,32.0,328,2,0,0,330,2023-10-19,,2023.0,,,False,True,False,False,False,,30-70% built,48.0,-16.0
438954844,DAMAC HILLS,Al Hebiah Third,DAMAC Crescent Properties,Active,Standard,42.0,0,0,0,25,25,2022-12-15,2024-09-15,2022.0,2024.0,640.0,False,True,False,True,False,22.6,30-70% built,100.0,-58.0
767476033,City Walk,Al Wasl,Meraas,Not Started,Standard,0.0,202,2,0,0,204,2025-09-08,2029-09-30,2025.0,2029.0,1483.0,False,True,False,False,False,,<30% built,0.0,0.0
747263300,Palm Deira,Palm Deira,Nakheel,Active,Standard,4.0,70,1,0,0,71,2025-04-20,2027-04-20,2025.0,2027.0,730.0,False,True,False,False,False,,<30% built,0.0,4.0
21404298,Business Bay,Business Bay,Business Bay,Finished,Standard,100.0,590,1,0,0,591,2015-12-01,2020-05-22,2015.0,2020.0,1634.0,True,False,True,False,False,,>70% built,100.0,0.0
21182512,DUBAI HILLS,Hadaeq Sheikh Mohammed Bin Rashid,Dubai Hills Estate,Finished,Standard,100.0,0,5,646,226,877,2016-12-01,2019-09-10,2016.0,2019.0,1013.0,True,False,True,False,False,,>70% built,100.0,0.0
230391325,Dubai World Central,Madinat Al Mataar,Emaar Dubai South DWC,Finished,Standard,100.0,0,0,422,69,491,2019-06-01,2023-06-30,2019.0,2023.0,1490.0,True,False,True,False,False,,>70% built,100.0,0.0
48204031,DAMAC HILLS 2,Madinat Hind 4,Front Line Investment Management,Finished,Standard,100.0,0,0,0,405,405,2017-05-05,2022-08-25,2017.0,2022.0,1938.0,True,False,True,False,False,,>70% built,100.0,0.0
808771995,,Dubai Investment Park Second,Emaar Development,Not Started,Standard,0.0,0,0,0,123,123,2026-02-16,2029-06-30,2026.0,2029.0,1230.0,False,True,False,False,False,,<30% built,0.0,0.0
151,Dubai Marina,Marsa Dubai,Emaar Properties,Finished,Standard,100.0,294,1,0,0,295,2005-09-30,2010-08-15,2005.0,2010.0,1780.0,True,False,True,False,False,,>70% built,100.0,0.0
674376192,Jumeirah Village Circle,Al Barsha South Fourth,Jumeirah Village,Not Started,Standard,0.0,400,2,0,0,402,2025-05-21,2028-03-21,2025.0,2028.0,1035.0,False,True,False,False,False,,<30% built,0.0,0.0
442581847,,Wadi Al Safa 5,Emaar Development,Active,Standard,95.0,0,0,240,35,275,2023-02-18,2026-06-30,2023.0,2026.0,1228.0,False,True,False,True,False,1.1,>70% built,48.0,47.0
220521993,Meydan One Community,Al Merkadh,Meydan Group,Finished,Standard,100.0,270,1,0,0,271,2018-12-12,2023-06-30,2018.0,2023.0,1661.0,True,False,True,False,False,,>70% built,100.0,0.0
713776133,Majan,Wadi Al Safa 3,Liwan,Active,Standard,68.0,130,1,0,0,131,2023-09-07,2026-06-30,2023.0,2026.0,1027.0,False,True,False,True,False,1.1,30-70% built,48.0,20.0
576205093,,Al Thanayah Fourth,Emaar Properties,Finished,Standard,100.0,0,0,242,71,313,2002-01-01,2005-02-01,2002.0,2005.0,1127.0,True,False,True,False,False,,>70% built,100.0,0.0
753214888,Dubai World Central,Madinat Al Mataar,Dubai Aviation City Corporation,Pending,Standard,0.0,249,1,0,0,250,2026-03-18,2029-03-17,2026.0,2029.0,1095.0,False,True,False,False,False,,<30% built,0.0,0.0
695687519,,Wadi Al Safa 5,Dubai Properties,Active,Standard,1.0,0,0,398,78,476,2025-01-21,2028-08-21,2025.0,2028.0,1308.0,False,True,False,False,False,,<30% built,0.0,1.0
35483874,Al Furjan,Jabal Ali First,Al Furjan,Finished,Standard,100.0,296,1,0,0,297,2016-09-01,2020-01-09,2016.0,2020.0,1225.0,True,False,True,False,False,,>70% built,100.0,0.0
760401228,Dubai Land Residence Complex,Wadi Al Safa 5,Dubailand Residences,Active,Standard,3.0,133,1,0,0,134,2025-05-30,2028-05-30,2025.0,2028.0,1096.0,False,True,False,False,False,,<30% built,0.0,3.0
502336252,Business Bay,Business Bay,Business Bay,Active,Standard,97.0,165,1,0,0,166,2022-11-01,2026-02-28,2022.0,2026.0,1215.0,False,True,False,True,False,5.2,>70% built,100.0,-3.0
514038504,,Al Yufrah 1,Emaar Development,Active,Standard,64.0,0,0,486,242,728,2023-09-09,2027-03-31,2023.0,2027.0,1299.0,False,True,False,False,False,,30-70% built,48.0,16.0
712,Dubai Sports City,Al Hebiah Fourth,Dubai Sports City,Finished,Standard,100.0,291,1,0,0,292,2011-04-01,2020-05-31,2011.0,2020.0,3348.0,True,False,True,False,False,,>70% built,100.0,0.0
714771822,,Ras Al Khor Industrial First,Sobha,Not Started,Standard,0.0,401,1,0,0,402,2025-05-01,2029-12-31,2025.0,2029.0,1705.0,False,True,False,False,False,,<30% built,0.0,0.0
1183,Liwan1,Wadi Al Safa 2,Remraam,Finished,Standard,100.0,230,2,0,0,232,2009-06-01,2014-06-01,2009.0,2014.0,1826.0,True,False,True,False,False,,>70% built,100.0,0.0
402711616,Wasl 1,Al Kifaf,Park 1,Finished,Standard,100.0,758,2,0,0,760,2019-08-01,2022-09-28,2019.0,2022.0,1154.0,True,False,True,False,False,,>70% built,100.0,0.0
581774794,,Al Hebiah Fifth,Wahat Al Jazeera Real Estate,Active,Standard,11.0,96,2,0,0,98,2024-07-05,,2024.0,,,False,True,False,False,False,,<30% built,8.0,3.0
640777396,,Business Bay,Business Bay,Active,Standard,2.0,262,1,0,0,263,2025-03-01,2028-12-31,2025.0,2028.0,1401.0,False,True,False,False,False,,<30% built,0.0,2.0
623031550,DownTown Dubai,Burj Khalifa,Emaar Development,Active,Standard,8.0,73,1,0,0,74,2024-08-15,2027-08-31,2024.0,2027.0,1111.0,False,True,False,False,False,,<30% built,8.0,0.0
726263494,Jumeirah Village Circle,Al Barsha South Fourth,Nakheel,Not Started,Standard,0.0,187,1,0,0,188,2025-04-15,2028-04-16,2025.0,2028.0,1097.0,False,True,False,False,False,,<30% built,0.0,0.0
407,Jumeirah Lakes Towers,Al Thanyah Fifth,DMCC (Dubai Multi Commodities Centre),Finished,Standard,100.0,621,1,0,0,622,2007-12-17,2010-03-14,2007.0,2010.0,818.0,True,False,True,False,False,,>70% built,100.0,0.0
611360561,,Bukadra,Sobha,Active,Standard,31.0,767,1,0,0,768,2024-05-10,,2024.0,,,False,True,False,False,False,,30-70% built,8.0,23.0
355,Palm Jumeirah,Palm Jumeirah,Nakheel,Finished,Standard,100.0,0,8,0,0,8,2008-01-23,2009-12-21,2008.0,2009.0,698.0,True,False,True,False,False,,>70% built,100.0,0.0
439,International Media Production Zone,Me'Aisem First,TECOM Investments,Finished,Standard,100.0,1018,3,0,0,1021,2007-02-14,2011-01-27,2007.0,2011.0,1443.0,True,False,True,False,False,,>70% built,100.0,0.0
634208749,Jumeirah Village Circle,Al Barsha South Fourth,Jumeirah Village,Finished,Standard,100.0,69,2,0,0,71,2023-07-03,2025-01-02,2023.0,2025.0,549.0,True,False,True,False,False,,>70% built,48.0,52.0
399692749,DAMAC HILLS,Al Hebiah Third,DAMAC Crescent Properties,Finished,Standard,100.0,351,1,0,0,352,2022-05-03,2024-12-15,2022.0,2024.0,957.0,True,False,True,False,False,,>70% built,100.0,0.0
540333572,Jumeirah Village Circle,Al Barsha South Fourth,Jumeirah Village,Finished,Standard,100.0,74,1,0,0,75,2023-06-22,2025-04-29,2023.0,2025.0,677.0,True,False,True,False,False,,>70% built,48.0,52.0
649306694,Palm Deira,Palm Deira,Nakheel,Pending,Standard,0.0,0,0,0,0,0,2024-07-19,2026-12-31,2024.0,2026.0,895.0,False,True,False,False,False,,<30% built,8.0,-8.0
186466481,Business Bay,Business Bay,Business Bay,Finished,Standard,100.0,340,1,0,0,341,2017-07-01,2020-10-30,2017.0,2020.0,1217.0,True,False,True,False,False,,>70% built,100.0,0.0
775785006,Majan,Wadi Al Safa 3,Liwan,Pending,Standard,0.0,0,0,0,0,0,2025-12-15,2029-12-15,2025.0,2029.0,1461.0,False,True,False,False,False,,<30% built,0.0,0.0
16310642,Silicon Oasis,Nadd Hessa,Dubai Integrated Economic Zones,Finished,Standard,100.0,224,1,0,0,225,2014-06-01,2015-09-15,2014.0,2015.0,471.0,True,False,True,False,False,,>70% built,100.0,0.0
373794931,Business Bay,Business Bay,Business Bay,Finished,Standard,100.0,525,2,0,0,527,2021-08-01,2024-04-01,2021.0,2024.0,974.0,True,False,True,False,False,,>70% built,100.0,0.0
694302980,Palm Deira,Palm Deira,Nakheel,Active,Standard,5.0,49,1,0,0,50,2024-12-20,2027-12-19,2024.0,2027.0,1094.0,False,True,False,False,False,,<30% built,8.0,-3.0
478441856,Al Furjan,Jabal Ali First,Al Furjan,Active,Standard,61.0,161,1,0,0,162,2023-03-31,2025-04-30,2023.0,2025.0,761.0,False,True,False,True,False,15.1,30-70% built,48.0,13.0
12867116,Al Furjan,Jabal Ali First,Al Furjan,Finished,Standard,100.0,0,0,171,46,217,2014-09-01,2018-03-20,2014.0,2018.0,1296.0,True,False,True,False,False,,>70% built,100.0,0.0
684673886,Jumeirah Islands,Al Thanyah Fifth,DMCC (Dubai Multi Commodities Centre),Active,Standard,24.0,293,1,0,0,294,2025-11-15,2029-09-20,2025.0,2029.0,1405.0,False,True,False,False,False,,<30% built,0.0,24.0
621300817,Jumeirah Garden City,Al Satwa,Meraas,Active,Standard,7.0,159,1,0,0,160,2024-09-11,2026-12-31,2024.0,2026.0,841.0,False,True,False,False,False,,<30% built,8.0,-1.0
646974124,Dubai South Residential District,Madinat Al Mataar,Dubai Aviation City Corporation,Not Started,Standard,0.0,68,1,0,0,69,2024-07-31,2026-07-30,2024.0,2026.0,729.0,False,True,False,True,True,0.2,<30% built,8.0,-8.0
799656790,Dubai South Residential District,Madinat Al Mataar,Dubai South Properties DWC,Pending,Standard,0.0,0,0,0,0,0,2025-09-01,2027-08-31,2025.0,2027.0,729.0,False,True,False,False,False,,<30% built,0.0,0.0
277474888,Jumeirah Village Circle,Al Barsha South Fourth,Jumeirah Village,Finished,Standard,100.0,89,1,0,0,90,2019-02-12,2020-06-12,2019.0,2020.0,486.0,True,False,True,False,False,,>70% built,100.0,0.0
13027437,Jumeirah Village Circle,Al Barsha South Fourth,Jumeirah Village,Finished,Mixed-use,100.0,504,1,0,0,505,2014-08-01,2020-04-05,2014.0,2020.0,2074.0,True,False,True,False,False,,>70% built,100.0,0.0
27189405,Liwan1,Wadi Al Safa 2,Liwan,Finished,Standard,100.0,121,1,0,0,122,2015-06-01,2016-11-01,2015.0,2016.0,519.0,True,False,True,False,False,,>70% built,100.0,0.0
417765812,DAMAC Lagoons,Al Hebiah Fifth,Wahat Al Jazeera Real Estate,Active,Standard,55.0,0,0,0,424,424,2022-12-28,2025-09-29,2022.0,2025.0,1006.0,False,True,False,True,False,10.2,30-70% built,100.0,-45.0
1447,Sufouh Gardens,Al Safouh First,TECOM Investments,Finished,Standard,100.0,1,1,0,0,2,2014-01-26,,2014.0,,,True,False,True,False,False,,>70% built,100.0,0.0
24398610,,Business Bay,Al Habtoor City Development,Finished,Standard,100.0,1467,5,0,0,1472,2014-07-01,2022-02-17,2014.0,2022.0,2788.0,True,False,True,False,False,,>70% built,100.0,0.0
770616064,Jumeirah Village Circle,Al Barsha South Fourth,Jumeirah Village,Not Started,Standard,0.0,822,1,0,0,823,2025-06-01,2027-05-31,2025.0,2027.0,729.0,False,True,False,False,False,,<30% built,0.0,0.0
1217,Liwan1,Wadi Al Safa 2,Remraam,Finished,Standard,100.0,81,1,0,0,82,2009-05-01,2014-09-24,2009.0,2014.0,1972.0,True,False,True,False,False,,>70% built,100.0,0.0
535784887,Jumeirah Village Circle,Al Barsha South Fourth,Jumeirah Village,Active,Standard,28.0,361,1,0,0,362,2023-07-11,2026-12-15,2023.0,2026.0,1253.0,False,True,False,False,False,,<30% built,48.0,-20.0
605407635,Palm Deira,Palm Deira,Nakheel,Active,Standard,13.0,57,1,0,0,58,2024-05-15,2026-08-15,2024.0,2026.0,822.0,False,True,False,False,False,,<30% built,8.0,5.0
738479264,International City Phase 1,Al Warsan First,International City,Pending,Standard,30.0,57,1,0,0,58,2024-10-10,2026-04-26,2024.0,2026.0,563.0,False,True,False,True,False,3.3,<30% built,8.0,22.0
1224,Liwan1,Wadi Al Safa 2,Remraam,Finished,Standard,100.0,61,1,0,0,62,2008-05-28,2013-03-15,2008.0,2013.0,1752.0,True,False,True,False,False,,>70% built,100.0,0.0
419654359,TOWN SQUARE,Al Yelayiss 2,Nshama,Finished,Standard,100.0,0,0,212,29,241,2022-09-30,2024-12-30,2022.0,2024.0,822.0,True,False,True,False,False,,>70% built,100.0,0.0
544745828,Palm Deira,Palm Deira,Nakheel,Active,Standard,13.0,334,5,0,0,339,2024-04-25,,2024.0,,,False,True,False,False,False,,<30% built,8.0,5.0
760398888,Dubai Sports City,Al Hebiah Fourth,Dubai Sports City,Not Started,Standard,0.0,192,1,0,0,193,2025-10-01,2028-09-30,2025.0,2028.0,1095.0,False,True,False,False,False,,<30% built,0.0,0.0
803276833,,Wadi Al Safa 5,Dubailand,Not Started,Standard,0.0,650,3,0,0,653,2026-01-15,2029-12-30,2026.0,2029.0,1445.0,False,True,False,False,False,,<30% built,0.0,0.0
28212274,Jumeirah Village Circle,Al Barsha South Fourth,Nakheel,Finished,Standard,100.0,87,1,0,0,88,2015-09-01,2018-05-06,2015.0,2018.0,978.0,True,False,True,False,False,,>70% built,100.0,0.0
1204,Liwan1,Wadi Al Safa 2,Remraam,Finished,Standard,100.0,61,1,0,0,62,2008-06-24,2013-10-03,2008.0,2013.0,1927.0,True,False,True,False,False,,>70% built,100.0,0.0
9860003,Business Bay,Business Bay,Business Bay,Finished,Standard,100.0,1056,3,0,0,1059,2013-12-21,2019-09-25,2013.0,2019.0,2104.0,True,False,True,False,False,,>70% built,100.0,0.0
741171785,City Of Arabia,Wadi Al Safa 4,Ilyas & Mustafa Galadari Investment & Development,Not Started,Standard,0.0,741,1,0,0,742,2025-04-07,2027-04-30,2025.0,2027.0,753.0,False,True,False,False,False,,<30% built,0.0,0.0
361,Jumeirah Village Circle,Al Barsha South Fourth,Jumeirah Village,Finished,Standard,100.0,0,0,16,0,16,2013-09-01,2015-05-20,2013.0,2015.0,626.0,True,False,True,False,False,,>70% built,100.0,0.0
1141,Dubai Sports City,Al Hebiah Fourth,Gulf General Investments (GGICO),Finished,Standard,100.0,126,1,0,0,127,2007-09-29,2010-09-20,2007.0,2010.0,1087.0,True,False,True,False,False,,>70% built,100.0,0.0
646161209,Dubai Hills Estate,Hadaeq Sheikh Mohammed Bin Rashid,Dubai Hills Estate,Active,Standard,6.0,582,3,0,0,585,2024-12-05,2029-02-28,2024.0,2029.0,1546.0,False,True,False,False,False,,<30% built,8.0,-2.0
1474,Jumeirah Village Circle,Al Barsha South Fourth,Jumeirah Village,Finished,Standard,100.0,188,1,0,0,189,2014-01-26,,2014.0,,,True,False,True,False,False,,>70% built,100.0,0.0
820397628,Palm Deira,Palm Deira,Nakheel,Pending,Standard,0.0,0,0,0,0,0,2025-07-16,2027-01-10,2025.0,2027.0,543.0,False,True,False,False,False,,<30% built,0.0,0.0
27829092,City Walk,Al Wasl,City Walk Residential 1,Finished,Standard,100.0,148,3,0,0,151,2013-05-18,2016-12-07,2013.0,2016.0,1299.0,True,False,True,False,False,,>70% built,100.0,0.0
33434665,800 Villas,Wadi Al Safa 7,Dubailand Residences,Finished,Standard,100.0,0,0,578,130,708,2017-12-31,2020-05-12,2017.0,2020.0,863.0,True,False,True,False,False,,>70% built,100.0,0.0
682799645,,Al Barsha First,MAS Real Estate Development,Pending,Standard,7.0,242,1,0,0,243,2024-11-21,2026-11-21,2024.0,2026.0,730.0,False,True,False,False,False,,<30% built,8.0,-1.0
982,Jumeirah Village Circle,Al Barsha South Fourth,Jumeirah Village,Conditional Activating,Standard,0.0,165,1,0,0,166,2024-03-01,2013-01-22,2024.0,2013.0,,False,True,False,True,True,162.4,<30% built,8.0,-8.0
27378229,Silicon Oasis,Nadd Hessa,Dubai Integrated Economic Zones,Finished,Standard,100.0,202,1,0,0,203,2015-08-02,2022-01-31,2015.0,2022.0,2374.0,True,False,True,False,False,,>70% built,100.0,0.0
654592316,Dubai Health Care City Phase 1,Um Hurair Second,Dubai Healthcare City,Not Started,Standard,0.0,23,1,0,0,24,2024-09-01,2028-04-01,2024.0,2028.0,1308.0,False,True,False,False,False,,<30% built,8.0,-8.0
600961878,Jumeirah Village Circle,Al Barsha South Fourth,Jumeirah Village,Finished,Standard,100.0,97,1,0,0,98,2024-01-01,2024-12-30,2024.0,2024.0,364.0,True,False,True,False,False,,>70% built,8.0,92.0
729059343,Jumeirah Garden City,Al Satwa,Meraas,Not Started,Standard,0.0,88,1,0,0,89,2025-07-01,2027-03-18,2025.0,2027.0,625.0,False,True,False,False,False,,<30% built,0.0,0.0
391622669,Meydan One Community,Al Merkadh,Meydan Group,Finished,Standard,100.0,214,1,0,0,215,2020-11-23,2024-01-18,2020.0,2024.0,1151.0,True,False,True,False,False,,>70% built,100.0,0.0
792589959,Business Bay,Business Bay,Business Bay,Pending,Standard,0.0,0,0,0,0,0,2026-02-15,2028-10-15,2026.0,2028.0,973.0,False,True,False,False,False,,<30% built,0.0,0.0
41940138,Dubai South Residential District,Madinat Al Mataar,Dubai Aviation City Corporation,Finished,Standard,100.0,99,1,0,0,100,2017-04-01,2020-01-14,2017.0,2020.0,1018.0,True,False,True,False,False,,>70% built,100.0,0.0
653715273,Mina Rashid,Madinat Dubai Almelaheyah,Mina Rashid Real Estate,Not Started,Standard,0.0,78,2,0,0,80,2025-02-03,2028-09-30,2025.0,2028.0,1335.0,False,True,False,False,False,,<30% built,0.0,0.0
631444331,Mina Rashid,Madinat Dubai Almelaheyah,Mina Rashid Real Estate,Active,Standard,5.0,233,2,0,0,235,2024-10-28,2028-08-31,2024.0,2028.0,1403.0,False,True,False,False,False,,<30% built,8.0,-3.0
603160581,DAMAC HILLS,Al Hebiah Third,DAMAC Crescent Properties,Active,Standard,1.0,0,0,0,48,48,2024-07-03,2027-05-30,2024.0,2027.0,1061.0,False,True,False,False,False,,<30% built,8.0,-7.0
579885994,Al Furjan,Jabal Ali First,Al Furjan,Active,Standard,20.0,96,1,0,0,97,2024-02-01,,2024.0,,,False,True,False,False,False,,<30% built,8.0,12.0
700439776,Palm Deira,Palm Deira,Nakheel,Pending,Standard,0.0,0,0,0,0,0,2025-02-01,2028-07-31,2025.0,2028.0,1276.0,False,True,False,False,False,,<30% built,0.0,0.0
593,Dubai Sports City,Al Hebiah Fourth,Dubai Sports City,Finished,Standard,100.0,342,1,0,0,343,2015-02-15,2019-09-28,2015.0,2019.0,1686.0,True,False,True,False,False,,>70% built,100.0,0.0
754844874,Majan,Wadi Al Safa 3,Liwan,Pending,Standard,0.0,0,0,0,0,0,2025-05-02,2027-05-02,2025.0,2027.0,730.0,False,True,False,False,False,,<30% built,0.0,0.0
27301989,Jumeirah Village Triangle,Al Barsha South Fifth,Jumeirah Village,Finished,Standard,100.0,259,1,0,0,260,2014-05-15,2017-11-06,2014.0,2017.0,1271.0,True,False,True,False,False,,>70% built,100.0,0.0
756800352,Dubai Land Residence Complex,Wadi Al Safa 5,Dubailand Residences,Pending,Standard,0.0,0,0,0,0,0,2025-06-01,2027-09-30,2025.0,2027.0,851.0,False,True,False,False,False,,<30% built,0.0,0.0
764711139,Dubai Land Residence Complex,Wadi Al Safa 5,Dubailand Residences,Not Started,Standard,0.0,362,1,0,0,363,2025-06-01,2028-09-30,2025.0,2028.0,1217.0,False,True,False,False,False,,<30% built,0.0,0.0
561401632,Arjan,Al Barshaa South Third,Liwan,Active,Standard,4.0,1254,5,0,0,1259,2023-11-01,2028-03-31,2023.0,2028.0,1612.0,False,True,False,False,False,,<30% built,48.0,-44.0
602973450,Dubai Maritime City,Madinat Dubai Almelaheyah,Dubai Maritime City,Active,Standard,89.0,156,1,0,0,157,2022-11-01,,2022.0,,,False,True,False,False,False,,>70% built,100.0,-11.0
1173,Business Bay,Business Bay,Business Bay,Finished,Standard,100.0,265,1,0,0,266,2008-12-17,2020-10-14,2008.0,2020.0,4319.0,True,False,True,False,False,,>70% built,100.0,0.0
6969288,Mudon,Al Hebiah Sixth,Dubailand Residences,Finished,Standard,100.0,0,0,3,400,403,2013-04-01,2015-10-14,2013.0,2015.0,926.0,True,False,True,False,False,,>70% built,100.0,0.0
12727332,DAMAC HILLS,Al Hebiah Third,Dubailand,Finished,Standard,100.0,1246,5,0,0,1251,2014-08-01,2021-01-10,2014.0,2021.0,2354.0,True,False,True,False,False,,>70% built,100.0,0.0
776,Silicon Oasis,Nadd Hessa,Dubai Integrated Economic Zones,Finished,Standard,100.0,132,1,0,0,133,2008-05-08,2014-05-13,2008.0,2014.0,2196.0,True,False,True,False,False,,>70% built,100.0,0.0
105304712,TOWN SQUARE,Al Yelayiss 2,Nshama,Finished,Standard,100.0,0,0,322,42,364,2018-06-01,2020-12-21,2018.0,2020.0,934.0,True,False,True,False,False,,>70% built,100.0,0.0
86870547,Dubai Sports City,Al Hebiah Fourth,Dubai Sports City,Finished,Standard,100.0,0,0,14,0,14,2023-10-30,,2023.0,,,True,False,True,False,False,,>70% built,48.0,52.0
740654124,Dubai South Residential District,Madinat Al Mataar,Dubai Aviation City Corporation,Not Started,Standard,0.0,64,1,0,0,65,2025-11-01,2027-03-31,2025.0,2027.0,515.0,False,True,False,False,False,,<30% built,0.0,0.0
242001918,DUBAI HILLS,Hadaeq Sheikh Mohammed Bin Rashid,Dubai Hills Estate,Finished,Standard,100.0,0,0,0,40,40,2019-07-30,2024-11-30,2019.0,2024.0,1950.0,True,False,True,False,False,,>70% built,100.0,0.0
408174590,Dubai Marina,Marsa Dubai,Emaar Properties,Active,Standard,70.0,341,1,0,0,342,2022-04-10,2026-03-08,2022.0,2026.0,1428.0,False,True,False,True,False,4.9,30-70% built,100.0,-30.0
443449969,Dubai Investment Park First,Dubai Investment Park First,Dubai Investments Park Development,Active,Standard,43.0,224,1,0,0,225,2022-12-31,2025-12-31,2022.0,2025.0,1096.0,False,True,False,True,False,7.1,30-70% built,100.0,-57.0
735244874,Wasl Gate,Jabal Ali First,JAG Development,Not Started,Standard,0.0,350,1,0,0,351,2025-06-30,2028-06-30,2025.0,2028.0,1096.0,False,True,False,False,False,,<30% built,0.0,0.0
1136,Dubai Sports City,Al Hebiah Fourth,Dubai Sports City,Finished,Standard,100.0,126,1,0,0,127,2007-09-29,2013-10-24,2007.0,2013.0,2217.0,True,False,True,False,False,,>70% built,100.0,0.0
1443,Arjan,Al Barshaa South Third,Remraam,Finished,Standard,100.0,170,1,0,0,171,2011-01-05,2014-03-31,2011.0,2014.0,1181.0,True,False,True,False,False,,>70% built,100.0,0.0
168193168,Meydan One Community,Al Merkadh,Meydan Group,Finished,Standard,100.0,252,1,0,0,253,2017-10-01,2023-09-14,2017.0,2023.0,2174.0,True,False,True,False,False,,>70% built,100.0,0.0
710886060,Dubai South Residential District,Madinat Al Mataar,Dubai Aviation City Corporation,Not Started,Standard,0.0,58,1,0,0,59,2025-05-12,2027-09-12,2025.0,2027.0,853.0,False,True,False,False,False,,<30% built,0.0,0.0
353,Jumeirah Village Circle,Al Barsha South Fourth,Jumeirah Village,Finished,Standard,100.0,0,0,14,0,14,2009-08-15,2015-12-08,2009.0,2015.0,2306.0,True,False,True,False,False,,>70% built,100.0,0.0
27606027,Arjan,Al Barshaa South Third,Liwan,Finished,Standard,100.0,179,1,0,0,180,2015-10-06,2017-05-31,2015.0,2017.0,603.0,True,False,True,False,False,,>70% built,100.0,0.0
130,Dubai Marina,Marsa Dubai,Emaar Properties,Finished,Standard,100.0,506,2,0,0,508,2006-05-01,2013-05-23,2006.0,2013.0,2579.0,True,False,True,False,False,,>70% built,100.0,0.0
587375604,Dubai World Central,Madinat Al Mataar,Emaar Dubai South DWC,Active,Standard,22.0,0,0,72,53,125,2024-07-29,,2024.0,,,False,True,False,False,False,,<30% built,8.0,14.0
136341920,Dubai South Residential District,Madinat Al Mataar,Dubai Aviation City Corporation,Active,Standard,30.0,209,1,0,0,210,2018-01-05,2020-02-05,2018.0,2020.0,761.0,False,True,False,True,False,77.9,<30% built,100.0,-70.0
812040992,Palm Deira,Palm Deira,Palm Deira,Pending,Standard,0.0,0,0,0,0,0,2025-11-25,2027-04-25,2025.0,2027.0,516.0,False,True,False,False,False,,<30% built,0.0,0.0
605587948,Jumeirah Village Circle,Al Barsha South Fourth,Jumeirah Village,Active,Standard,18.0,143,1,0,0,144,2023-12-31,2026-12-31,2023.0,2026.0,1096.0,False,True,False,False,False,,<30% built,48.0,-30.0
79549713,Jumeirah Village Circle,Al Barsha South Fourth,Jumeirah Village,Finished,Standard,100.0,944,3,0,0,947,2017-10-31,2020-08-07,2017.0,2020.0,1011.0,True,False,True,False,False,,>70% built,100.0,0.0
894,Dubai Marina,Marsa Dubai,Emaar Properties,Finished,Standard,100.0,117,1,0,0,118,2007-01-01,2017-05-25,2007.0,2017.0,3797.0,True,False,True,False,False,,>70% built,100.0,0.0
733580464,Meydan One Community,Al Merkadh,Meydan Group,Active,Standard,29.0,151,1,0,0,152,2025-03-13,2027-03-13,2025.0,2027.0,730.0,False,True,False,False,False,,<30% built,0.0,29.0
817322201,,Um Suqaim Third,Jumeirah Hills Development,Pending,Standard,0.0,236,3,0,0,239,2025-12-07,2029-03-01,2025.0,2029.0,1180.0,False,True,False,False,False,,<30% built,0.0,0.0
1214,Liwan1,Wadi Al Safa 2,Remraam,Finished,Standard,100.0,55,1,0,0,56,2009-03-19,2015-08-06,2009.0,2015.0,2331.0,True,False,True,False,False,,>70% built,100.0,0.0
813373000,Dubai World Central,Madinat Al Mataar,Dubai Aviation City Corporation,Pending,Standard,0.0,365,1,0,0,366,2026-03-15,2029-03-14,2026.0,2029.0,1095.0,False,True,False,False,False,,<30% built,0.0,0.0
428402416,Jumeirah Village Circle,Al Barsha South Fourth,Jumeirah Village,Active,Standard,82.0,229,1,0,0,230,2021-03-07,2024-07-31,2021.0,2024.0,1242.0,False,True,False,True,False,24.1,>70% built,100.0,-18.0
257,Dubai Marina,Marsa Dubai,Emaar Properties,Finished,Standard,100.0,682,1,0,0,683,2006-12-06,2011-05-17,2006.0,2011.0,1623.0,True,False,True,False,False,,>70% built,100.0,0.0
732370688,,Wadi Al Safa 3,Dubailand,Not Started,Standard,0.0,0,0,0,386,386,2025-07-28,2029-05-31,2025.0,2029.0,1403.0,False,True,False,False,False,,<30% built,0.0,0.0
353792726,Mohammed Bin Rashid AL Maktoum City -District -1 Community,Al Merkadh,Meydan Group,Finished,Standard,100.0,31,1,0,0,32,2021-10-01,2023-05-30,2021.0,2023.0,606.0,True,False,True,False,False,,>70% built,100.0,0.0
72,Business Bay,Business Bay,Business Bay,Finished,Standard,100.0,425,3,0,0,428,2007-04-20,2010-01-26,2007.0,2010.0,1012.0,True,False,True,False,False,,>70% built,100.0,0.0
739129149,TOWN SQUARE,Al Yelayiss 2,Nshama,Not Started,Standard,0.0,154,1,0,0,155,2025-10-10,2028-01-14,2025.0,2028.0,826.0,False,True,False,False,False,,<30% built,0.0,0.0
585849445,Jumeirah Village Circle,Al Barsha South Fourth,Jumeirah Village,Active,Standard,32.0,370,1,0,0,371,2024-01-14,,2024.0,,,False,True,False,False,False,,30-70% built,8.0,24.0
736155901,Dubai Land Residence Complex,Wadi Al Safa 5,Dubailand Residences,Not Started,Standard,0.0,129,1,0,0,130,2025-06-01,2027-12-31,2025.0,2027.0,943.0,False,True,False,False,False,,<30% built,0.0,0.0
603796305,Jumeirah Garden City,Al Satwa,Meraas,Active,Standard,51.0,88,1,0,0,89,2024-07-01,2025-12-31,2024.0,2025.0,548.0,False,True,False,True,False,7.1,30-70% built,8.0,43.0
690522403,Dubai Sports City,Al Hebiah Fourth,Dubai Sports City,Active,Standard,10.0,501,1,0,0,502,2024-12-17,2026-03-31,2024.0,2026.0,469.0,False,True,False,True,True,4.1,<30% built,8.0,2.0
88842153,Jumeirah Village Triangle,Al Barsha South Fifth,Jumeirah Village,Active,Standard,20.0,788,1,0,0,789,2023-08-01,,2023.0,,,False,True,False,False,False,,<30% built,48.0,-28.0
965,City Of Arabia,Wadi Al Safa 4,Dubai Properties,Finished,Standard,100.0,202,1,0,0,203,2008-12-01,2020-06-14,2008.0,2020.0,4213.0,True,False,True,False,False,,>70% built,100.0,0.0
375932232,Al Barari,Wadi Al Safa 3,Abwab Real Estate,Finished,Standard,100.0,0,0,0,60,60,2021-10-11,2023-03-30,2021.0,2023.0,535.0,True,False,True,False,False,,>70% built,100.0,0.0
1303,Dubai Sports City,Al Hebiah Fourth,Dubai Sports City,Finished,Standard,100.0,84,1,0,0,85,2010-11-09,2010-05-20,2010.0,2010.0,,True,False,True,False,False,,>70% built,100.0,0.0
612809940,Dubai South Residential District,Madinat Al Mataar,Dubai Aviation City Corporation,Active,Standard,65.0,72,1,0,0,73,2023-12-27,2025-06-26,2023.0,2025.0,547.0,False,True,False,True,False,13.3,30-70% built,48.0,17.0
554109961,The World,World Islands,The World,Active,Standard,50.0,0,0,1,0,1,,,,,,False,True,False,False,False,,30-70% built,,
345471078,DAMAC HILLS,Al Hebiah Third,Dubailand Residences,Finished,Standard,100.0,0,0,0,250,250,2021-05-01,2024-01-29,2021.0,2024.0,1003.0,True,False,True,False,False,,>70% built,100.0,0.0
710607095,Mohammed Bin Rashid AL Maktoum District 11,Wadi Al Safa 3,Meydan Group,Not Started,Standard,0.0,0,0,22,0,22,2025-03-25,2028-01-24,2025.0,2028.0,1035.0,False,True,False,False,False,,<30% built,0.0,0.0
11705020,Dubai South Residential District,Madinat Al Mataar,Dubai World Trade Centre,Finished,Standard,100.0,972,5,0,0,977,2014-06-01,2019-08-07,2014.0,2019.0,1893.0,True,False,True,False,False,,>70% built,100.0,0.0
755968043,Dubai International Financial Center,Zaabeel Second,Arada Developments,Not Started,Standard,0.0,546,2,0,0,548,2026-05-01,2029-10-31,2026.0,2029.0,1279.0,False,True,False,False,False,,<30% built,0.0,0.0
818323478,WARSAN FIRST DEVELOPMENT,Al Warsan First,Meraas,Pending,Standard,0.0,0,0,0,0,0,2025-12-01,2026-12-01,2025.0,2026.0,365.0,False,True,False,False,False,,<30% built,0.0,0.0
531438771,Dubai Sports City,Al Hebiah Fourth,Dubai Sports City,Active,Standard,65.0,209,1,0,0,210,2023-08-01,,2023.0,,,False,True,False,False,False,,30-70% built,48.0,17.0
418,Business Bay,Business Bay,Business Bay,Finished,Standard,100.0,222,1,0,0,223,2010-06-01,2013-12-12,2010.0,2013.0,1290.0,True,False,True,False,False,,>70% built,100.0,0.0
44122495,DAMAC HILLS 2,Madinat Hind 4,Front Line Investment Management,Finished,Standard,100.0,230,18,0,7,255,2017-03-12,2022-05-31,2017.0,2022.0,1906.0,True,False,True,False,False,,>70% built,100.0,0.0
799766902,Jumeirah Golf Estates - Phase B,Me'Aisem First,JGE Real Estate,Not Started,Standard,0.0,0,0,0,184,184,2025-08-20,2028-09-18,2025.0,2028.0,1125.0,False,True,False,False,False,,<30% built,0.0,0.0
1135,Dubai Sports City,Al Hebiah Fourth,Dubai Sports City,Finished,Standard,100.0,126,1,0,0,127,2008-10-20,2015-05-31,2008.0,2015.0,2414.0,True,False,True,False,False,,>70% built,100.0,0.0
248622120,Dubai World Central,Madinat Al Mataar,Emaar Dubai South DWC,Finished,Standard,100.0,0,0,286,46,332,2019-09-01,2024-01-18,2019.0,2024.0,1600.0,True,False,True,False,False,,>70% built,100.0,0.0
1293,Jumeirah Lakes Towers,Al Thanyah Fifth,DMCC (Dubai Multi Commodities Centre),Finished,Standard,100.0,348,1,0,0,349,2010-07-16,2010-11-28,2010.0,2010.0,135.0,True,False,True,False,False,,>70% built,100.0,0.0
47941979,Al Furjan,Jabal Ali First,Nakheel,Finished,Standard,100.0,108,1,0,0,109,2016-01-04,2017-12-31,2016.0,2017.0,727.0,True,False,True,False,False,,>70% built,100.0,0.0
733589624,Meydan One Community,Al Merkadh,Meydan Group,Active,Standard,54.0,82,1,0,0,83,2025-03-13,2027-03-13,2025.0,2027.0,730.0,False,True,False,False,False,,30-70% built,0.0,54.0
669285539,Motor City,Al Hebiah First,Union Properties PJSC,Active,Standard,4.0,2341,6,0,0,2347,2024-10-03,2028-12-31,2024.0,2028.0,1550.0,False,True,False,False,False,,<30% built,8.0,-4.0
565895511,Arjan,Al Barshaa South Third,Liwan,Active,Standard,5.0,249,1,0,0,250,2024-04-01,,2024.0,,,False,True,False,False,False,,<30% built,8.0,-3.0
540489644,Business Bay,Business Bay,Business Bay,Active,Standard,33.0,238,2,0,0,240,2023-10-01,2025-12-31,2023.0,2025.0,822.0,False,True,False,True,False,7.1,30-70% built,48.0,-15.0
351,Jumeirah Lakes Towers,Al Thanyah Fifth,DMCC (Dubai Multi Commodities Centre),Finished,Standard,100.0,275,1,0,0,276,2007-09-09,2013-02-11,2007.0,2013.0,1982.0,True,False,True,False,False,,>70% built,100.0,0.0
582784296,Jumeirah Village Triangle,Al Barsha South Fifth,Jumeirah Village,Active,Standard,12.0,61,1,0,0,62,2024-01-15,2025-03-31,2024.0,2025.0,441.0,False,True,False,True,True,16.1,<30% built,8.0,4.0
742369548,Mohammed Bin Rashid AL Maktoum District 11,Wadi Al Safa 3,Meydan Group,Not Started,Standard,0.0,49,1,0,0,50,2025-09-01,2028-09-01,2025.0,2028.0,1096.0,False,True,False,False,False,,<30% built,0.0,0.0
650635866,Dubai Health Care City Phase 2,Al Jadaf,Dubai Healthcare City,Active,Standard,30.0,178,1,0,0,179,2024-09-01,2025-12-31,2024.0,2025.0,486.0,False,True,False,True,False,7.1,<30% built,8.0,22.0
737809199,Palm Deira,Palm Deira,Nakheel,Not Started,Standard,0.0,71,1,0,0,72,2025-05-20,2027-03-20,2025.0,2027.0,669.0,False,True,False,False,False,,<30% built,0.0,0.0
757449726,Liwan1,Wadi Al Safa 2,Liwan,Pending,Standard,0.0,118,1,0,0,119,2025-06-01,2027-06-01,2025.0,2027.0,730.0,False,True,False,False,False,,<30% built,0.0,0.0
25242746,Business Bay,Business Bay,Business Bay,Finished,Standard,100.0,581,1,0,0,582,2015-10-01,2020-02-27,2015.0,2020.0,1610.0,True,False,True,False,False,,>70% built,100.0,0.0
30284679,,Al Thanyah Fifth,DMCC (Dubai Multi Commodities Centre),Finished,Standard,100.0,82,1,0,0,83,2015-01-15,2019-07-31,2015.0,2019.0,1658.0,True,False,True,False,False,,>70% built,100.0,0.0
543121347,Jumeirah Village Triangle,Al Barsha South Fifth,Jumeirah Village,Finished,Standard,100.0,141,1,0,0,142,2022-10-05,,2022.0,,,True,False,True,False,False,,>70% built,100.0,0.0
556151406,Dubai South Residential District,Madinat Al Mataar,Dubai Aviation City Corporation,Active,Standard,37.0,0,0,138,48,186,2024-04-30,,2024.0,,,False,True,False,False,False,,30-70% built,8.0,29.0
616120804,Dubai South Residential District,Madinat Al Mataar,Dubai Aviation City Corporation,Active,Standard,17.0,48,1,0,0,49,2024-10-01,2026-09-30,2024.0,2026.0,729.0,False,True,False,False,False,,<30% built,8.0,9.0
483917929,Dubai Maritime City,Madinat Dubai Almelaheyah,Dubai Maritime City,Active,Standard,48.0,585,1,0,0,586,2023-09-01,2026-10-31,2023.0,2026.0,1156.0,False,True,False,False,False,,30-70% built,48.0,0.0
637325436,Jumeirah Village Circle,Al Barsha South Fourth,Nakheel,Finished,Standard,100.0,105,2,0,0,107,2023-11-13,2025-02-28,2023.0,2025.0,473.0,True,False,True,False,False,,>70% built,48.0,52.0
739735993,Dubai Maritime City,Madinat Dubai Almelaheyah,Dubai Maritime City,Not Started,Standard,0.0,268,1,0,0,269,2025-10-10,2028-07-10,2025.0,2028.0,1004.0,False,True,False,False,False,,<30% built,0.0,0.0
447566426,,Al Hebiah Fifth,Wahat Al Jazeera Real Estate,Active,Standard,53.0,0,0,0,575,575,2023-02-12,2025-12-31,2023.0,2025.0,1053.0,False,True,False,True,False,7.1,30-70% built,48.0,5.0
11542112,DAMAC HILLS,Al Hebiah Third,DAMAC Crescent Properties,Finished,Standard,100.0,168,2,0,0,170,2014-06-01,2018-12-11,2014.0,2018.0,1654.0,True,False,True,False,False,,>70% built,100.0,0.0
176454885,International City Phase 3,Warsan Fourth,International City,Finished,Standard,100.0,69,1,0,0,70,2018-07-01,2021-02-28,2018.0,2021.0,973.0,True,False,True,False,False,,>70% built,100.0,0.0
238037167,Dubai Creek Harbour,Al Khairan First,Dubai Creek Harbour,Finished,Standard,100.0,305,4,0,0,309,2019-04-23,2022-10-06,2019.0,2022.0,1262.0,True,False,True,False,False,,>70% built,100.0,0.0
763750218,Palm Deira,Palm Deira,Nakheel,Not Started,Standard,0.0,257,4,0,0,261,2025-08-17,2028-09-15,2025.0,2028.0,1125.0,False,True,False,False,False,,<30% built,0.0,0.0
244600848,Dubai Hills Estate,Hadaeq Sheikh Mohammed Bin Rashid,Dubai Hills Estate,Finished,Standard,100.0,308,2,0,0,310,2019-07-12,2023-10-08,2019.0,2023.0,1549.0,True,False,True,False,False,,>70% built,100.0,0.0
148614974,Meydan One Community,Al Merkadh,Meydan Group,Finished,Standard,100.0,282,1,0,0,283,2017-12-15,2023-07-14,2017.0,2023.0,2037.0,True,False,True,False,False,,>70% built,100.0,0.0
44,Business Bay,Business Bay,Dubai Properties,Finished,Standard,100.0,332,1,0,0,333,2006-09-06,2011-03-27,2006.0,2011.0,1663.0,True,False,True,False,False,,>70% built,100.0,0.0
577695630,,Business Bay,Business Bay,Active,Standard,5.0,1346,1,0,0,1347,2024-07-01,,2024.0,,,False,True,False,False,False,,<30% built,8.0,-3.0
400,Jumeirah Village Circle,Al Barsha South Fourth,Jumeirah Village,Finished,Standard,100.0,0,0,15,0,15,2009-06-24,2011-05-19,2009.0,2011.0,694.0,True,False,True,False,False,,>70% built,100.0,0.0
158930255,Jumeirah Village Triangle,Al Barsha South Fifth,Jumeirah Village,Finished,Standard,100.0,60,1,0,0,61,2017-03-16,2020-06-11,2017.0,2020.0,1183.0,True,False,True,False,False,,>70% built,100.0,0.0
627820936,Nad Al Sheba Gardens,Nad Al Shiba First,Shamal Real Estate,Active,Standard,50.0,58,1,0,0,59,2024-08-01,2026-08-01,2024.0,2026.0,730.0,False,True,False,True,False,0.1,30-70% built,8.0,42.0
687015537,Silicon Oasis,Nadd Hessa,Dubai Integrated Economic Zones,Not Started,Standard,0.0,164,1,0,0,165,2024-10-01,2026-09-30,2024.0,2026.0,729.0,False,True,False,False,False,,<30% built,8.0,-8.0
582979045,,Al Thanyah Third,Emaar Properties,Finished,Standard,100.0,0,0,306,80,386,2006-01-01,2006-01-01,2006.0,2006.0,0.0,True,False,True,False,False,,>70% built,100.0,0.0
14230291,DAMAC HILLS 2,Madinat Hind 4,Front Line Investment Management,Finished,Standard,100.0,0,0,0,168,168,2015-02-01,2022-03-16,2015.0,2022.0,2600.0,True,False,True,False,False,,>70% built,100.0,0.0
15428444,Dubai Studio City,Al Hebiah Second,TECOM Investments,Finished,Standard,100.0,151,1,0,0,152,2015-01-01,2017-07-23,2015.0,2017.0,934.0,True,False,True,False,False,,>70% built,100.0,0.0
361432410,LA MER,Jumeirah First,Meraas,Finished,Standard,100.0,151,3,0,0,154,2021-08-20,2024-02-20,2021.0,2024.0,914.0,True,False,True,False,False,,>70% built,100.0,0.0
16544176,Dubai Maritime City,Madinat Dubai Almelaheyah,Dubai Maritime City,Finished,Standard,100.0,233,1,0,0,234,2014-11-01,2021-12-13,2014.0,2021.0,2599.0,True,False,True,False,False,,>70% built,100.0,0.0
710563109,Al Furjan,Jabal Ali First,Al Furjan,Not Started,Standard,0.0,78,1,0,0,79,2025-03-01,2027-03-01,2025.0,2027.0,730.0,False,True,False,False,False,,<30% built,0.0,0.0
81544667,Arjan,Al Barshaa South Third,Liwan,Finished,Standard,100.0,194,2,0,0,196,2017-02-10,2018-05-22,2017.0,2018.0,466.0,True,False,True,False,False,,>70% built,100.0,0.0
1453,Liwan1,Wadi Al Safa 2,Remraam,Finished,Standard,100.0,0,0,6,0,6,2009-05-01,2010-07-12,2009.0,2010.0,437.0,True,False,True,False,False,,>70% built,100.0,0.0
12753412,Dubiotech,Al Barshaa South Second,TECOM Investments,Finished,Standard,100.0,0,0,0,165,165,2014-03-23,2017-06-18,2014.0,2017.0,1183.0,True,False,True,False,False,,>70% built,100.0,0.0
459999482,TOWN SQUARE,Al Yelayiss 2,Nshama,Finished,Standard,100.0,153,1,0,0,154,2023-03-01,2024-11-30,2023.0,2024.0,640.0,True,False,True,False,False,,>70% built,48.0,52.0
614152458,Nad Al Sheba Gardens,Nad Al Shiba First,Shamal Real Estate,Active,Standard,20.0,47,1,0,0,48,2024-05-08,2025-11-08,2024.0,2025.0,549.0,False,True,False,True,True,8.8,<30% built,8.0,12.0
817829894,Falcon City,Wadi Al Safa 2,HRE Real Estate Development,Pending,Standard,0.0,1429,4,0,0,1433,2026-03-01,2029-06-30,2026.0,2029.0,1217.0,False,True,False,False,False,,<30% built,0.0,0.0
413473882,,Zaabeel First,One Za'abeel,Finished,Standard,100.0,486,2,0,1,489,2016-01-03,2023-12-29,2016.0,2023.0,2917.0,True,False,True,False,False,,>70% built,100.0,0.0
139543242,Jumeirah Village Circle,Al Barsha South Fourth,Jumeirah Village,Finished,Standard,100.0,370,1,0,0,371,2017-12-01,2020-12-31,2017.0,2020.0,1126.0,True,False,True,False,False,,>70% built,100.0,0.0
712350042,City Walk,Al Wasl,Meraas,Not Started,Standard,0.0,195,2,0,0,197,2025-04-16,2028-12-10,2025.0,2028.0,1334.0,False,True,False,False,False,,<30% built,0.0,0.0
1042,Dubai Investment Park Second,Dubai Investment Park Second,Dubai Investments Park Development,Finished,Standard,100.0,1066,12,0,0,1078,2008-01-21,2011-06-05,2008.0,2011.0,1231.0,True,False,True,False,False,,>70% built,100.0,0.0
870,Silicon Oasis,Nadd Hessa,Dubai Integrated Economic Zones,Finished,Standard,100.0,390,2,0,0,392,2007-09-22,2010-12-30,2007.0,2010.0,1195.0,True,False,True,False,False,,>70% built,100.0,0.0
798855512,Down Town Jabal Ali,Jabal Ali Industrial Second,Nakheel,Pending,Standard,0.0,420,1,0,0,421,2025-08-04,2027-08-04,2025.0,2027.0,730.0,False,True,False,False,False,,<30% built,0.0,0.0
295963039,Dubai Studio City,Al Hebiah Second,TECOM Investments,Finished,Standard,100.0,229,1,0,0,230,2020-08-01,2023-04-30,2020.0,2023.0,1002.0,True,False,True,False,False,,>70% built,100.0,0.0
810596965,Palm Deira,Palm Deira,Nakheel,Pending,Standard,0.0,0,0,0,0,0,2025-09-20,2027-05-30,2025.0,2027.0,617.0,False,True,False,False,False,,<30% built,0.0,0.0
674773564,City Of Arabia,Wadi Al Safa 4,Ilyas & Mustafa Galadari Real Estate,Not Started,Standard,0.0,1628,2,0,0,1630,2024-12-31,2027-12-31,2024.0,2027.0,1095.0,False,True,False,False,False,,<30% built,8.0,-8.0
168250613,Dubai Sports City,Al Hebiah Fourth,Dubai Sports City,Finished,Standard,100.0,160,1,0,0,161,2017-04-26,2022-08-15,2017.0,2022.0,1937.0,True,False,True,False,False,,>70% built,100.0,0.0
248517131,,Wadi Al Safa 5,Dubai Properties,Finished,Standard,100.0,0,0,154,41,195,2019-07-14,2023-10-18,2019.0,2023.0,1557.0,True,False,True,False,False,,>70% built,100.0,0.0
367302335,,Al Yufrah 1,Emaar Development,Finished,Standard,100.0,0,0,372,56,428,2021-12-01,2024-12-30,2021.0,2024.0,1125.0,True,False,True,False,False,,>70% built,100.0,0.0
752952418,Dubai World Central,Madinat Al Mataar,Dubai Aviation City Corporation,Not Started,Standard,0.0,0,0,287,46,333,2025-11-01,2028-10-31,2025.0,2028.0,1095.0,False,True,False,False,False,,<30% built,0.0,0.0
777,Silicon Oasis,Nadd Hessa,Dubai Integrated Economic Zones,Finished,Standard,100.0,124,1,0,0,125,2009-02-24,2013-08-15,2009.0,2013.0,1633.0,True,False,True,False,False,,>70% built,100.0,0.0
12331295,Jumeirah Village Circle,Al Barsha South Fourth,Jumeirah Village,Finished,Standard,100.0,128,1,0,0,129,2014-04-15,2016-06-29,2014.0,2016.0,806.0,True,False,True,False,False,,>70% built,100.0,0.0
635495813,Jumeirah Village Circle,Al Barsha South Fourth,Jumeirah Village,Not Started,Standard,0.0,253,1,0,0,254,2024-10-30,2027-12-31,2024.0,2027.0,1157.0,False,True,False,False,False,,<30% built,8.0,-8.0
430930040,Jumeirah Village Circle,Al Barsha South Fourth,Jumeirah Village,Finished,Standard,100.0,283,2,0,0,285,2022-01-01,2024-01-26,2022.0,2024.0,755.0,True,False,True,False,False,,>70% built,100.0,0.0
346491311,Meydan One Community,Al Merkadh,Meydan Group,Finished,Standard,100.0,134,1,0,0,135,2018-04-15,2023-06-30,2018.0,2023.0,1902.0,True,False,True,False,False,,>70% built,100.0,0.0
22279261,Al Furjan,Jabal Ali First,Al Furjan,Finished,Standard,100.0,0,0,0,150,150,2014-10-19,2016-09-28,2014.0,2016.0,710.0,True,False,True,False,False,,>70% built,100.0,0.0
1174,Business Bay,Business Bay,Business Bay,Finished,Standard,100.0,418,1,0,0,419,2007-02-20,2015-04-22,2007.0,2015.0,2983.0,True,False,True,False,False,,>70% built,100.0,0.0
758963457,Wasl Gate,Jabal Ali First,JAG Development,Not Started,Standard,0.0,256,1,0,0,257,2025-10-31,2028-05-31,2025.0,2028.0,943.0,False,True,False,False,False,,<30% built,0.0,0.0
140974993,TOWN SQUARE,Al Yelayiss 2,Nshama,Finished,Standard,100.0,960,2,0,0,962,2018-01-01,2021-03-30,2018.0,2021.0,1184.0,True,False,True,False,False,,>70% built,100.0,0.0
567,DownTown Dubai,Burj Khalifa,Business Bay,Finished,Standard,100.0,408,1,0,0,409,2007-11-26,2013-09-15,2007.0,2013.0,2120.0,True,False,True,False,False,,>70% built,100.0,0.0
532169501,International Media Production Zone,Me'Aisem First,DHAM (Dubai Holding Asset Management),Active,Standard,11.0,226,1,0,0,227,2024-03-01,,2024.0,,,False,True,False,False,False,,<30% built,8.0,3.0
677392827,Dubai Studio City,Al Hebiah Second,DHAM (Dubai Holding Asset Management),Active,Standard,2.0,379,1,0,0,380,2025-02-01,2028-01-31,2025.0,2028.0,1094.0,False,True,False,False,False,,<30% built,0.0,2.0
384722736,Jumeirah Village Circle,Al Barsha South Fourth,Jumeirah Village,Finished,Standard,100.0,212,1,0,0,213,2021-08-08,2023-02-28,2021.0,2023.0,569.0,True,False,True,False,False,,>70% built,100.0,0.0
525589770,Down Town Jabal Ali,Jabal Ali Industrial Second,Nakheel,Pending,Standard,23.0,536,1,0,0,537,2022-05-21,,2022.0,,,False,True,False,False,False,,<30% built,100.0,-77.0
147,The Greens,Al Thanyah Third,Emaar Properties,Finished,Standard,100.0,498,4,0,0,502,2008-05-15,2016-03-31,2008.0,2016.0,2877.0,True,False,True,False,False,,>70% built,100.0,0.0
151622640,Meydan One Community,Al Merkadh,Meydan Group,Finished,Standard,100.0,248,1,0,0,249,2017-11-01,2022-12-31,2017.0,2022.0,1886.0,True,False,True,False,False,,>70% built,100.0,0.0
1294,Jumeirah Lakes Towers,Al Thanyah Fifth,DMCC (Dubai Multi Commodities Centre),Finished,Standard,100.0,348,1,0,0,349,2010-07-16,2011-01-17,2010.0,2011.0,185.0,True,False,True,False,False,,>70% built,100.0,0.0
812874886,Dubai Studio City,Al Hebiah Second,DHAM (Dubai Holding Asset Management),Pending,Standard,27.0,0,0,0,0,0,2025-05-01,2026-07-30,2025.0,2026.0,455.0,False,True,False,True,True,0.2,<30% built,0.0,27.0
686227292,Al Furjan,Jabal Ali First,Al Furjan,Active,Standard,3.0,105,1,0,0,106,2025-03-15,2027-01-15,2025.0,2027.0,671.0,False,True,False,False,False,,<30% built,0.0,3.0
422740774,International Media Production Zone,Me'Aisem First,TECOM Investments,Finished,Standard,100.0,120,1,0,0,121,2021-06-01,,2021.0,,,True,False,True,False,False,,>70% built,100.0,0.0
718489977,Jumeirah Village Circle,Al Barsha South Fourth,Nakheel,Not Started,Standard,0.0,710,3,0,0,713,2025-02-15,2026-02-28,2025.0,2026.0,378.0,False,True,False,True,True,5.2,<30% built,0.0,0.0
148741033,Mohammed Bin Rashid AL Maktoum City -District -1 Community,Al Merkadh,District One,Finished,Standard,100.0,73,1,0,0,74,2017-12-01,2022-10-06,2017.0,2022.0,1770.0,True,False,True,False,False,,>70% built,100.0,0.0
6562167,DownTown Dubai,Burj Khalifa,Emaar Properties,Finished,Standard,100.0,286,1,0,0,287,2013-06-08,2019-01-16,2013.0,2019.0,2048.0,True,False,True,False,False,,>70% built,100.0,0.0
428526052,Business Bay,Business Bay,Business Bay,Active,Standard,91.0,82,1,0,0,83,2022-06-24,2025-06-14,2022.0,2025.0,1086.0,False,True,False,True,False,13.7,>70% built,100.0,-9.0
636385355,Dubai Health Care City Phase 2,Al Jadaf,Dubai Healthcare City,Active,Standard,32.0,785,1,0,0,786,2024-07-31,2026-03-31,2024.0,2026.0,608.0,False,True,False,True,False,4.1,30-70% built,8.0,24.0
151278374,Dubai Land Residence Complex,Wadi Al Safa 5,Dubailand Residences,Finished,Standard,100.0,244,1,0,0,245,2017-04-21,2022-01-04,2017.0,2022.0,1719.0,True,False,True,False,False,,>70% built,100.0,0.0
27826933,City Walk,Al Wasl,City Walk Residential 1,Finished,Standard,100.0,166,2,0,0,168,2013-05-18,2016-12-07,2013.0,2016.0,1299.0,True,False,True,False,False,,>70% built,100.0,0.0
606175301,TOWN SQUARE,Al Yelayiss 2,Nshama,Active,Standard,5.0,196,1,0,0,197,2024-11-04,2027-02-26,2024.0,2027.0,844.0,False,True,False,False,False,,<30% built,8.0,-3.0
488502589,Dubai Land Residence Complex,Wadi Al Safa 5,Dubailand Residences,Active,Standard,52.0,234,1,0,0,235,2023-03-31,2027-03-31,2023.0,2027.0,1461.0,False,True,False,False,False,,30-70% built,48.0,4.0
444916071,,Al Wasl,Meraas,Active,Standard,50.0,169,1,0,0,170,2021-09-11,2027-01-27,2021.0,2027.0,1964.0,False,True,False,False,False,,30-70% built,100.0,-50.0
580740672,Jumeirah Village Circle,Al Barsha South Fourth,Nakheel,Pending,Standard,0.0,0,0,13,0,13,2023-12-31,,2023.0,,,False,True,False,False,False,,<30% built,48.0,-48.0
725638879,,Me'Aisem Second,Emaar Development,Not Started,Standard,0.0,0,0,0,486,486,2025-05-07,2029-06-30,2025.0,2029.0,1515.0,False,True,False,False,False,,<30% built,0.0,0.0
751787381,Palm Deira,Palm Deira,Nakheel,Not Started,Standard,0.0,108,1,0,0,109,2025-07-01,2027-12-15,2025.0,2027.0,897.0,False,True,False,False,False,,<30% built,0.0,0.0
268255748,Dubai Creek Harbour,Al Khairan First,Dubai Creek Harbour,Finished,Standard,100.0,233,2,0,0,235,2019-09-23,2023-04-12,2019.0,2023.0,1297.0,True,False,True,False,False,,>70% built,100.0,0.0
767449754,,Al Yelayiss 1,DAMAC Elite Investment,Not Started,Standard,0.0,0,0,0,473,473,2025-11-30,2029-06-30,2025.0,2029.0,1308.0,False,True,False,False,False,,<30% built,0.0,0.0
507,Dubai Land Residence Complex,Wadi Al Safa 5,Dubai Properties,Finished,Standard,100.0,70,1,0,0,71,2009-07-15,2011-02-14,2009.0,2011.0,579.0,True,False,True,False,False,,>70% built,100.0,0.0
623039567,Dubai South Residential District,Madinat Al Mataar,Dubai Aviation City Corporation,Active,Standard,40.0,113,2,0,0,115,2024-04-07,2025-10-06,2024.0,2025.0,547.0,False,True,False,True,False,9.9,30-70% built,8.0,32.0
727844957,Dubai South Residential District,Madinat Al Mataar,Dubai Aviation City Corporation,Not Started,Standard,0.0,132,1,0,0,133,2025-03-01,2027-02-28,2025.0,2027.0,729.0,False,True,False,False,False,,<30% built,0.0,0.0
45,Business Bay,Business Bay,Dubai Properties,Finished,Standard,100.0,419,1,0,0,420,2006-07-01,2010-01-10,2006.0,2010.0,1289.0,True,False,True,False,False,,>70% built,100.0,0.0
46953486,Arjan,Al Barshaa South Third,Liwan,Finished,Standard,100.0,444,3,0,0,447,2017-04-01,2020-02-03,2017.0,2020.0,1038.0,True,False,True,False,False,,>70% built,100.0,0.0
8,Jumeirah Lakes Towers,Al Thanyah Fifth,DMCC (Dubai Multi Commodities Centre),Finished,Standard,100.0,244,1,0,0,245,2007-02-04,2010-05-03,2007.0,2010.0,1184.0,True,False,True,False,False,,>70% built,100.0,0.0
129,Dubai Marina,Marsa Dubai,Emaar Properties,Finished,Standard,100.0,596,4,0,0,600,2008-11-26,2011-08-17,2008.0,2011.0,994.0,True,False,True,False,False,,>70% built,100.0,0.0
742340700,WARSAN FIRST DEVELOPMENT,Al Warsan First,Meraas,Pending,Standard,0.0,48,1,0,0,49,2025-10-12,2027-02-12,2025.0,2027.0,488.0,False,True,False,False,False,,<30% built,0.0,0.0
687369182,Dubai World Central,Madinat Al Mataar,Emaar Dubai South DWC,Not Started,Standard,0.0,158,1,0,0,159,2025-05-23,2028-12-31,2025.0,2028.0,1318.0,False,True,False,False,False,,<30% built,0.0,0.0
777230376,Dubai South Residential District,Madinat Al Mataar,Dubai Aviation City Corporation,Pending,Standard,0.0,104,1,0,0,105,2025-09-01,2028-09-30,2025.0,2028.0,1125.0,False,True,False,False,False,,<30% built,0.0,0.0
377942064,SOBHA HARTLAND,Al Merkadh,Sobha,Finished,Standard,100.0,440,1,0,0,441,2021-08-01,2023-10-31,2021.0,2023.0,821.0,True,False,True,False,False,,>70% built,100.0,0.0
796936532,,Trade Center First,Meydan Group,Pending,Standard,0.0,355,1,0,0,356,2025-10-15,2029-03-15,2025.0,2029.0,1247.0,False,True,False,False,False,,<30% built,0.0,0.0
781276253,Jumeirah Garden City,Al Satwa,Meraas,Pending,Standard,0.0,0,0,0,0,0,2025-08-01,2028-07-31,2025.0,2028.0,1095.0,False,True,False,False,False,,<30% built,0.0,0.0
32791325,City Walk,Al Wasl,Meraas,Finished,Standard,100.0,196,4,0,0,200,2014-05-01,2017-01-15,2014.0,2017.0,990.0,True,False,True,False,False,,>70% built,100.0,0.0
417144298,Al Furjan,Jabal Ali First,Al Furjan,Finished,Standard,100.0,279,1,0,0,280,2022-11-01,2025-03-31,2022.0,2025.0,881.0,True,False,True,False,False,,>70% built,100.0,0.0
431,Dubai Marina,Marsa Dubai,Emaar Properties,Finished,Standard,100.0,585,1,0,0,586,2006-03-01,2010-10-20,2006.0,2010.0,1694.0,True,False,True,False,False,,>70% built,100.0,0.0
655865596,Jumeirah Village Circle,Al Barsha South Fourth,Jumeirah Village,Not Started,Standard,0.0,379,1,0,0,380,2024-11-01,2027-10-31,2024.0,2027.0,1094.0,False,True,False,False,False,,<30% built,8.0,-8.0
525654964,Jumeirah Village Circle,Al Barsha South Fourth,Jumeirah Village,Active,Standard,18.0,57,1,0,0,58,2023-06-01,,2023.0,,,False,True,False,False,False,,<30% built,48.0,-30.0
349,Business Bay,Business Bay,Dubai Properties,Finished,Standard,100.0,300,1,0,0,301,2007-07-29,2010-08-23,2007.0,2010.0,1121.0,True,False,True,False,False,,>70% built,100.0,0.0
741150048,,Dubai Investment Park Second,DAMAC Meree Investment,Not Started,Standard,0.0,824,5,0,0,829,2025-08-11,2029-03-31,2025.0,2029.0,1328.0,False,True,False,False,False,,<30% built,0.0,0.0
12193740,Jumeirah Village Circle,Al Barsha South Fourth,Jumeirah Village,Finished,Standard,100.0,418,1,0,0,419,2014-06-01,2019-03-24,2014.0,2019.0,1757.0,True,False,True,False,False,,>70% built,100.0,0.0
8481176,DAMAC HILLS,Al Hebiah Third,DAMAC Crescent Properties,Finished,Standard,100.0,0,0,0,174,174,2013-07-01,2016-09-20,2013.0,2016.0,1177.0,True,False,True,False,False,,>70% built,100.0,0.0
323,Dubai Sports City,Al Hebiah Fourth,Dubai Sports City,Finished,Standard,100.0,612,3,0,0,615,2008-07-15,2014-11-05,2008.0,2014.0,2304.0,True,False,True,False,False,,>70% built,100.0,0.0
654451589,Dubai Water Canal,Jumeirah Second,Meydan Group,Pending,Standard,0.0,19,2,0,0,21,2022-03-01,2026-09-30,2022.0,2026.0,1674.0,False,True,False,False,False,,<30% built,100.0,-100.0
916,Silicon Oasis,Nadd Hessa,Dubai Integrated Economic Zones,Finished,Standard,100.0,68,1,0,0,69,2008-06-04,2010-04-04,2008.0,2010.0,669.0,True,False,True,False,False,,>70% built,100.0,0.0
24,Arjan,Al Barshaa South Third,Remraam,Finished,Standard,100.0,195,3,0,0,198,2009-03-01,2013-03-05,2009.0,2013.0,1465.0,True,False,True,False,False,,>70% built,100.0,0.0
418872890,Business Bay,Business Bay,Business Bay,Finished,Standard,100.0,328,1,0,0,329,2022-06-10,2024-12-31,2022.0,2024.0,935.0,True,False,True,False,False,,>70% built,100.0,0.0
533686644,,Um Suqaim Third,Jumeirah Hills Development,Active,Standard,8.0,236,3,0,0,239,2023-11-25,2026-11-25,2023.0,2026.0,1096.0,False,True,False,False,False,,<30% built,48.0,-40.0
136628258,Jumeirah Golf Estates,Me'Aisem First,Jumeirah Golf Estates,Finished,Standard,100.0,0,0,165,37,202,2017-09-01,2021-06-30,2017.0,2021.0,1398.0,True,False,True,False,False,,>70% built,100.0,0.0
610850242,Nad Al Sheba Gardens,Nad Al Shiba First,Shamal Real Estate,Active,Standard,1.0,0,0,153,80,233,2024-10-01,,2024.0,,,False,True,False,False,False,,<30% built,8.0,-7.0
650079654,Palm Deira,Palm Deira,Nakheel,Active,Standard,5.0,102,1,0,0,103,2024-11-01,2027-12-31,2024.0,2027.0,1155.0,False,True,False,False,False,,<30% built,8.0,-3.0
695402862,,Wadi Al Safa 5,Dubai Properties,Active,Standard,1.0,0,0,386,82,468,2025-01-21,2028-08-21,2025.0,2028.0,1308.0,False,True,False,False,False,,<30% built,0.0,1.0
221706557,Meydan One Community,Al Merkadh,Meydan Group,Finished,Standard,100.0,335,1,0,0,336,2018-12-12,2024-03-04,2018.0,2024.0,1909.0,True,False,True,False,False,,>70% built,100.0,0.0
734499201,Palm Deira,Palm Deira,Palm Deira,Not Started,Standard,0.0,76,1,0,0,77,2025-11-17,2027-09-30,2025.0,2027.0,682.0,False,True,False,False,False,,<30% built,0.0,0.0
393014907,Wasl Gate,Jabal Ali First,JAG Development,Finished,Standard,100.0,0,0,0,91,91,2022-01-01,2024-06-01,2022.0,2024.0,882.0,True,False,True,False,False,,>70% built,100.0,0.0
537183397,Arjan,Al Barshaa South Third,Liwan,Active,Standard,7.0,344,1,0,0,345,2024-01-01,2026-12-31,2024.0,2026.0,1095.0,False,True,False,False,False,,<30% built,8.0,-1.0
444885393,Al Furjan,Jabal Ali First,Al Furjan,Finished,Standard,100.0,157,1,0,0,158,2022-09-30,2024-04-30,2022.0,2024.0,578.0,True,False,True,False,False,,>70% built,100.0,0.0
410808961,Jumeirah Village Triangle,Al Barsha South Fifth,Jumeirah Village,Finished,Standard,100.0,228,1,0,0,229,2022-02-18,2024-07-25,2022.0,2024.0,888.0,True,False,True,False,False,,>70% built,100.0,0.0
577001715,,Al Hebiah Fifth,Wahat Al Jazeera Real Estate,Active,Standard,27.0,162,3,0,0,165,2024-04-06,,2024.0,,,False,True,False,False,False,,<30% built,8.0,19.0
12597060,Al Furjan,Jabal Ali First,Al Furjan,Finished,Standard,100.0,109,1,0,0,110,2014-06-02,2016-07-26,2014.0,2016.0,785.0,True,False,True,False,False,,>70% built,100.0,0.0
627334036,City Walk,Al Wasl,Meraas,Active,Standard,4.0,440,3,0,0,443,2024-11-15,2028-09-15,2024.0,2028.0,1400.0,False,True,False,False,False,,<30% built,8.0,-4.0
12596518,Al Furjan,Jabal Ali First,Al Furjan,Finished,Standard,100.0,99,2,0,0,101,2014-06-02,2016-09-04,2014.0,2016.0,825.0,True,False,True,False,False,,>70% built,100.0,0.0
216791544,,Um Suqaim Third,Jumeirah Hills Development,Finished,Standard,100.0,364,3,0,0,367,2019-02-01,2022-12-20,2019.0,2022.0,1418.0,True,False,True,False,False,,>70% built,100.0,0.0
267,Dubai Marina,Marsa Dubai,Emaar Properties,Finished,Standard,100.0,179,1,0,0,180,2007-07-17,2014-06-30,2007.0,2014.0,2540.0,True,False,True,False,False,,>70% built,100.0,0.0
79736684,Business Bay,Business Bay,Business Bay,Finished,Standard,100.0,463,1,0,0,464,2017-05-01,2021-05-03,2017.0,2021.0,1463.0,True,False,True,False,False,,>70% built,100.0,0.0
719,Dubai Sports City,Al Hebiah Fourth,Dubai Sports City,Finished,Standard,100.0,133,1,0,0,134,2008-12-02,2010-05-23,2008.0,2010.0,537.0,True,False,True,False,False,,>70% built,100.0,0.0
601609589,Jumeirah Village Circle,Al Barsha South Fourth,Jumeirah Village,Active,Standard,26.0,190,1,0,0,191,2024-06-01,2026-08-31,2024.0,2026.0,821.0,False,True,False,False,False,,<30% built,8.0,18.0
139350465,Meydan One Community,Al Merkadh,Meydan Group,Finished,Standard,100.0,250,1,0,0,251,2017-10-01,2022-12-31,2017.0,2022.0,1917.0,True,False,True,False,False,,>70% built,100.0,0.0
650040356,Palm Deira,Palm Deira,Nakheel,Active,Standard,22.0,68,1,0,0,69,2023-07-26,2027-04-30,2023.0,2027.0,1374.0,False,True,False,False,False,,<30% built,48.0,-26.0
297851131,Jumeirah Village Circle,Al Barsha South Fourth,Jumeirah Village,Finished,Standard,100.0,131,1,0,0,132,2019-10-07,2021-10-06,2019.0,2021.0,730.0,True,False,True,False,False,,>70% built,100.0,0.0
1119,Jumeirah Village Circle,Al Barsha South Fourth,Nakheel,Finished,Standard,100.0,189,2,0,0,191,2007-10-01,2012-05-01,2007.0,2012.0,1674.0,True,False,True,False,False,,>70% built,100.0,0.0
1306,Jumeirah Village Circle,Al Barsha South Fourth,Jumeirah Village,Finished,Standard,100.0,307,2,37,3,349,2010-03-28,2013-06-10,2010.0,2013.0,1170.0,True,False,True,False,False,,>70% built,100.0,0.0
699030595,Dubai Land Residence Complex,Wadi Al Safa 5,Dubailand Residences,Active,Standard,3.0,260,1,0,0,261,2024-12-25,2026-12-25,2024.0,2026.0,730.0,False,True,False,False,False,,<30% built,8.0,-5.0
447,International Media Production Zone,Me'Aisem First,TECOM Investments,Finished,Standard,100.0,863,3,0,0,866,2006-07-11,2008-12-25,2006.0,2008.0,898.0,True,False,True,False,False,,>70% built,100.0,0.0
658452822,Jumeirah Village Circle,Al Barsha South Fourth,Nakheel,Active,Standard,74.0,79,1,0,0,80,2024-06-16,2026-03-31,2024.0,2026.0,653.0,False,True,False,True,False,4.1,>70% built,8.0,66.0
769718938,Palm Deira,Palm Deira,Nakheel,Not Started,Standard,0.0,62,1,0,0,63,2025-06-15,2027-10-15,2025.0,2027.0,852.0,False,True,False,False,False,,<30% built,0.0,0.0
562214909,Jumeirah Village Circle,Al Barsha South Fourth,Jumeirah Village,Finished,Standard,100.0,650,1,0,0,651,2023-12-15,2024-12-31,2023.0,2024.0,382.0,True,False,True,False,False,,>70% built,48.0,52.0
381608826,Jumeirah Village Triangle,Al Barsha South Fifth,Jumeirah Village,Finished,Standard,100.0,94,1,0,0,95,2021-01-24,2023-01-19,2021.0,2023.0,725.0,True,False,True,False,False,,>70% built,100.0,0.0
467,Business Bay,Business Bay,Dubai Properties,Finished,Standard,100.0,221,3,0,0,224,2008-03-01,2011-04-25,2008.0,2011.0,1150.0,True,False,True,False,False,,>70% built,100.0,0.0
703970641,Dubai Land Residence Complex,Wadi Al Safa 5,Dubailand Residences,Active,Standard,1.0,260,1,0,0,261,2025-01-21,2027-01-21,2025.0,2027.0,730.0,False,True,False,False,False,,<30% built,0.0,1.0
268768457,Liwan1,Wadi Al Safa 2,Liwan,Finished,Standard,100.0,434,1,0,0,435,2019-09-30,2022-09-30,2019.0,2022.0,1096.0,True,False,True,False,False,,>70% built,100.0,0.0
330772223,,Wadi Al Safa 5,Dubai Properties,Finished,Standard,100.0,0,0,206,46,252,2021-03-06,2023-09-01,2021.0,2023.0,909.0,True,False,True,False,False,,>70% built,100.0,0.0
635,Jumeirah Village Circle,Al Barsha South Fourth,Jumeirah Village,Finished,Standard,100.0,419,1,0,0,420,2009-04-14,2015-12-27,2009.0,2015.0,2448.0,True,False,True,False,False,,>70% built,100.0,0.0
612493385,International City Phase 3,Warsan Fourth,International City,Active,Standard,48.0,74,1,0,0,75,2024-05-27,2025-08-30,2024.0,2025.0,460.0,False,True,False,True,False,11.1,30-70% built,8.0,40.0
53282667,DAMAC HILLS,Al Hebiah Third,DAMAC Crescent Properties,Finished,Standard,100.0,0,0,0,2,2,2017-06-13,2019-06-30,2017.0,2019.0,747.0,True,False,True,False,False,,>70% built,100.0,0.0
724,Jumeirah Village Circle,Al Barsha South Fourth,Jumeirah Village,Finished,Standard,100.0,73,1,0,0,74,2009-09-01,2010-12-31,2009.0,2010.0,486.0,True,False,True,False,False,,>70% built,100.0,0.0
51159261,DAMAC HILLS 2,Madinat Hind 4,Front Line Investment Management,Finished,Standard,100.0,0,0,0,405,405,2017-05-21,2022-08-25,2017.0,2022.0,1922.0,True,False,True,False,False,,>70% built,100.0,0.0
139119720,Palm Jumeirah,Palm Jumeirah,Jumeirah Village,Finished,Standard,100.0,1124,2,0,0,1126,2017-09-01,2022-10-31,2017.0,2022.0,1886.0,True,False,True,False,False,,>70% built,100.0,0.0
142,Jumeirah Village Circle,Al Barsha South Fourth,Jumeirah Village,Finished,Standard,100.0,870,5,96,6,977,2009-04-29,2013-12-03,2009.0,2013.0,1679.0,True,False,True,False,False,,>70% built,100.0,0.0
636402510,Dubai Sports City,Al Hebiah Fourth,Dubai Sports City,Active,Standard,51.0,266,1,0,0,267,2024-11-01,2026-01-15,2024.0,2026.0,440.0,False,True,False,True,False,6.6,30-70% built,8.0,43.0
617953905,Dubai Maritime City,Madinat Dubai Almelaheyah,Dubai Maritime City,Active,Standard,12.0,278,1,0,0,279,2024-07-01,2026-12-31,2024.0,2026.0,913.0,False,True,False,False,False,,<30% built,8.0,4.0
622,Dubai Sports City,Al Hebiah Fourth,Dubai Sports City,Finished,Standard,100.0,210,1,0,0,211,2008-07-19,2010-10-14,2008.0,2010.0,817.0,True,False,True,False,False,,>70% built,100.0,0.0
203219718,Arabian Ranches II - Camelia,Wadi Al Safa 7,Emaar Development,Finished,Standard,100.0,0,0,258,44,302,2019-01-27,2022-01-07,2019.0,2022.0,1076.0,True,False,True,False,False,,>70% built,100.0,0.0
1137,Dubai Sports City,Al Hebiah Fourth,Dubai Sports City,Finished,Standard,100.0,154,1,0,0,155,2008-10-20,2019-05-13,2008.0,2019.0,3857.0,True,False,True,False,False,,>70% built,100.0,0.0
742739158,Dubai South Residential District,Madinat Al Mataar,Dubai Aviation City Corporation,Not Started,Standard,0.0,64,1,0,0,65,2025-05-25,2027-05-25,2025.0,2027.0,730.0,False,True,False,False,False,,<30% built,0.0,0.0
800360525,,Bukadra,Meydan Group,Not Started,Standard,0.0,214,1,0,0,215,2025-08-07,2027-12-31,2025.0,2027.0,876.0,False,True,False,False,False,,<30% built,0.0,0.0
663181344,Dubai World Central,Madinat Al Mataar,Emaar Dubai South DWC,Active,Standard,6.0,0,0,148,36,184,2025-01-30,2029-03-31,2025.0,2029.0,1521.0,False,True,False,False,False,,<30% built,0.0,6.0
471508751,DownTown Dubai,Burj Khalifa,Emaar Properties,Active,Standard,26.0,163,1,0,0,164,2023-12-15,2026-12-31,2023.0,2026.0,1112.0,False,True,False,False,False,,<30% built,48.0,-22.0
32282647,Dubai Creek Harbour,Al Khairan First,The Lagoons (Phase 1),Finished,Standard,100.0,559,3,0,0,562,2016-12-22,2020-09-19,2016.0,2020.0,1367.0,True,False,True,False,False,,>70% built,100.0,0.0
609905403,Jumeirah Village Circle,Al Barsha South Fourth,Jumeirah Village,Active,Standard,45.0,552,1,0,0,553,2024-05-01,2026-04-30,2024.0,2026.0,729.0,False,True,False,True,False,3.2,30-70% built,8.0,37.0
759247224,Jumeirah Village Circle,Al Barsha South Fourth,Nakheel,Pending,Standard,0.0,86,1,0,0,87,2025-06-30,2026-12-30,2025.0,2026.0,548.0,False,True,False,False,False,,<30% built,0.0,0.0
638717832,,Bukadra,Meydan Group,Active,Standard,1.0,115,1,0,0,116,2024-11-15,2027-06-30,2024.0,2027.0,957.0,False,True,False,False,False,,<30% built,8.0,-7.0
709746450,Al Furjan,Jabal Ali First,Al Furjan,Not Started,Standard,0.0,59,1,0,0,60,2024-11-30,2026-05-30,2024.0,2026.0,546.0,False,True,False,True,True,2.2,<30% built,8.0,-8.0
600761227,,Um Suqaim Third,Jumeirah Hills Development,Not Started,Standard,0.0,244,3,0,0,247,2024-09-05,,2024.0,,,False,True,False,False,False,,<30% built,8.0,-8.0
6869110,DownTown Dubai,Burj Khalifa,Emaar Properties,Finished,Standard,100.0,289,1,0,0,290,2013-06-08,2019-07-22,2013.0,2019.0,2235.0,True,False,True,False,False,,>70% built,100.0,0.0
817275016,Majan,Wadi Al Safa 3,Liwan,Pending,Standard,0.0,0,0,0,0,0,2025-10-01,2027-02-28,2025.0,2027.0,515.0,False,True,False,False,False,,<30% built,0.0,0.0
795178819,Jumeirah Village Triangle,Al Barsha South Fifth,Nakheel,Not Started,Standard,0.0,612,1,0,0,613,2025-07-15,2027-06-15,2025.0,2027.0,700.0,False,True,False,False,False,,<30% built,0.0,0.0
461,Jumeirah Lakes Towers,Al Thanyah Fifth,DMCC (Dubai Multi Commodities Centre),Finished,Standard,100.0,188,1,0,0,189,2008-01-20,2008-11-06,2008.0,2008.0,291.0,True,False,True,False,False,,>70% built,100.0,0.0
717672690,Jumeirah Village Circle,Al Barsha South Fourth,Jumeirah Village,Not Started,Standard,0.0,182,1,0,0,183,2025-06-30,2027-09-30,2025.0,2027.0,822.0,False,True,False,False,False,,<30% built,0.0,0.0
644355617,DAMAC HILLS 2,Madinat Hind 4,Front Line Investment Management,Active,Standard,11.0,0,0,0,615,615,2024-12-18,2027-06-30,2024.0,2027.0,924.0,False,True,False,False,False,,<30% built,8.0,3.0
681061983,Dubai Maritime City,Madinat Dubai Almelaheyah,Dubai Maritime City,Active,Standard,4.0,258,1,0,0,259,2024-11-05,2028-12-30,2024.0,2028.0,1516.0,False,True,False,False,False,,<30% built,8.0,-4.0
769914994,Dubai World Central,Madinat Al Mataar,Dubai Aviation City Corporation,Not Started,Standard,0.0,1055,1,0,0,1056,2025-06-02,2027-06-02,2025.0,2027.0,730.0,False,True,False,False,False,,<30% built,0.0,0.0
662130902,Dubai Land Residence Complex,Wadi Al Safa 5,Dubailand Residences,Active,Standard,2.0,189,1,0,0,190,2024-11-30,2028-11-30,2024.0,2028.0,1461.0,False,True,False,False,False,,<30% built,8.0,-6.0
391624185,Meydan One Community,Al Merkadh,Meydan Group,Finished,Standard,100.0,185,1,0,0,186,2020-11-23,2024-01-18,2020.0,2024.0,1151.0,True,False,True,False,False,,>70% built,100.0,0.0
422,Down Town Jabal Ali,Jabal Ali Industrial Second,Limitless,Finished,Standard,100.0,387,3,0,0,390,2010-04-15,2013-03-12,2010.0,2013.0,1062.0,True,False,True,False,False,,>70% built,100.0,0.0
609908934,,Bukadra,Sobha,Active,Standard,22.0,913,1,0,0,914,2024-05-10,,2024.0,,,False,True,False,False,False,,<30% built,8.0,14.0
181881311,Al Furjan,Jabal Ali First,Al Furjan,Finished,Standard,100.0,98,1,0,0,99,2015-01-30,2018-09-09,2015.0,2018.0,1318.0,True,False,True,False,False,,>70% built,100.0,0.0
770843544,,Dubai Investment Park Second,Emaar Development,Not Started,Standard,0.0,0,0,0,245,245,2025-11-02,2029-04-30,2025.0,2029.0,1275.0,False,True,False,False,False,,<30% built,0.0,0.0
725528588,Dubai World Central,Madinat Al Mataar,Emaar Dubai South DWC,Not Started,Standard,0.0,224,1,0,0,225,2025-08-20,2029-07-31,2025.0,2029.0,1441.0,False,True,False,False,False,,<30% built,0.0,0.0
419224921,Silicon Oasis,Nadd Hessa,Dubai Integrated Economic Zones,Active,Standard,53.0,717,1,0,0,718,2022-08-01,2025-06-30,2022.0,2025.0,1064.0,False,True,False,True,False,13.1,30-70% built,100.0,-47.0
376108302,,Wadi Al Safa 5,Emaar Development,Finished,Standard,100.0,0,0,183,95,278,2022-02-10,2025-06-30,2022.0,2025.0,1236.0,True,False,True,False,False,,>70% built,100.0,0.0
629759937,Jumeirah Village Circle,Al Barsha South Fourth,Jumeirah Village,Active,Standard,38.0,275,1,0,0,276,2024-08-01,2025-12-31,2024.0,2025.0,517.0,False,True,False,True,False,7.1,30-70% built,8.0,30.0
808700174,Palm Deira,Palm Deira,Palm Deira,Not Started,Standard,0.0,50,1,0,0,51,2026-01-02,2027-12-01,2026.0,2027.0,698.0,False,True,False,False,False,,<30% built,0.0,0.0
255271253,Dubai Land Residence Complex,Wadi Al Safa 5,Dubailand Residences,Finished,Standard,100.0,578,1,0,0,579,2019-11-01,2023-01-30,2019.0,2023.0,1186.0,True,False,True,False,False,,>70% built,100.0,0.0
1478,Dubai Science Park,Al Barshaa South Second,TECOM Investments,Finished,Standard,0.0,0,0,0,0,0,,,,,,True,False,False,False,False,,<30% built,,
1280,Business Bay,Business Bay,Business Bay,Finished,Standard,100.0,1023,23,0,0,1046,2007-07-17,2014-08-24,2007.0,2014.0,2595.0,True,False,True,False,False,,>70% built,100.0,0.0
510870785,Jumeirah Village Circle,Al Barsha South Fourth,Jumeirah Village,Active,Standard,9.0,801,2,0,0,803,2023-11-01,,2023.0,,,False,True,False,False,False,,<30% built,48.0,-39.0
766306118,,Saih Shuaib 2,DHAM (Dubai Holding Asset Management),Not Started,Standard,0.0,510,2,0,0,512,2025-06-01,2028-05-15,2025.0,2028.0,1079.0,False,True,False,False,False,,<30% built,0.0,0.0
27460883,DAMAC HILLS 2,Madinat Hind 4,Front Line Investment Management,Finished,Standard,100.0,770,1,0,0,771,2016-07-01,2022-12-08,2016.0,2022.0,2351.0,True,False,True,False,False,,>70% built,100.0,0.0
16553236,TOWN SQUARE,Al Yelayiss 2,Nashmi Development,Finished,Standard,100.0,1197,8,320,41,1566,2015-06-01,2019-08-30,2015.0,2019.0,1551.0,True,False,True,False,False,,>70% built,100.0,0.0
652274028,Jumeirah Village Circle,Al Barsha South Fourth,Jumeirah Village,Active,Standard,14.0,194,1,0,0,195,2024-11-01,2025-12-31,2024.0,2025.0,425.0,False,True,False,True,True,7.1,<30% built,8.0,6.0
689326843,Arjan,Al Barshaa South Third,Liwan,Pending,Standard,0.0,328,1,0,0,329,2025-02-01,2027-08-31,2025.0,2027.0,941.0,False,True,False,False,False,,<30% built,0.0,0.0
752612360,Dubai South Residential District,Madinat Al Mataar,Dubai Aviation City Corporation,Not Started,Standard,0.0,48,1,0,0,49,2025-07-15,2027-07-15,2025.0,2027.0,730.0,False,True,False,False,False,,<30% built,0.0,0.0
12511983,Business Bay,Business Bay,Dubai Properties,Finished,Standard,100.0,161,1,0,0,162,2014-08-01,2018-12-16,2014.0,2018.0,1598.0,True,False,True,False,False,,>70% built,100.0,0.0
665141857,Barsha Heights,Al Thanyah First,DHAM (Dubai Holding Asset Management),Not Started,Standard,0.0,118,1,0,0,119,2025-03-01,2029-02-28,2025.0,2029.0,1460.0,False,True,False,False,False,,<30% built,0.0,0.0
49,Silicon Oasis,Nadd Hessa,Dubai Integrated Economic Zones,Finished,Standard,100.0,90,1,0,0,91,2008-01-28,2010-02-04,2008.0,2010.0,738.0,True,False,True,False,False,,>70% built,100.0,0.0
526724721,Arjan,Al Barshaa South Third,Liwan,Active,Standard,60.0,139,1,0,0,140,2023-10-01,,2023.0,,,False,True,False,False,False,,30-70% built,48.0,12.0
754571186,Meydan One Community,Al Merkadh,Meydan Group,Active,Standard,41.0,128,1,0,0,129,2025-05-01,2027-05-30,2025.0,2027.0,759.0,False,True,False,False,False,,30-70% built,0.0,41.0
47,International Media Production Zone,Me'Aisem First,TECOM Investments,Finished,Standard,100.0,348,1,0,0,349,2007-10-18,2012-07-01,2007.0,2012.0,1718.0,True,False,True,False,False,,>70% built,100.0,0.0
685,The Villa,Wadi Al Safa 5,Dubai Properties,Active,Standard,55.0,0,1,1,356,358,2008-07-17,2013-09-11,2008.0,2013.0,1882.0,False,True,False,True,False,154.7,30-70% built,100.0,-45.0
13778906,DAMAC HILLS 2,Madinat Hind 4,Front Line Investment Management,Finished,Standard,100.0,0,0,0,313,313,2015-01-01,2019-09-17,2015.0,2019.0,1720.0,True,False,True,False,False,,>70% built,100.0,0.0
11995331,DownTown Dubai,Burj Khalifa,Emaar Properties,Finished,Standard,100.0,365,3,0,0,368,2015-03-06,2019-05-27,2015.0,2019.0,1543.0,True,False,True,False,False,,>70% built,100.0,0.0
250683065,,Wadi Al Safa 5,Emaar Development,Finished,Standard,100.0,0,0,154,29,183,2019-10-15,2022-10-30,2019.0,2022.0,1111.0,True,False,True,False,False,,>70% built,100.0,0.0
1252,Silicon Oasis,Nadd Hessa,Dubai Integrated Economic Zones,Finished,Standard,100.0,112,1,0,0,113,2008-01-17,2013-09-18,2008.0,2013.0,2071.0,True,False,True,False,False,,>70% built,100.0,0.0
1270,Barsha Heights,Al Thanyah First,TECOM Investments,Finished,Standard,100.0,191,1,0,0,192,2009-06-16,2014-08-14,2009.0,2014.0,1885.0,True,False,True,False,False,,>70% built,100.0,0.0
608783969,Jumeirah Garden City,Al Satwa,Meraas,Active,Standard,7.0,44,1,0,0,45,2024-08-01,2026-08-01,2024.0,2026.0,730.0,False,True,False,True,True,0.1,<30% built,8.0,-1.0
14959806,DAMAC HILLS 2,Madinat Hind 4,Front Line Investment Management,Finished,Standard,100.0,0,0,0,183,183,2015-04-01,2021-08-26,2015.0,2021.0,2339.0,True,False,True,False,False,,>70% built,100.0,0.0
597367498,Jumeirah Village Circle,Al Barsha South Fourth,Jumeirah Village,Active,Standard,20.0,180,1,0,0,181,2024-06-05,,2024.0,,,False,True,False,False,False,,<30% built,8.0,12.0
600177360,Jumeirah Lakes Towers,Al Thanyah Fifth,DMCC (Dubai Multi Commodities Centre),Active,Standard,9.0,1225,1,0,0,1226,2024-09-01,,2024.0,,,False,True,False,False,False,,<30% built,8.0,1.0
1247,Silicon Oasis,Nadd Hessa,Dubai Integrated Economic Zones,Finished,Standard,100.0,316,4,0,0,320,2009-10-04,2009-09-08,2009.0,2009.0,,True,False,True,False,False,,>70% built,100.0,0.0
692468777,Palm Deira,Palm Deira,Nakheel,Not Started,Standard,0.0,64,1,0,0,65,2025-05-15,2027-05-15,2025.0,2027.0,730.0,False,True,False,False,False,,<30% built,0.0,0.0
805,Silicon Oasis,Nadd Hessa,Dubai Integrated Economic Zones,Finished,Standard,100.0,128,1,0,0,129,2015-11-01,2017-12-31,2015.0,2017.0,791.0,True,False,True,False,False,,>70% built,100.0,0.0
291310162,Jumeirah Golf Estates,Me'Aisem First,Jumeirah Golf Estates,Finished,Standard,100.0,29,1,0,0,30,2018-02-04,2021-04-28,2018.0,2021.0,1179.0,True,False,True,False,False,,>70% built,100.0,0.0
1427,Jumeirah Village Circle,Al Barsha South Fourth,Jumeirah Village,Finished,Standard,100.0,262,1,0,0,263,2008-11-21,2013-11-24,2008.0,2013.0,1829.0,True,False,True,False,False,,>70% built,100.0,0.0
484620136,Dubai Hills Estate,Hadaeq Sheikh Mohammed Bin Rashid,Dubai Hills Estate,Active,Standard,77.0,329,1,0,0,330,2023-08-01,2027-03-31,2023.0,2027.0,1338.0,False,True,False,False,False,,>70% built,48.0,29.0
27082393,Palm Jumeirah,Palm Jumeirah,Palm Jumeirah,Finished,Standard,100.0,106,2,0,0,108,2014-09-06,2020-06-30,2014.0,2020.0,2124.0,True,False,True,False,False,,>70% built,100.0,0.0
41940378,Dubai South Residential District,Madinat Al Mataar,Dubai Aviation City Corporation,Finished,Standard,100.0,190,3,0,0,193,2017-04-01,2020-03-30,2017.0,2020.0,1094.0,True,False,True,False,False,,>70% built,100.0,0.0
995,Jumeirah Village Circle,Al Barsha South Fourth,Jumeirah Village,Finished,Standard,100.0,0,0,12,0,12,2008-09-01,2021-07-28,2008.0,2021.0,4713.0,True,False,True,False,False,,>70% built,100.0,0.0
44327175,DAMAC HILLS 2,Madinat Hind 4,Front Line Investment Management,Finished,Standard,100.0,0,0,0,397,397,2017-03-12,2022-12-25,2017.0,2022.0,2114.0,True,False,True,False,False,,>70% built,100.0,0.0
353781755,Mohammed Bin Rashid AL Maktoum City -District -1 Community,Al Merkadh,Meydan Group,Finished,Standard,100.0,31,1,0,0,32,2021-06-01,2022-12-30,2021.0,2022.0,577.0,True,False,True,False,False,,>70% built,100.0,0.0
729849205,Motor City,Al Hebiah First,Union Properties PJSC,Not Started,Standard,0.0,46,1,0,0,47,2025-04-01,2026-10-01,2025.0,2026.0,548.0,False,True,False,False,False,,<30% built,0.0,0.0
537180963,Jumeirah Village Circle,Al Barsha South Fourth,Jumeirah Village,Active,Standard,88.0,202,1,0,0,203,2023-08-29,,2023.0,,,False,True,False,False,False,,>70% built,48.0,40.0
204555508,DAMAC HILLS 2,Madinat Hind 4,Front Line Investment Management,Not Started,Standard,0.0,0,0,0,99,99,,,,,,False,True,False,False,False,,<30% built,,
28393939,Dubai Land Residence Complex,Wadi Al Safa 5,Dubailand Residences,Finished,Standard,100.0,0,0,0,0,0,2015-05-01,2018-07-01,2015.0,2018.0,1157.0,True,False,True,False,False,,>70% built,100.0,0.0
8291241,DAMAC HILLS,Al Hebiah Third,DAMAC Crescent Properties,Finished,Standard,100.0,0,0,0,72,72,2013-05-01,2016-08-03,2013.0,2016.0,1190.0,True,False,True,False,False,,>70% built,100.0,0.0
390,Palm Jumeirah,Palm Jumeirah,Nakheel,Finished,Standard,100.0,570,2,0,1,573,2006-11-30,2010-03-24,2006.0,2010.0,1210.0,True,False,True,False,False,,>70% built,100.0,0.0
738477472,Jumeirah Garden City,Al Satwa,Meraas,Active,Standard,61.0,144,1,0,0,145,2023-06-23,2026-01-31,2023.0,2026.0,953.0,False,True,False,True,False,6.1,30-70% built,48.0,13.0
460004305,TOWN SQUARE,Al Yelayiss 2,Nshama,Active,Standard,79.0,228,1,0,0,229,2024-09-15,2025-09-30,2024.0,2025.0,380.0,False,True,False,True,False,10.1,>70% built,8.0,71.0
8388865,Palm Jumeirah,Palm Jumeirah,Palm Jumeirah,Finished,Standard,100.0,43,1,0,0,44,2013-12-30,2015-12-23,2013.0,2015.0,723.0,True,False,True,False,False,,>70% built,100.0,0.0
140648596,Jumeirah Village Circle,Al Barsha South Fourth,Jumeirah Village,Finished,Standard,100.0,0,0,16,0,16,2017-03-01,2019-07-15,2017.0,2019.0,866.0,True,False,True,False,False,,>70% built,100.0,0.0
1167,Veneto,Hessyan First,Nakheel,Finished,Standard,100.0,0,0,0,172,172,2008-05-15,2015-02-01,2008.0,2015.0,2453.0,True,False,True,False,False,,>70% built,100.0,0.0
103653321,Silicon Oasis,Nadd Hessa,Dubai Integrated Economic Zones,Finished,Standard,100.0,362,1,0,0,363,2017-06-10,2020-01-28,2017.0,2020.0,962.0,True,False,True,False,False,,>70% built,100.0,0.0
638,Arjan,Al Barshaa South Third,Remraam,Finished,Standard,100.0,298,1,0,0,299,2009-03-30,2013-03-24,2009.0,2013.0,1455.0,True,False,True,False,False,,>70% built,100.0,0.0
592336888,Arjan,Al Barshaa South Third,Liwan,Active,Standard,70.0,135,1,0,0,136,2024-04-15,2025-09-30,2024.0,2025.0,533.0,False,True,False,True,False,10.1,30-70% built,8.0,62.0
589672378,Dubai Investment Park First,Dubai Investment Park First,Dubai Investments Park Development,Active,Standard,7.0,239,1,0,0,240,2024-10-01,2026-04-30,2024.0,2026.0,576.0,False,True,False,True,True,3.2,<30% built,8.0,-1.0
389,Jumeirah Lakes Towers,Al Thanyah Fifth,Nakheel,Finished,Standard,100.0,485,1,0,0,486,2006-12-04,2012-08-30,2006.0,2012.0,2096.0,True,False,True,False,False,,>70% built,100.0,0.0
413790387,DAMAC HILLS,Al Hebiah Third,DAMAC Crescent Properties,Active,Standard,79.0,0,0,0,40,40,2022-07-15,2024-12-31,2022.0,2024.0,900.0,False,True,False,True,False,19.1,>70% built,100.0,-21.0
588310146,Down Town Jabal Ali,Jabal Ali Industrial Second,Nakheel,Not Started,Standard,0.0,818,1,0,0,819,2024-10-31,,2024.0,,,False,True,False,False,False,,<30% built,8.0,-8.0
459,Jumeirah Lakes Towers,Al Thanyah Fifth,DMCC (Dubai Multi Commodities Centre),Conditional Activating,Standard,0.0,453,1,0,0,454,2023-05-01,2026-12-31,2023.0,2026.0,1340.0,False,True,False,False,False,,<30% built,48.0,-48.0
828,Dubai Land Residence Complex,Wadi Al Safa 5,Dubai Properties,Finished,Standard,100.0,1,1,0,0,2,2008-10-30,2010-12-31,2008.0,2010.0,792.0,True,False,True,False,False,,>70% built,100.0,0.0
8388161,Palm Jumeirah,Palm Jumeirah,Palm Jumeirah,Finished,Standard,100.0,179,1,0,0,180,2013-12-30,2016-05-29,2013.0,2016.0,881.0,True,False,True,False,False,,>70% built,100.0,0.0
469488640,Jumeirah Golf Estates,Me'Aisem First,Jumeirah Golf Estates,Active,Standard,44.0,0,0,18,0,18,2023-01-03,2026-05-25,2023.0,2026.0,1238.0,False,True,False,True,False,2.3,30-70% built,48.0,-4.0
610546608,Dubai World Central,Madinat Al Mataar,Dubai Aviation City Corporation,Active,Standard,9.0,3438,8,0,0,3446,2024-05-02,2026-05-30,2024.0,2026.0,758.0,False,True,False,True,True,2.2,<30% built,8.0,1.0
434688810,SOBHA HARTLAND,Al Merkadh,Sobha,Finished,Standard,100.0,1518,5,0,0,1523,2021-11-01,2025-12-31,2021.0,2025.0,1521.0,True,False,True,False,False,,>70% built,100.0,0.0
51963138,Business Bay,Business Bay,Dubai Properties,Finished,Standard,100.0,540,1,0,0,541,2017-03-01,2021-01-31,2017.0,2021.0,1432.0,True,False,True,False,False,,>70% built,100.0,0.0
210,Jumeirah Village Triangle,Al Barsha South Fifth,Jumeirah Village,Finished,Standard,100.0,539,3,0,0,542,2012-09-04,2014-06-12,2012.0,2014.0,646.0,True,False,True,False,False,,>70% built,100.0,0.0
667310232,Dubai Marina,Marsa Dubai,Emaar Development,Not Started,Standard,0.0,227,1,0,0,228,2024-10-30,2029-09-30,2024.0,2029.0,1796.0,False,True,False,False,False,,<30% built,8.0,-8.0
763565724,Al Furjan,Jabal Ali First,Al Furjan,Pending,Standard,7.0,40,1,0,0,41,2024-06-01,2026-06-01,2024.0,2026.0,730.0,False,True,False,True,True,2.1,<30% built,8.0,-1.0
567029559,Arabian Ranches - 1,Wadi Al Safa 6,Emaar Properties,Finished,Standard,100.0,0,0,61,60,121,2007-05-29,2008-05-29,2007.0,2008.0,366.0,True,False,True,False,False,,>70% built,100.0,0.0
769914990,Emirates Hills,Al Thanayah Fourth,Emaar Properties,Finished,Standard,100.0,0,2,26,632,660,1998-01-01,2000-08-28,1998.0,2000.0,970.0,True,False,True,False,False,,>70% built,100.0,0.0
807604947,International Media Production Zone,Me'Aisem First,DHAM (Dubai Holding Asset Management),Pending,Standard,0.0,0,0,0,0,0,2025-10-01,2028-09-30,2025.0,2028.0,1095.0,False,True,False,False,False,,<30% built,0.0,0.0
727834150,International City Phase 3,Warsan Fourth,Nakheel,Active,Standard,24.0,107,1,0,0,108,2024-10-05,2026-05-31,2024.0,2026.0,603.0,False,True,False,True,True,2.1,<30% built,8.0,16.0
566963982,Arabian Ranches - 1,Wadi Al Safa 6,Emaar Properties,Finished,Standard,100.0,0,0,0,16,16,2008-01-04,2009-01-04,2008.0,2009.0,366.0,True,False,True,False,False,,>70% built,100.0,0.0
20,Business Bay,Business Bay,Business Bay,Finished,Standard,100.0,604,1,0,0,605,2007-09-02,2016-03-08,2007.0,2016.0,3110.0,True,False,True,False,False,,>70% built,100.0,0.0
140608318,Meydan One Community,Al Merkadh,Meydan Group,Finished,Standard,100.0,234,1,0,0,235,2017-10-01,2022-04-30,2017.0,2022.0,1672.0,True,False,True,False,False,,>70% built,100.0,0.0
404,Jumeirah Village Circle,Al Barsha South Fourth,Jumeirah Village,Finished,Standard,100.0,0,0,17,0,17,2013-06-25,2015-05-17,2013.0,2015.0,691.0,True,False,True,False,False,,>70% built,100.0,0.0
7398439,Meydan Racecourse Community,Nad Al Shiba First,Meydan City Corporation,Finished,Standard,100.0,0,0,1,198,199,2013-03-01,2016-03-06,2013.0,2016.0,1101.0,True,False,True,False,False,,>70% built,100.0,0.0
371357037,Dubai South Residential District,Madinat Al Mataar,Dubai Aviation City Corporation,Finished,Standard,100.0,0,0,74,0,74,2022-01-31,2024-01-31,2022.0,2024.0,730.0,True,False,True,False,False,,>70% built,100.0,0.0
631449927,,Al Yufrah 1,Emaar Development,Not Started,Standard,0.0,0,0,378,188,566,2024-10-23,2028-11-30,2024.0,2028.0,1499.0,False,True,False,False,False,,<30% built,8.0,-8.0
577999742,Palm Deira,Palm Deira,Nakheel,Active,Standard,9.0,79,1,0,0,80,2024-04-30,,2024.0,,,False,True,False,False,False,,<30% built,8.0,1.0
812840958,Dubai Maritime City,Madinat Dubai Almelaheyah,Dubai Maritime City,Not Started,Standard,0.0,1200,1,0,0,1201,2026-01-01,2029-06-30,2026.0,2029.0,1276.0,False,True,False,False,False,,<30% built,0.0,0.0
474651885,Jumeirah Village Circle,Al Barsha South Fourth,Jumeirah Village,Active,Standard,86.0,121,1,0,0,122,2023-03-13,2025-03-13,2023.0,2025.0,731.0,False,True,False,True,False,16.7,>70% built,48.0,38.0
623,Jaddaf Waterfront,Al Jadaf,Dubai Properties,Finished,Standard,100.0,523,1,0,0,524,2006-11-01,2015-06-08,2006.0,2015.0,3141.0,True,False,True,False,False,,>70% built,100.0,0.0
716301998,Dubai Land Residence Complex,Wadi Al Safa 5,Dubailand Residences,Active,Standard,20.0,131,1,0,0,132,2024-08-15,2026-12-15,2024.0,2026.0,852.0,False,True,False,False,False,,<30% built,8.0,12.0
579691649,Jumeirah Park,Al Thanyah Fifth,Nakheel,Active,Standard,48.0,0,0,0,40,40,2024-01-15,2025-07-15,2024.0,2025.0,547.0,False,True,False,True,False,12.6,30-70% built,8.0,40.0
380378231,,Marsa Dubai,DEVCO Real Estate Development,Finished,Standard,100.0,459,1,0,0,460,2021-09-02,2023-06-02,2021.0,2023.0,638.0,True,False,True,False,False,,>70% built,100.0,0.0
15656669,DAMAC HILLS,Al Hebiah Third,DAMAC Crescent Properties,Finished,Standard,100.0,1575,4,0,0,1579,2015-03-01,2022-03-29,2015.0,2022.0,2585.0,True,False,True,False,False,,>70% built,100.0,0.0
146746565,Jumeirah Village Circle,Al Barsha South Fourth,Jumeirah Village,Finished,Standard,100.0,195,1,0,0,196,2017-06-01,2020-05-31,2017.0,2020.0,1095.0,True,False,True,False,False,,>70% built,100.0,0.0
754843259,Dubai World Central,Madinat Al Mataar,Dubai Aviation City Corporation,Not Started,Standard,0.0,1855,2,0,0,1857,2025-05-02,2027-05-30,2025.0,2027.0,758.0,False,True,False,False,False,,<30% built,0.0,0.0
360934943,DUBAI HILLS - PALM HILLS,Hadaeq Sheikh Mohammed Bin Rashid,Dubai Hills Estate,Finished,Standard,100.0,0,0,0,75,75,2021-08-15,2024-10-31,2021.0,2024.0,1173.0,True,False,True,False,False,,>70% built,100.0,0.0
626240887,Dubai Hills Estate,Hadaeq Sheikh Mohammed Bin Rashid,Dubai Hills Estate,Active,Standard,9.0,246,1,0,0,247,2024-09-01,2027-03-31,2024.0,2027.0,941.0,False,True,False,False,False,,<30% built,8.0,1.0
673227458,Palm Jabal Ali,Palm Jabal Ali,Nakheel,Active,Standard,1.0,0,0,0,99,99,2025-01-14,2028-01-17,2025.0,2028.0,1098.0,False,True,False,False,False,,<30% built,0.0,1.0
394,Dubai Land Residence Complex,Wadi Al Safa 5,Dubailand Residences,Finished,Standard,100.0,301,1,0,0,302,2008-04-01,2015-10-11,2008.0,2015.0,2749.0,True,False,True,False,False,,>70% built,100.0,0.0
476173217,Jumeirah Village Circle,Al Barsha South Fourth,Jumeirah Village,Active,Standard,75.0,219,1,0,0,220,2023-05-01,2025-11-30,2023.0,2025.0,944.0,False,True,False,True,False,8.1,>70% built,48.0,27.0
26542835,Sufouh Gardens,Al Safouh First,TECOM Investments,Finished,Standard,100.0,92,1,0,0,93,2015-05-01,2016-09-01,2015.0,2016.0,489.0,True,False,True,False,False,,>70% built,100.0,0.0
725644919,,Me'Aisem Second,Emaar Development,Not Started,Standard,0.0,0,0,0,525,525,2025-08-05,2029-09-30,2025.0,2029.0,1517.0,False,True,False,False,False,,<30% built,0.0,0.0
483364891,Arjan,Al Barshaa South Third,Liwan,Active,Standard,44.0,300,1,0,0,301,2023-10-01,2026-04-30,2023.0,2026.0,942.0,False,True,False,True,False,3.2,30-70% built,48.0,-4.0
419816361,Site A,Al Safouh Second,TECOM Investments,Finished,Standard,100.0,95,1,0,0,96,2021-05-05,2025-06-30,2021.0,2025.0,1517.0,True,False,True,False,False,,>70% built,100.0,0.0
713747698,Motor City,Al Hebiah First,Union Properties PJSC,Not Started,Standard,0.0,1027,2,0,0,1029,2025-02-01,2028-05-31,2025.0,2028.0,1215.0,False,True,False,False,False,,<30% built,0.0,0.0
675165555,Jumeirah Village Circle,Al Barsha South Fourth,Jumeirah Village,Not Started,Standard,0.0,58,1,0,0,59,2025-01-10,2026-09-10,2025.0,2026.0,608.0,False,True,False,False,False,,<30% built,0.0,0.0
15081390,Palm Jumeirah,Palm Jumeirah,Palm Jumeirah,Finished,Standard,100.0,0,0,0,4,4,2014-03-06,2018-02-12,2014.0,2018.0,1439.0,True,False,True,False,False,,>70% built,100.0,0.0
793210544,Dubai Land Residence Complex,Wadi Al Safa 5,Dubailand Residences,Not Started,Standard,0.0,84,1,0,0,85,2025-11-01,2027-12-31,2025.0,2027.0,790.0,False,True,False,False,False,,<30% built,0.0,0.0
500711672,Mudon,Al Hebiah Sixth,Dubai Properties,Active,Standard,61.0,0,0,242,50,292,2023-07-20,2026-07-30,2023.0,2026.0,1106.0,False,True,False,True,False,0.2,30-70% built,48.0,13.0
700422641,Palm Deira,Palm Deira,Nakheel,Not Started,Standard,0.0,57,1,0,0,58,2025-01-01,2028-07-31,2025.0,2028.0,1307.0,False,True,False,False,False,,<30% built,0.0,0.0
606412016,Dubai South Residential District,Madinat Al Mataar,Dubai Aviation City Corporation,Active,Standard,17.0,0,0,189,77,266,2024-07-30,,2024.0,,,False,True,False,False,False,,<30% built,8.0,9.0
27137981,Business Bay,Business Bay,Business Bay,Active,Standard,77.0,253,1,0,0,254,2016-01-01,2024-02-07,2016.0,2024.0,2959.0,False,True,False,True,False,29.9,>70% built,100.0,-23.0
503015718,City Walk,Al Wasl,Meraas,Active,Standard,51.0,148,1,0,0,149,2023-08-01,,2023.0,,,False,True,False,False,False,,30-70% built,48.0,3.0
28086509,,Business Bay,Meraas,Finished,Standard,100.0,1224,1,0,0,1225,2016-07-01,2023-08-30,2016.0,2023.0,2616.0,True,False,True,False,False,,>70% built,100.0,0.0
817,Dubai Marina,Marsa Dubai,Emaar Properties,Finished,Standard,100.0,772,1,0,0,773,2005-05-08,2011-07-19,2005.0,2011.0,2263.0,True,False,True,False,False,,>70% built,100.0,0.0
137158728,SOBHA HARTLAND,Al Merkadh,Sobha,Finished,Standard,100.0,0,0,0,23,23,2018-01-20,2021-12-31,2018.0,2021.0,1441.0,True,False,True,False,False,,>70% built,100.0,0.0
139952423,Dubai Land Residence Complex,Wadi Al Safa 5,Dubailand Residences,Finished,Standard,100.0,286,1,0,0,287,2017-11-30,2022-12-31,2017.0,2022.0,1857.0,True,False,True,False,False,,>70% built,100.0,0.0
9534067,DAMAC HILLS,Al Hebiah Third,DAMAC Crescent Properties,Finished,Standard,100.0,151,2,0,0,153,2013-08-01,2016-12-31,2013.0,2016.0,1248.0,True,False,True,False,False,,>70% built,100.0,0.0
447598953,TOWN SQUARE,Al Yelayiss 2,Nshama,Finished,Standard,100.0,0,0,500,61,561,2023-03-01,2025-08-31,2023.0,2025.0,914.0,True,False,True,False,False,,>70% built,48.0,52.0
430934617,Dubai Hills Estate,Hadaeq Sheikh Mohammed Bin Rashid,Dubai Hills Estate,Finished,Standard,100.0,150,1,0,0,151,2022-07-07,2025-02-28,2022.0,2025.0,967.0,True,False,True,False,False,,>70% built,100.0,0.0
1452,Liwan1,Wadi Al Safa 2,Remraam,Finished,Standard,100.0,0,0,6,0,6,2009-05-01,2010-07-12,2009.0,2010.0,437.0,True,False,True,False,False,,>70% built,100.0,0.0
138879656,Dubai Sports City,Al Hebiah Fourth,Dubai Sports City,Finished,Standard,100.0,400,2,0,0,402,2017-09-10,2020-03-18,2017.0,2020.0,920.0,True,False,True,False,False,,>70% built,100.0,0.0
1460,Dubai Marina,Marsa Dubai,Emaar Properties,Finished,Standard,100.0,452,3,0,0,455,2006-03-01,2009-12-01,2006.0,2009.0,1371.0,True,False,True,False,False,,>70% built,100.0,0.0
499384424,Dubai Land Residence Complex,Wadi Al Safa 5,Dubailand Residences,Active,Standard,12.0,352,1,0,0,353,2023-11-30,,2023.0,,,False,True,False,False,False,,<30% built,48.0,-36.0
15849291,Jumeirah Village Circle,Al Barsha South Fourth,Nakheel,Finished,Standard,100.0,0,0,12,0,12,2014-03-19,2017-03-06,2014.0,2017.0,1083.0,True,False,True,False,False,,>70% built,100.0,0.0
564142154,,Wadi Al Safa 5,Dubailand,Active,Standard,2.0,0,0,462,211,673,2024-04-30,2027-11-28,2024.0,2027.0,1307.0,False,True,False,False,False,,<30% built,8.0,-6.0
1455,Liwan1,Wadi Al Safa 2,Remraam,Pending,Standard,0.0,0,0,6,0,6,2009-05-01,2010-07-12,2009.0,2010.0,437.0,False,True,False,True,True,192.7,<30% built,100.0,-100.0
795130230,Dubai Land Residence Complex,Wadi Al Safa 5,Dubai Properties,Not Started,Standard,0.0,168,1,0,0,169,2025-09-01,2027-09-15,2025.0,2027.0,744.0,False,True,False,False,False,,<30% built,0.0,0.0
691710228,LA MER,Jumeirah First,Meraas,Not Started,Standard,0.0,30,2,0,0,32,2025-05-01,2029-03-31,2025.0,2029.0,1430.0,False,True,False,False,False,,<30% built,0.0,0.0
144253873,Mohammed Bin Rashid AL Maktoum City -District -1 Community,Al Merkadh,District One,Finished,Standard,100.0,31,1,0,0,32,2017-12-01,2022-01-31,2017.0,2022.0,1522.0,True,False,True,False,False,,>70% built,100.0,0.0
353283974,Mohammed Bin Rashid AL Maktoum City -District -1 Community,Al Merkadh,Meydan Group,Finished,Standard,100.0,31,1,0,0,32,2021-06-01,2023-06-30,2021.0,2023.0,759.0,True,False,True,False,False,,>70% built,100.0,0.0
377252316,Business Bay,Business Bay,Business Bay,Finished,Standard,100.0,350,1,0,0,351,2018-02-12,2023-06-30,2018.0,2023.0,1964.0,True,False,True,False,False,,>70% built,100.0,0.0
1269,Jumeirah Village Circle,Al Barsha South Fourth,Jumeirah Village,Finished,Standard,100.0,0,0,26,0,26,2008-09-10,2012-02-27,2008.0,2012.0,1265.0,True,False,True,False,False,,>70% built,100.0,0.0
518847274,Jumeirah Village Triangle,Al Barsha South Fifth,Jumeirah Village,Active,Standard,18.0,391,1,0,0,392,2023-09-01,,2023.0,,,False,True,False,False,False,,<30% built,48.0,-30.0
594523549,Jumeirah Village Triangle,Al Barsha South Fifth,Jumeirah Village,Active,Standard,13.0,49,1,0,0,50,2024-03-14,,2024.0,,,False,True,False,False,False,,<30% built,8.0,5.0
659511548,DMCC-EZ1,Al Thanyah Fifth,DMCC (Dubai Multi Commodities Centre),Active,Standard,1.0,187,1,0,0,188,2024-10-01,2028-12-31,2024.0,2028.0,1552.0,False,True,False,False,False,,<30% built,8.0,-7.0
574441185,Dubai Land Residence Complex,Wadi Al Safa 5,Dubailand Residences,Active,Standard,5.0,836,1,0,0,837,2024-07-01,2027-12-31,2024.0,2027.0,1278.0,False,True,False,False,False,,<30% built,8.0,-3.0
11538904,DAMAC HILLS,Al Hebiah Third,DAMAC Crescent Properties,Finished,Standard,100.0,0,0,0,116,116,2014-11-01,2018-11-12,2014.0,2018.0,1472.0,True,False,True,False,False,,>70% built,100.0,0.0
10830789,DAMAC HILLS,Al Hebiah Third,DAMAC Crescent Properties,Finished,Standard,100.0,0,0,0,142,142,2014-11-01,2018-06-27,2014.0,2018.0,1334.0,True,False,True,False,False,,>70% built,100.0,0.0
466960243,Jumeirah Village Circle,Al Barsha South Fourth,Jumeirah Village,Finished,Standard,100.0,102,1,0,0,103,2022-12-12,2025-01-30,2022.0,2025.0,780.0,True,False,True,False,False,,>70% built,100.0,0.0
518156179,Jumeirah Village Circle,Al Barsha South Fourth,Jumeirah Village,Finished,Standard,100.0,185,1,0,0,186,2023-05-04,,2023.0,,,True,False,True,False,False,,>70% built,48.0,52.0
21120967,Palm Jumeirah,Palm Jumeirah,Nakheel,Finished,Standard,100.0,289,2,0,0,291,2015-04-13,2018-02-28,2015.0,2018.0,1052.0,True,False,True,False,False,,>70% built,100.0,0.0
989,Jumeirah Village Circle,Al Barsha South Fourth,Nakheel,Finished,Standard,100.0,0,0,13,0,13,2013-07-03,2015-07-27,2013.0,2015.0,754.0,True,False,True,False,False,,>70% built,100.0,0.0
600941557,Palm Jumeirah,Palm Jumeirah,Palm Jumeirah,Active,Standard,2.0,45,1,0,0,46,2024-07-01,2026-06-30,2024.0,2026.0,729.0,False,True,False,True,True,1.1,<30% built,8.0,-6.0
557401358,Jumeirah Lakes Towers,Al Thanyah Fifth,DMCC (Dubai Multi Commodities Centre),Active,Standard,12.0,547,1,0,0,548,2024-02-01,2027-06-01,2024.0,2027.0,1216.0,False,True,False,False,False,,<30% built,8.0,4.0
541503096,Dubai Hills Estate,Hadaeq Sheikh Mohammed Bin Rashid,Dubai Hills Estate,Active,Standard,31.0,217,1,0,0,218,2024-01-23,2027-11-30,2024.0,2027.0,1407.0,False,True,False,False,False,,30-70% built,8.0,23.0
463197051,Al Furjan,Jabal Ali First,Al Furjan,Active,Standard,80.0,98,1,0,0,99,2023-03-31,2025-01-31,2023.0,2025.0,672.0,False,True,False,True,False,18.1,>70% built,48.0,32.0
425,Barsha Heights,Al Thanyah First,TECOM Investments,Finished,Standard,100.0,205,1,0,0,206,2007-02-01,2010-12-07,2007.0,2010.0,1405.0,True,False,True,False,False,,>70% built,100.0,0.0
768936214,Majan,Wadi Al Safa 3,Dubai Properties,Pending,Standard,0.0,77,1,0,0,78,2025-07-25,2027-06-25,2025.0,2027.0,700.0,False,True,False,False,False,,<30% built,0.0,0.0
662135362,Jumeirah Village Circle,Al Barsha South Fourth,Jumeirah Village,Active,Standard,27.0,404,1,0,0,405,2024-10-01,2026-03-31,2024.0,2026.0,546.0,False,True,False,True,True,4.1,<30% built,8.0,19.0
37608708,TOWN SQUARE,Al Yelayiss 2,Nashmi Development,Finished,Standard,100.0,0,0,764,94,858,2017-04-20,2020-06-30,2017.0,2020.0,1167.0,True,False,True,False,False,,>70% built,100.0,0.0
428,,Zaabeel Second,DAMAC Properties,Finished,Standard,100.0,0,0,0,0,0,2006-10-29,2011-06-28,2006.0,2011.0,1703.0,True,False,True,False,False,,>70% built,100.0,0.0
548316344,Jumeirah Village Circle,Al Barsha South Fourth,Jumeirah Village,Finished,Standard,100.0,166,1,0,0,167,2023-11-15,2024-10-29,2023.0,2024.0,349.0,True,False,True,False,False,,>70% built,48.0,52.0
627851896,,Al Yufrah 1,Emaar Development,Active,Standard,11.0,0,0,696,173,869,2024-09-23,2028-09-30,2024.0,2028.0,1468.0,False,True,False,False,False,,<30% built,8.0,3.0
440565933,Business Bay,Business Bay,Business Bay,Active,Standard,77.0,1040,6,0,0,1046,2022-10-01,2026-02-01,2022.0,2026.0,1219.0,False,True,False,True,False,6.0,>70% built,100.0,-23.0
556089384,Jumeirah Village Circle,Al Barsha South Fourth,Nakheel,Active,Standard,9.0,392,2,0,0,394,2024-02-01,,2024.0,,,False,True,False,False,False,,<30% built,8.0,1.0
758377607,Majan,Wadi Al Safa 3,Liwan,Not Started,Standard,0.0,291,1,0,0,292,2025-11-01,2028-03-31,2025.0,2028.0,881.0,False,True,False,False,False,,<30% built,0.0,0.0
1459,The Greens,Al Thanyah Third,Emaar Properties,Finished,Standard,100.0,249,1,0,0,250,2007-05-01,2010-09-01,2007.0,2010.0,1219.0,True,False,True,False,False,,>70% built,100.0,0.0
8290418,DAMAC HILLS,Al Hebiah Third,DAMAC Crescent Properties,Finished,Standard,100.0,0,0,0,62,62,2013-05-01,2016-05-24,2013.0,2016.0,1119.0,True,False,True,False,False,,>70% built,100.0,0.0
712340429,City Walk,Al Wasl,Meraas,Not Started,Standard,0.0,203,2,0,0,205,2025-04-16,2028-12-10,2025.0,2028.0,1334.0,False,True,False,False,False,,<30% built,0.0,0.0
56,Business Bay,Business Bay,Dubai Properties,Finished,Standard,100.0,183,1,0,0,184,2007-12-04,2010-05-20,2007.0,2010.0,898.0,True,False,True,False,False,,>70% built,100.0,0.0
749749714,Jumeirah Garden City,Al Satwa,Meraas,Not Started,Standard,0.0,229,1,0,0,230,2025-08-01,2027-11-01,2025.0,2027.0,822.0,False,True,False,False,False,,<30% built,0.0,0.0
639340495,DAMAC HILLS 2,Madinat Hind 4,Front Line Investment Management,Active,Standard,17.0,0,0,0,222,222,2024-10-18,2027-02-27,2024.0,2027.0,862.0,False,True,False,False,False,,<30% built,8.0,9.0
699137702,Business Bay,Business Bay,Business Bay,Not Started,Standard,0.0,101,1,0,0,102,2025-04-15,2029-04-15,2025.0,2029.0,1461.0,False,True,False,False,False,,<30% built,0.0,0.0
1185,Liwan1,Wadi Al Safa 2,Remraam,Finished,Standard,100.0,78,1,0,0,79,2008-10-27,2014-02-18,2008.0,2014.0,1940.0,True,False,True,False,False,,>70% built,100.0,0.0
675769531,Meydan Racecourse Community,Nad Al Shiba First,Meydan Group,Pending,Standard,47.0,0,0,0,0,0,2023-09-09,2025-05-05,2023.0,2025.0,604.0,False,True,False,True,False,15.0,30-70% built,48.0,-1.0
760841031,,Wadi Al Safa 4,Dubailand,Not Started,Standard,0.0,375,1,0,0,376,2025-06-01,2028-04-01,2025.0,2028.0,1035.0,False,True,False,False,False,,<30% built,0.0,0.0
698681561,Arjan,Al Barshaa South Third,Liwan,Active,Standard,6.0,17,1,0,0,18,2024-12-18,2026-04-26,2024.0,2026.0,494.0,False,True,False,True,True,3.3,<30% built,8.0,-2.0
619356802,Palm Deira,Palm Deira,Nakheel,Active,Standard,6.0,121,1,0,0,122,2024-07-25,2026-12-25,2024.0,2026.0,883.0,False,True,False,False,False,,<30% built,8.0,-2.0
600713552,,Wadi Al Safa 7,DHRE 2 BTS (Dubai Holding),Not Started,Standard,0.0,0,0,0,641,641,2024-09-10,,2024.0,,,False,True,False,False,False,,<30% built,8.0,-8.0
730143369,Meydan Racecourse Community,Nad Al Shiba First,Meydan Group,Not Started,Standard,0.0,46,1,0,0,47,2025-10-15,2028-03-31,2025.0,2028.0,898.0,False,True,False,False,False,,<30% built,0.0,0.0
657562092,DAMAC HILLS 2,Madinat Hind 4,Front Line Investment Management,Active,Standard,1.0,0,0,0,802,802,2024-12-09,2027-08-30,2024.0,2027.0,994.0,False,True,False,False,False,,<30% built,8.0,-7.0
702561871,Dubai Science Park,Al Barshaa South Second,DHAM (Dubai Holding Asset Management),Active,Standard,34.0,1700,3,0,0,1703,2025-01-31,2028-06-30,2025.0,2028.0,1246.0,False,True,False,False,False,,30-70% built,0.0,34.0
789515767,Palm Deira,Palm Deira,Nakheel,Pending,Standard,0.0,56,1,0,0,57,2025-09-01,2028-06-30,2025.0,2028.0,1033.0,False,True,False,False,False,,<30% built,0.0,0.0
777222281,Al Furjan,Jabal Ali First,Nakheel,Not Started,Standard,0.0,226,1,0,0,227,2025-06-17,2027-06-17,2025.0,2027.0,730.0,False,True,False,False,False,,<30% built,0.0,0.0
48,Jumeirah Lakes Towers,Al Thanyah Fifth,Nakheel,Finished,Standard,100.0,229,1,0,0,230,2005-06-11,2008-11-06,2005.0,2008.0,1244.0,True,False,True,False,False,,>70% built,100.0,0.0
1301,Dubai Sports City,Al Hebiah Fourth,Dubai Sports City,Finished,Standard,100.0,210,1,0,0,211,2007-06-17,2011-09-19,2007.0,2011.0,1555.0,True,False,True,False,False,,>70% built,100.0,0.0
650693834,,Trade Center First,Meydan Group,Active,Standard,0.0,1080,1,0,0,1081,2024-08-21,2030-08-30,2024.0,2030.0,2200.0,False,True,False,False,False,,<30% built,8.0,-8.0
641,Dubai Investment Park Second,Dubai Investment Park Second,Dubai Investments Park Development,Finished,Standard,100.0,246,10,0,0,256,2008-09-04,2009-05-10,2008.0,2009.0,248.0,True,False,True,False,False,,>70% built,100.0,0.0
376236347,,Wadi Al Safa 5,Dubai Properties,Finished,Standard,100.0,0,0,272,51,323,2021-12-06,2024-12-01,2021.0,2024.0,1091.0,True,False,True,False,False,,>70% built,100.0,0.0
12,Silicon Oasis,Nadd Hessa,Dubai Integrated Economic Zones,Finished,Standard,100.0,128,1,0,0,129,2008-05-17,2017-09-05,2008.0,2017.0,3398.0,True,False,True,False,False,,>70% built,100.0,0.0
11542409,DAMAC HILLS,Al Hebiah Third,DAMAC Crescent Properties,Finished,Standard,100.0,168,2,0,0,170,2014-06-01,2018-12-11,2014.0,2018.0,1654.0,True,False,True,False,False,,>70% built,100.0,0.0
414,Business Bay,Business Bay,Dubai Properties,Finished,Standard,100.0,166,1,0,0,167,2007-03-27,2011-02-14,2007.0,2011.0,1420.0,True,False,True,False,False,,>70% built,100.0,0.0
548183676,Jumeirah Village Circle,Al Barsha South Fourth,Jumeirah Village,Active,Standard,41.0,93,1,0,0,94,2023-08-24,2026-09-30,2023.0,2026.0,1133.0,False,True,False,False,False,,30-70% built,48.0,-7.0
776494033,Jumeirah Village Circle,Al Barsha South Fourth,Nakheel,Not Started,Standard,0.0,507,1,0,0,508,2025-08-01,2029-06-30,2025.0,2029.0,1429.0,False,True,False,False,False,,<30% built,0.0,0.0
787491855,Palm Deira,Palm Deira,Nakheel,Not Started,Standard,0.0,61,1,0,0,62,2025-08-01,2027-12-31,2025.0,2027.0,882.0,False,True,False,False,False,,<30% built,0.0,0.0
23604250,,Business Bay,Business Bay,Finished,Standard,100.0,799,1,0,0,800,2015-07-01,2022-03-29,2015.0,2022.0,2463.0,True,False,True,False,False,,>70% built,100.0,0.0
221704460,Meydan One Community,Al Merkadh,Meydan Group,Finished,Standard,100.0,171,1,0,0,172,2018-12-12,2024-03-04,2018.0,2024.0,1909.0,True,False,True,False,False,,>70% built,100.0,0.0
441213123,Jumeirah Village Circle,Al Barsha South Fourth,Jumeirah Village,Finished,Standard,100.0,1,1,17,0,19,2022-09-20,2024-01-10,2022.0,2024.0,477.0,True,False,True,False,False,,>70% built,100.0,0.0
10453805,Dubai Marina,Marsa Dubai,Emaar Properties,Finished,Standard,100.0,224,1,0,0,225,2011-06-09,2017-04-10,2011.0,2017.0,2132.0,True,False,True,False,False,,>70% built,100.0,0.0
445926497,Jumeirah Village Circle,Al Barsha South Fourth,Jumeirah Village,Finished,Standard,100.0,727,1,0,0,728,2022-10-01,2024-03-31,2022.0,2024.0,547.0,True,False,True,False,False,,>70% built,100.0,0.0
202573766,Dubai Hills Estate,Hadaeq Sheikh Mohammed Bin Rashid,Dubai Hills Estate,Finished,Standard,100.0,495,2,0,0,497,2019-01-26,2022-03-31,2019.0,2022.0,1160.0,True,False,True,False,False,,>70% built,100.0,0.0
1093,Jumeirah Village Circle,Al Barsha South Fourth,Jumeirah Village,Finished,Standard,100.0,0,0,20,0,20,2008-04-06,2010-12-17,2008.0,2010.0,985.0,True,False,True,False,False,,>70% built,100.0,0.0
780581406,Jumeirah Islands,Al Thanyah Fifth,Nakheel,Not Started,Standard,0.0,357,1,0,0,358,2025-06-19,2028-12-31,2025.0,2028.0,1291.0,False,True,False,False,False,,<30% built,0.0,0.0
162934404,Arjan,Al Barshaa South Third,Liwan,Finished,Standard,100.0,463,1,0,0,464,2018-03-31,2023-10-30,2018.0,2023.0,2039.0,True,False,True,False,False,,>70% built,100.0,0.0
422381599,Majan,Wadi Al Safa 3,Dubai Properties,Finished,Standard,100.0,62,1,0,0,63,2017-04-01,,2017.0,,,True,False,True,False,False,,>70% built,100.0,0.0
418017410,Mudon,Al Hebiah Sixth,Dubai Properties,Finished,Standard,100.0,0,0,224,44,268,2022-08-01,2025-10-31,2022.0,2025.0,1187.0,True,False,True,False,False,,>70% built,100.0,0.0
670459665,Dubai Marina,Marsa Dubai,Emaar Development,Not Started,Standard,0.0,214,1,0,0,215,2025-02-25,2028-02-28,2025.0,2028.0,1098.0,False,True,False,False,False,,<30% built,0.0,0.0
745894257,City Of Arabia,Wadi Al Safa 4,Ilyas & Mustafa Galadari Investment & Development,Not Started,Standard,0.0,465,1,0,0,466,2025-04-16,2027-04-30,2025.0,2027.0,744.0,False,True,False,False,False,,<30% built,0.0,0.0
8481618,DAMAC HILLS,Al Hebiah Third,DAMAC Crescent Properties,Finished,Standard,100.0,0,0,20,24,44,2013-07-01,2019-02-06,2013.0,2019.0,2046.0,True,False,True,False,False,,>70% built,100.0,0.0
409768169,Palm Jumeirah,Palm Jumeirah,Palm Jumeirah,Active,Standard,43.0,17,1,0,0,18,2022-07-30,2025-12-31,2022.0,2025.0,1250.0,False,True,False,True,False,7.1,30-70% built,100.0,-57.0
478101084,Business Bay,Business Bay,Business Bay,Finished,Standard,100.0,125,1,0,0,126,2022-03-01,2024-06-01,2022.0,2024.0,823.0,True,False,True,False,False,,>70% built,100.0,0.0
354261060,Jumeirah Village Triangle,Al Barsha South Fifth,Jumeirah Village,Finished,Standard,100.0,86,1,0,0,87,2020-01-15,2021-12-30,2020.0,2021.0,715.0,True,False,True,False,False,,>70% built,100.0,0.0
155747173,Business Bay,Business Bay,Business Bay,Finished,Standard,100.0,246,1,0,0,247,2017-09-25,2021-07-15,2017.0,2021.0,1389.0,True,False,True,False,False,,>70% built,100.0,0.0
740333665,Dubai South Residential District,Madinat Al Mataar,Dubai Aviation City Corporation,Not Started,Standard,0.0,66,1,0,0,67,2025-02-28,2027-03-31,2025.0,2027.0,761.0,False,True,False,False,False,,<30% built,0.0,0.0
424821241,Jumeirah Village Circle,Al Barsha South Fourth,Jumeirah Village,Finished,Standard,100.0,82,1,0,0,83,2022-01-01,2024-03-31,2022.0,2024.0,820.0,True,False,True,False,False,,>70% built,100.0,0.0
661478569,,Hadaeq Sheikh Mohammed Bin Rashid,Eden Hills,Active,Standard,2.0,0,0,158,157,315,2025-03-01,2026-12-25,2025.0,2026.0,664.0,False,True,False,False,False,,<30% built,0.0,2.0
790553110,Mohammed Bin Rashid AL Maktoum District 11,Wadi Al Safa 3,Meydan Group,Pending,Standard,0.0,51,1,0,0,52,2025-09-15,2028-06-15,2025.0,2028.0,1004.0,False,True,False,False,False,,<30% built,0.0,0.0
344,Jumeirah Village Circle,Al Barsha South Fourth,Jumeirah Village,Finished,Standard,100.0,0,0,16,0,16,2009-01-22,2013-03-07,2009.0,2013.0,1505.0,True,False,True,False,False,,>70% built,100.0,0.0
757383347,Business Park,Zaabeel Second,DHAM (Dubai Holding Asset Management),Not Started,Standard,0.0,280,1,0,0,281,2025-08-14,2029-08-14,2025.0,2029.0,1461.0,False,True,False,False,False,,<30% built,0.0,0.0
576906053,HADAEQ SHEIKH MOHAMMED BIN RASHID - DISRICT 7,Hadaeq Sheikh Mohammed Bin Rashid,Meydan Group,Active,Standard,2.0,551,6,93,10,660,2022-12-01,2027-06-30,2022.0,2027.0,1672.0,False,True,False,False,False,,<30% built,100.0,-98.0
474,Arjan,Al Barshaa South Third,Remraam,Active,Standard,80.0,124,2,0,0,126,2009-02-14,2022-11-30,2009.0,2022.0,5037.0,False,True,False,True,False,44.1,>70% built,100.0,-20.0
358540450,TILAL AL GHAF,Al Hebiah Fourth,Majid Al Futtaim Communities,Active,Standard,99.0,0,0,808,274,1082,2021-11-06,2024-08-31,2021.0,2024.0,1029.0,False,True,False,True,False,23.1,>70% built,100.0,-1.0
557056751,Liwan1,Wadi Al Safa 2,Liwan,Active,Standard,18.0,192,1,0,0,193,2023-11-30,,2023.0,,,False,True,False,False,False,,<30% built,48.0,-30.0
726316698,Business Bay,Business Bay,Dubai Properties,Not Started,Standard,0.0,1584,5,0,0,1589,2025-03-15,2026-10-31,2025.0,2026.0,595.0,False,True,False,False,False,,<30% built,0.0,0.0
745832625,City Of Arabia,Wadi Al Safa 4,Ilyas & Mustafa Galadari Investment & Development,Not Started,Standard,0.0,1541,1,0,0,1542,2025-04-16,2027-04-16,2025.0,2027.0,730.0,False,True,False,False,False,,<30% built,0.0,0.0
582829640,Al Furjan,Jabal Ali First,Al Furjan,Active,Standard,33.0,236,1,0,0,237,2024-03-01,,2024.0,,,False,True,False,False,False,,30-70% built,8.0,25.0
484267390,Palm Jabal Ali,Palm Jabal Ali,Nakheel,Active,Standard,8.0,0,0,0,114,114,2023-12-02,2027-12-01,2023.0,2027.0,1460.0,False,True,False,False,False,,<30% built,48.0,-40.0
434687850,Arjan,Al Barshaa South Third,Liwan,Finished,Standard,100.0,91,1,0,0,92,2022-07-01,2023-12-31,2022.0,2023.0,548.0,True,False,True,False,False,,>70% built,100.0,0.0
749689193,Palm Deira,Palm Deira,Nakheel,Not Started,Standard,0.0,164,2,0,0,166,2025-10-15,2027-10-15,2025.0,2027.0,730.0,False,True,False,False,False,,<30% built,0.0,0.0
297,Dubai Marina,Marsa Dubai,Emaar Properties,Finished,Standard,100.0,371,1,0,0,372,2009-06-01,2011-11-10,2009.0,2011.0,892.0,True,False,True,False,False,,>70% built,100.0,0.0
28753591,Al Furjan,Jabal Ali First,Al Furjan,Finished,Standard,100.0,229,1,0,0,230,2016-03-01,2017-09-20,2016.0,2017.0,568.0,True,False,True,False,False,,>70% built,100.0,0.0
152892699,Jumeirah Village Circle,Al Barsha South Fourth,Jumeirah Village,Finished,Standard,100.0,156,1,0,0,157,2017-11-01,2022-10-30,2017.0,2022.0,1824.0,True,False,True,False,False,,>70% built,100.0,0.0
87619370,Jumeirah Village Circle,Al Barsha South Fourth,Jumeirah Village,Active,Standard,92.0,146,1,0,0,147,2023-01-23,2025-02-23,2023.0,2025.0,762.0,False,True,False,True,False,17.3,>70% built,48.0,44.0
168109863,Dubai Sports City,Al Hebiah Fourth,Dubai Sports City,Finished,Standard,100.0,0,0,0,102,102,2018-04-30,2022-08-01,2018.0,2022.0,1554.0,True,False,True,False,False,,>70% built,100.0,0.0
501262614,Dubai Studio City,Al Hebiah Second,DHAM (Dubai Holding Asset Management),Finished,Standard,100.0,163,1,0,0,164,2023-04-27,2025-04-30,2023.0,2025.0,734.0,True,False,True,False,False,,>70% built,48.0,52.0
721108190,International City Phase 3,Warsan Fourth,International City,Not Started,Standard,0.0,51,1,0,0,52,2025-04-05,2027-03-31,2025.0,2027.0,725.0,False,True,False,False,False,,<30% built,0.0,0.0
805792019,Dubai Science Park,Al Barshaa South Second,DHAM (Dubai Holding Asset Management),Pending,Standard,0.0,0,0,0,0,0,2025-09-07,2027-08-07,2025.0,2027.0,699.0,False,True,False,False,False,,<30% built,0.0,0.0
504709411,Liwan1,Wadi Al Safa 2,Liwan,Finished,Standard,100.0,97,1,0,0,98,2023-08-31,2025-02-24,2023.0,2025.0,543.0,True,False,True,False,False,,>70% built,48.0,52.0
22282453,Silicon Oasis,Nadd Hessa,Dubai Integrated Economic Zones,Finished,Standard,100.0,716,1,0,0,717,2015-10-01,2020-10-01,2015.0,2020.0,1827.0,True,False,True,False,False,,>70% built,100.0,0.0
733583699,Meydan One Community,Al Merkadh,Meydan Group,Active,Standard,86.0,124,1,0,0,125,2025-03-13,2027-03-13,2025.0,2027.0,730.0,False,True,False,False,False,,>70% built,0.0,86.0
14169030,DownTown Dubai,Burj Khalifa,Emaar Properties,Finished,Standard,100.0,558,3,0,0,561,2015-12-01,2020-04-30,2015.0,2020.0,1612.0,True,False,True,False,False,,>70% built,100.0,0.0
10,Silicon Oasis,Nadd Hessa,Dubai Integrated Economic Zones,Finished,Standard,100.0,128,1,0,0,129,2008-05-17,2014-03-13,2008.0,2014.0,2126.0,True,False,True,False,False,,>70% built,100.0,0.0
788976244,Majan,Wadi Al Safa 3,Liwan,Not Started,Standard,0.0,85,1,0,0,86,2025-08-01,2027-12-31,2025.0,2027.0,882.0,False,True,False,False,False,,<30% built,0.0,0.0
534777371,Jumeirah Village Circle,Al Barsha South Fourth,Nakheel,Finished,Standard,100.0,147,1,0,0,148,2023-05-02,,2023.0,,,True,False,True,False,False,,>70% built,48.0,52.0
767974684,Dubai Land Residence Complex,Wadi Al Safa 5,Dubailand Residences,Not Started,Standard,0.0,264,1,0,0,265,2025-06-10,2027-09-10,2025.0,2027.0,822.0,False,True,False,False,False,,<30% built,0.0,0.0
802999842,DMCC-EZ2,Jabal Ali First,Sobha,Not Started,Standard,0.0,2143,2,0,0,2145,2025-10-01,2030-06-30,2025.0,2030.0,1733.0,False,True,False,False,False,,<30% built,0.0,0.0
771287785,Al Furjan,Jabal Ali First,Al Furjan,Pending,Standard,16.0,0,0,0,0,0,2025-04-01,2027-03-31,2025.0,2027.0,729.0,False,True,False,False,False,,<30% built,0.0,16.0
278370257,Dubai Health Care City Phase 2,Al Jadaf,Dubai Healthcare City,Finished,Standard,100.0,639,1,0,0,640,2019-10-01,2022-04-26,2019.0,2022.0,938.0,True,False,True,False,False,,>70% built,100.0,0.0
15259974,Dubai Health Care City Phase 1,Um Hurair Second,Creek Heights Real Estate,Finished,Standard,100.0,0,1,0,0,1,2006-01-19,2015-02-01,2006.0,2015.0,3300.0,True,False,True,False,False,,>70% built,100.0,0.0
12928500,Jumeirah Golf Estates,Me'Aisem First,DAMAC Properties,Finished,Mixed-use,100.0,0,0,1,32,33,2014-05-01,2015-11-01,2014.0,2015.0,549.0,True,False,True,False,False,,>70% built,100.0,0.0
33701278,SOBHA HARTLAND,Al Merkadh,Sobha,Finished,Standard,100.0,354,2,0,0,356,2016-09-01,2020-01-06,2016.0,2020.0,1222.0,True,False,True,False,False,,>70% built,100.0,0.0
508039513,Jumeirah Village Circle,Al Barsha South Fourth,Jumeirah Village,Active,Standard,95.0,606,1,0,0,607,2023-07-01,2026-06-30,2023.0,2026.0,1095.0,False,True,False,True,False,1.1,>70% built,48.0,47.0
746467108,Arjan,Al Barshaa South Third,Liwan,Not Started,Standard,0.0,489,1,0,0,490,2025-10-01,2028-12-31,2025.0,2028.0,1187.0,False,True,False,False,False,,<30% built,0.0,0.0
421,Business Bay,Business Bay,Business Bay,Finished,Standard,100.0,368,1,0,0,369,2010-04-01,2014-03-13,2010.0,2014.0,1442.0,True,False,True,False,False,,>70% built,100.0,0.0
9783564,Jumeirah Park,Al Thanyah Fifth,Jumeirah Park,Finished,Standard,100.0,0,0,176,195,371,2013-06-01,2016-02-28,2013.0,2016.0,1002.0,True,False,True,False,False,,>70% built,100.0,0.0
1194,Liwan1,Wadi Al Safa 2,Remraam,Finished,Standard,100.0,73,1,0,0,74,2009-05-01,2014-01-30,2009.0,2014.0,1735.0,True,False,True,False,False,,>70% built,100.0,0.0
29078549,Jumeirah Village Circle,Al Barsha South Fourth,Jumeirah Village,Finished,Standard,100.0,0,0,13,0,13,2015-05-01,2017-01-26,2015.0,2017.0,636.0,True,False,True,False,False,,>70% built,100.0,0.0
481979556,Dubai Hills Estate,Hadaeq Sheikh Mohammed Bin Rashid,Dubai Hills Estate,Active,Standard,72.0,110,1,0,0,111,2023-02-07,2025-07-31,2023.0,2025.0,905.0,False,True,False,True,False,12.1,>70% built,48.0,24.0
610570603,Majan,Wadi Al Safa 3,Liwan,Not Started,Standard,0.0,436,1,0,0,437,2024-04-01,2027-03-31,2024.0,2027.0,1094.0,False,True,False,False,False,,<30% built,8.0,-8.0
744027498,Dubai Land Residence Complex,Wadi Al Safa 5,Dubailand Residences,Not Started,Standard,0.0,131,1,0,0,132,2025-04-01,2027-12-31,2025.0,2027.0,1004.0,False,True,False,False,False,,<30% built,0.0,0.0
741196440,,Dubai Investment Park Second,DAMAC Meree Investment,Not Started,Standard,0.0,576,5,0,0,581,2025-08-11,2029-03-31,2025.0,2029.0,1328.0,False,True,False,False,False,,<30% built,0.0,0.0
354891321,Mohammed Bin Rashid AL Maktoum City -District -1 Community,Al Merkadh,Meydan Group,Finished,Standard,100.0,0,0,0,37,37,2021-10-01,2023-12-30,2021.0,2023.0,820.0,True,False,True,False,False,,>70% built,100.0,0.0
605722707,Al Furjan,Jabal Ali First,Al Furjan,Active,Standard,29.0,82,1,0,0,83,2024-04-29,2026-09-30,2024.0,2026.0,884.0,False,True,False,False,False,,<30% built,8.0,21.0
467289713,Jumeirah Village Circle,Al Barsha South Fourth,Jumeirah Village,Active,Standard,77.0,161,1,0,0,162,2022-10-14,2026-10-14,2022.0,2026.0,1461.0,False,True,False,False,False,,>70% built,100.0,-23.0
418653553,,Al Hebiah Fifth,Wahat Al Jazeera Real Estate,Active,Standard,93.0,0,0,0,759,759,2022-08-23,2025-09-29,2022.0,2025.0,1133.0,False,True,False,True,False,10.2,>70% built,100.0,-7.0
505,Jumeirah Lakes Towers,Al Thanyah Fifth,DMCC (Dubai Multi Commodities Centre),Finished,Standard,100.0,453,1,0,0,454,2007-09-01,2012-12-23,2007.0,2012.0,1940.0,True,False,True,False,False,,>70% built,100.0,0.0
696577409,Palm Deira,Palm Deira,Palm Deira,Active,Standard,13.0,66,1,0,0,67,2024-12-25,2026-12-25,2024.0,2026.0,730.0,False,True,False,False,False,,<30% built,8.0,5.0
449686347,WARSAN FIRST DEVELOPMENT,Al Warsan First,Meraas,Active,Standard,95.0,350,2,0,0,352,2023-03-01,2025-12-31,2023.0,2025.0,1036.0,False,True,False,True,False,7.1,>70% built,48.0,47.0
157081732,Business Bay,Business Bay,Business Bay,Finished,Standard,100.0,604,1,0,0,605,2018-04-15,2022-06-30,2018.0,2022.0,1537.0,True,False,True,False,False,,>70% built,100.0,0.0
425465942,Dubai Land Residence Complex,Wadi Al Safa 5,Dubailand Residences,Active,Standard,38.0,96,1,0,0,97,2023-10-31,2026-10-31,2023.0,2026.0,1096.0,False,True,False,False,False,,30-70% built,48.0,-10.0
481666710,Business Bay,Business Bay,Business Bay,Active,Standard,7.0,849,1,0,0,850,2024-05-01,,2024.0,,,False,True,False,False,False,,<30% built,8.0,-1.0
727650200,Dubai Water Canal,Al Wasl,Meraas,Active,Standard,2.0,33,1,0,0,34,2025-06-01,2027-05-31,2025.0,2027.0,729.0,False,True,False,False,False,,<30% built,0.0,2.0
526385463,DownTown Dubai,Burj Khalifa,Emaar Properties,Active,Standard,27.0,349,1,0,0,350,2023-09-30,2026-04-30,2023.0,2026.0,943.0,False,True,False,True,True,3.2,<30% built,48.0,-21.0
583228047,Dubai World Central,Madinat Al Mataar,Dubai Aviation City Corporation,Not Started,Standard,0.0,2358,6,0,0,2364,2024-01-29,2026-01-28,2024.0,2026.0,730.0,False,True,False,True,True,6.2,<30% built,8.0,-8.0
676185951,TOWN SQUARE,Al Yelayiss 2,Nshama,Not Started,Standard,0.0,167,1,0,0,168,2025-05-18,2027-09-30,2025.0,2027.0,865.0,False,True,False,False,False,,<30% built,0.0,0.0
477,Dubai Sports City,Al Hebiah Fourth,Dubai Sports City,Finished,Standard,100.0,305,1,0,0,306,2008-06-07,2014-12-31,2008.0,2014.0,2398.0,True,False,True,False,False,,>70% built,100.0,0.0
606068817,Jumeirah Village Circle,Al Barsha South Fourth,Jumeirah Village,Active,Standard,26.0,345,1,0,0,346,2024-03-20,2026-07-24,2024.0,2026.0,856.0,False,True,False,True,True,0.4,<30% built,8.0,18.0
288853271,,Al Yufrah 1,Emaar Development,Finished,Standard,100.0,0,0,362,42,404,2020-03-09,2023-06-03,2020.0,2023.0,1181.0,True,False,True,False,False,,>70% built,100.0,0.0
12670500,,Wadi Al Safa 6,Emaar Properties,Finished,Standard,100.0,0,0,47,55,102,2015-06-01,2018-10-31,2015.0,2018.0,1248.0,True,False,True,False,False,,>70% built,100.0,0.0
608061941,Jumeirah Garden City,Al Satwa,Dubai Properties,Active,Standard,1.0,73,1,0,0,74,2024-09-30,2028-06-30,2024.0,2028.0,1369.0,False,True,False,False,False,,<30% built,8.0,-7.0
689936062,Palm Deira,Palm Deira,Nakheel,Not Started,Standard,0.0,251,3,0,0,254,2024-12-18,2028-01-18,2024.0,2028.0,1126.0,False,True,False,False,False,,<30% built,8.0,-8.0
87477957,,Wadi Al Safa 5,Emaar Development,Active,Standard,63.0,0,0,298,45,343,2023-08-09,2027-09-30,2023.0,2027.0,1513.0,False,True,False,False,False,,30-70% built,48.0,15.0
791126130,Palm Deira,Palm Deira,Nakheel,Not Started,Standard,0.0,57,1,0,0,58,2025-09-01,2027-09-01,2025.0,2027.0,730.0,False,True,False,False,False,,<30% built,0.0,0.0
820246620,Liwan1,Wadi Al Safa 2,Liwan,Pending,Standard,0.0,108,1,0,0,109,2025-10-01,2027-05-01,2025.0,2027.0,577.0,False,True,False,False,False,,<30% built,0.0,0.0
170908581,DownTown Dubai,Burj Khalifa,Emaar Development,Finished,Standard,100.0,906,4,0,0,910,2017-10-24,2022-06-30,2017.0,2022.0,1710.0,True,False,True,False,False,,>70% built,100.0,0.0
724529289,Majan,Wadi Al Safa 3,Liwan,Not Started,Standard,0.0,60,1,0,0,61,2025-02-25,2026-10-24,2025.0,2026.0,606.0,False,True,False,False,False,,<30% built,0.0,0.0
919,Dubai Sports City,Al Hebiah Fourth,Dubai Sports City,Finished,Standard,100.0,197,1,0,0,198,2007-08-28,2012-08-28,2007.0,2012.0,1827.0,True,False,True,False,False,,>70% built,100.0,0.0
693310659,Jumeirah Village Circle,Al Barsha South Fourth,Nakheel,Not Started,Standard,0.0,476,1,0,0,477,2025-01-01,2028-01-01,2025.0,2028.0,1095.0,False,True,False,False,False,,<30% built,0.0,0.0
567030353,Arabian Ranches - 1,Wadi Al Safa 6,Emaar Properties,Finished,Standard,100.0,0,0,0,0,0,2007-03-30,2008-03-30,2007.0,2008.0,366.0,True,False,True,False,False,,>70% built,100.0,0.0
539040337,Dubai Land Residence Complex,Wadi Al Safa 5,Dubailand Residences,Active,Standard,87.0,187,1,0,0,188,2023-10-15,,2023.0,,,False,True,False,False,False,,>70% built,48.0,39.0
135422266,Meydan One Community,Al Merkadh,Meydan Group,Finished,Standard,100.0,158,1,0,0,159,2017-10-01,2022-08-23,2017.0,2022.0,1787.0,True,False,True,False,False,,>70% built,100.0,0.0
781297828,Dubai Land Residence Complex,Wadi Al Safa 5,Dubailand Residences,Pending,Standard,0.0,142,1,0,0,143,2025-07-15,2026-12-30,2025.0,2026.0,533.0,False,True,False,False,False,,<30% built,0.0,0.0
819951094,Dubai Land Residence Complex,Wadi Al Safa 5,Dubailand Residences,Pending,Standard,0.0,0,0,0,0,0,2026-03-01,2030-03-31,2026.0,2030.0,1491.0,False,True,False,False,False,,<30% built,0.0,0.0
42728871,Jumeirah Village Circle,Al Barsha South Fourth,Jumeirah Village,Finished,Standard,100.0,99,1,0,0,100,2016-02-01,2019-04-08,2016.0,2019.0,1162.0,True,False,True,False,False,,>70% built,100.0,0.0
163,International City Phase 1,Al Warsan First,International City,Finished,Standard,100.0,144,1,0,0,145,2008-03-24,2014-12-31,2008.0,2014.0,2473.0,True,False,True,False,False,,>70% built,100.0,0.0
587703110,Meydan Racecourse Community,Nad Al Shiba First,Meydan Group,Pending,Standard,0.0,66,1,0,0,67,2025-09-01,2027-08-31,2025.0,2027.0,729.0,False,True,False,False,False,,<30% built,0.0,0.0
678109847,Dubai South Residential District,Madinat Al Mataar,Dubai Aviation City Corporation,Not Started,Standard,0.0,74,1,0,0,75,2025-02-28,2026-12-30,2025.0,2026.0,670.0,False,True,False,False,False,,<30% built,0.0,0.0
590150998,Jumeirah Village Circle,Al Barsha South Fourth,Jumeirah Village,Active,Standard,23.0,72,1,0,0,73,2024-06-15,,2024.0,,,False,True,False,False,False,,<30% built,8.0,15.0
567073067,Dubai Creek Harbour,Al Khairan First,Dubai Creek Harbour,Active,Standard,20.0,262,2,0,0,264,2024-05-09,,2024.0,,,False,True,False,False,False,,<30% built,8.0,12.0
417982058,Meydan One Community,Al Merkadh,Meydan Group,Finished,Standard,100.0,194,1,0,0,195,2020-11-23,2024-01-18,2020.0,2024.0,1151.0,True,False,True,False,False,,>70% built,100.0,0.0
21225977,Jumeirah Village Circle,Al Barsha South Fourth,Jumeirah Village,Finished,Standard,100.0,121,1,0,0,122,2014-07-01,2016-04-21,2014.0,2016.0,660.0,True,False,True,False,False,,>70% built,100.0,0.0
484711339,Jumeirah Village Circle,Al Barsha South Fourth,Jumeirah Village,Finished,Standard,100.0,101,1,0,0,102,2023-02-15,2024-11-15,2023.0,2024.0,639.0,True,False,True,False,False,,>70% built,48.0,52.0
401151356,Al Furjan,Jabal Ali First,Al Furjan,Finished,Standard,100.0,0,0,8,1,9,2021-06-16,2022-09-30,2021.0,2022.0,471.0,True,False,True,False,False,,>70% built,100.0,0.0
349505321,DAMAC HILLS,Al Hebiah Third,Dubailand Residences,Finished,Standard,100.0,0,0,0,213,213,2021-06-08,2024-02-29,2021.0,2024.0,996.0,True,False,True,False,False,,>70% built,100.0,0.0
611,Palm Jumeirah,Palm Jumeirah,Palm Jumeirah,Finished,Standard,100.0,398,6,0,0,404,2008-06-29,2019-10-30,2008.0,2019.0,4140.0,True,False,True,False,False,,>70% built,100.0,0.0
660448087,Mina Rashid,Madinat Dubai Almelaheyah,Mina Rashid Real Estate,Not Started,Standard,0.0,115,1,0,0,116,2025-02-22,2028-10-31,2025.0,2028.0,1347.0,False,True,False,False,False,,<30% built,0.0,0.0
445,Barsha Heights,Al Thanyah First,TECOM Investments,Finished,Standard,100.0,181,1,0,0,182,2008-06-24,2008-12-25,2008.0,2008.0,184.0,True,False,True,False,False,,>70% built,100.0,0.0
770404105,Dubai Land Residence Complex,Wadi Al Safa 5,Dubailand Residences,Not Started,Standard,0.0,49,1,0,0,50,2025-10-01,2027-12-01,2025.0,2027.0,791.0,False,True,False,False,False,,<30% built,0.0,0.0
754573553,Meydan One Community,Al Merkadh,Meydan Group,Pending,Standard,0.0,0,0,0,0,0,2025-05-01,2027-05-30,2025.0,2027.0,759.0,False,True,False,False,False,,<30% built,0.0,0.0
541716342,City Walk,Al Wasl,Meraas,Active,Standard,11.0,212,2,0,0,214,2023-12-08,2026-10-08,2023.0,2026.0,1035.0,False,True,False,False,False,,<30% built,48.0,-37.0
656450379,Majan,Wadi Al Safa 3,Liwan,Active,Standard,15.0,60,1,0,0,61,2024-07-01,2026-05-31,2024.0,2026.0,699.0,False,True,False,True,True,2.1,<30% built,8.0,7.0
790263916,Palm Deira,Palm Deira,Nakheel,Pending,Standard,0.0,143,2,0,0,145,2025-09-01,2028-06-30,2025.0,2028.0,1033.0,False,True,False,False,False,,<30% built,0.0,0.0
562691767,Site A,Al Safouh Second,DHAM (Dubai Holding Asset Management),Active,Standard,20.0,319,1,0,0,320,2024-09-30,2028-02-28,2024.0,2028.0,1246.0,False,True,False,False,False,,<30% built,8.0,12.0
611491263,Dubai Sports City,Al Hebiah Fourth,Dubai Sports City,Active,Standard,7.0,156,1,0,0,157,2024-06-01,,2024.0,,,False,True,False,False,False,,<30% built,8.0,-1.0
1123,Jumeirah Village Triangle,Al Barsha South Fifth,Jumeirah Village,Finished,Standard,100.0,209,1,0,0,210,2010-05-01,2013-11-25,2010.0,2013.0,1304.0,True,False,True,False,False,,>70% built,100.0,0.0
945,Dubai Investment Park First,Dubai Investment Park First,Dubai Investments Park Development,Conditional Activating,Standard,24.0,504,6,232,0,742,2007-02-13,2017-12-31,2007.0,2017.0,3974.0,False,True,False,True,True,103.1,<30% built,100.0,-76.0
697212325,,Al Yufrah 1,Emaar Development,Active,Standard,5.0,0,0,244,60,304,2025-02-28,2028-10-31,2025.0,2028.0,1341.0,False,True,False,False,False,,<30% built,0.0,5.0
287025096,Majan,Wadi Al Safa 3,Liwan,Finished,Standard,100.0,326,2,0,0,328,2023-03-01,,2023.0,,,True,False,True,False,False,,>70% built,48.0,52.0
652801810,,Me'Aisem Second,Emaar Properties,Active,Standard,2.0,0,0,0,42,42,2024-10-01,2029-01-31,2024.0,2029.0,1583.0,False,True,False,False,False,,<30% built,8.0,-6.0
517189903,Jumeirah Village Circle,Al Barsha South Fourth,Nakheel,Pending,Standard,80.0,0,0,0,0,0,2022-03-07,,2022.0,,,False,True,False,False,False,,>70% built,100.0,-20.0
785127590,Palm Deira,Palm Deira,Nakheel,Not Started,Standard,0.0,98,1,0,0,99,2025-10-15,2028-02-15,2025.0,2028.0,853.0,False,True,False,False,False,,<30% built,0.0,0.0
793,International City Phase 3,Warsan Fourth,Nakheel,Finished,Standard,100.0,156,1,0,0,157,2008-04-28,2009-11-09,2008.0,2009.0,560.0,True,False,True,False,False,,>70% built,100.0,0.0
53824987,Mudon,Al Hebiah Sixth,Dubai Properties,Finished,Standard,100.0,181,1,0,0,182,2017-06-30,2020-02-25,2017.0,2020.0,970.0,True,False,True,False,False,,>70% built,100.0,0.0
170416528,Meydan One Community,Al Merkadh,Meydan Group,Finished,Standard,100.0,161,1,0,0,162,2018-06-01,2024-01-18,2018.0,2024.0,2057.0,True,False,True,False,False,,>70% built,100.0,0.0
601863591,Discovery Gardens,Jabal Ali First,Nakheel,Active,Standard,2.0,158,1,0,0,159,2024-06-15,2026-06-14,2024.0,2026.0,729.0,False,True,False,True,True,1.7,<30% built,8.0,-6.0
294547066,,Business Bay,Meraas,Active,Standard,23.0,1294,2,0,0,1296,2019-12-10,2027-12-30,2019.0,2027.0,2942.0,False,True,False,False,False,,<30% built,100.0,-77.0
11897176,Dubai Sports City,Al Hebiah Fourth,Dubai Sports City,Finished,Standard,100.0,0,0,0,71,71,2013-03-02,2015-11-30,2013.0,2015.0,1003.0,True,False,True,False,False,,>70% built,100.0,0.0
627853530,,Al Yufrah 1,Emaar Development,Active,Standard,2.0,0,0,322,160,482,2024-06-23,2028-06-30,2024.0,2028.0,1468.0,False,True,False,False,False,,<30% built,8.0,-6.0
446599737,Business Bay,Business Bay,Business Bay,Active,Standard,23.0,304,1,0,0,305,2022-10-01,2026-06-30,2022.0,2026.0,1368.0,False,True,False,True,True,1.1,<30% built,100.0,-77.0
657742459,Jumeirah Village Circle,Al Barsha South Fourth,Nakheel,Not Started,Standard,0.0,264,1,0,0,265,2024-12-15,2027-07-27,2024.0,2027.0,954.0,False,True,False,False,False,,<30% built,8.0,-8.0
13777164,DAMAC HILLS 2,Madinat Hind 4,Front Line Investment Management,Finished,Standard,100.0,0,0,0,352,352,2015-01-01,2021-02-10,2015.0,2021.0,2232.0,True,False,True,False,False,,>70% built,100.0,0.0
612095148,,Bukadra,Sobha,Active,Standard,31.0,638,1,0,0,639,2024-05-10,,2024.0,,,False,True,False,False,False,,30-70% built,8.0,23.0
807,Jumeirah Village Triangle,Al Barsha South Fifth,Jumeirah Village,Active,Standard,68.0,121,1,0,0,122,2025-10-15,2027-04-15,2025.0,2027.0,547.0,False,True,False,False,False,,30-70% built,0.0,68.0
165943722,Dubai Studio City,Al Hebiah Second,TECOM Investments,Active,Standard,88.0,762,2,0,0,764,2018-02-01,2025-04-30,2018.0,2025.0,2645.0,False,True,False,True,False,15.1,>70% built,100.0,-12.0
420094989,Jumeirah Lakes Towers,Al Thanyah Fifth,DMCC (Dubai Multi Commodities Centre),Finished,Standard,100.0,334,1,0,0,335,2021-08-22,2025-03-31,2021.0,2025.0,1317.0,True,False,True,False,False,,>70% built,100.0,0.0
804635297,Dubai South Residential District,Madinat Al Mataar,Dubai Aviation City Corporation,Pending,Standard,40.0,44,1,0,0,45,2024-07-08,2025-10-08,2024.0,2025.0,457.0,False,True,False,True,False,9.9,30-70% built,8.0,32.0
434423190,Mudon,Al Hebiah Sixth,Dubai Properties,Finished,Standard,100.0,0,0,242,51,293,2022-11-01,2026-01-31,2022.0,2026.0,1187.0,True,False,True,False,False,,>70% built,100.0,0.0
759702738,Palm Deira,Palm Deira,Nakheel,Pending,Standard,3.0,0,0,0,0,0,2025-05-10,2027-11-10,2025.0,2027.0,914.0,False,True,False,False,False,,<30% built,0.0,3.0
760599228,,Business Bay,Business Bay,Not Started,Standard,0.0,524,1,0,0,525,2025-12-01,2030-12-30,2025.0,2030.0,1855.0,False,True,False,False,False,,<30% built,0.0,0.0
138464699,Meydan One Community,Al Merkadh,Meydan Group,Finished,Standard,100.0,160,1,0,0,161,2017-10-01,2022-09-30,2017.0,2022.0,1825.0,True,False,True,False,False,,>70% built,100.0,0.0
624006379,Jumeirah Village Circle,Al Barsha South Fourth,Jumeirah Village,Conditional Activating,Standard,6.0,156,1,0,0,157,2024-09-15,2026-09-15,2024.0,2026.0,730.0,False,True,False,False,False,,<30% built,8.0,-2.0
639864802,Jumeirah Village Circle,Al Barsha South Fourth,Nakheel,Pending,Standard,25.0,0,0,0,0,0,2023-12-01,2025-02-28,2023.0,2025.0,455.0,False,True,False,True,True,17.1,<30% built,48.0,-23.0
1210,Liwan1,Wadi Al Safa 2,Remraam,Finished,Standard,100.0,80,1,0,0,81,2009-07-01,2013-11-11,2009.0,2013.0,1594.0,True,False,True,False,False,,>70% built,100.0,0.0
743286639,Jumeirah Village Circle,Al Barsha South Fourth,Jumeirah Village,Not Started,Standard,0.0,188,1,0,0,189,2025-07-01,2027-09-30,2025.0,2027.0,821.0,False,True,False,False,False,,<30% built,0.0,0.0
485049363,Jumeirah Golf Estates,Me'Aisem First,Jumeirah Golf Estates,Pending,Standard,0.0,0,0,0,0,0,2023-08-31,,2023.0,,,False,True,False,False,False,,<30% built,48.0,-48.0
736946243,Business Bay,Business Bay,DHAM (Dubai Holding Asset Management),Finished,Standard,100.0,52,1,0,0,53,2022-06-20,2026-01-02,2022.0,2026.0,1292.0,True,False,True,False,False,,>70% built,100.0,0.0
763618479,Dubai World Central,Madinat Al Mataar,Dubai Aviation City Corporation,Not Started,Standard,0.0,0,0,132,96,228,2025-11-01,2028-10-31,2025.0,2028.0,1095.0,False,True,False,False,False,,<30% built,0.0,0.0
139848506,Meydan One Community,Al Merkadh,Meydan Group,Finished,Standard,100.0,135,1,0,0,136,2017-10-01,2022-09-30,2017.0,2022.0,1825.0,True,False,True,False,False,,>70% built,100.0,0.0
32562229,Dubai Marina,Marsa Dubai,Emaar Properties,Finished,Standard,100.0,410,1,0,0,411,2016-08-31,2019-09-30,2016.0,2019.0,1125.0,True,False,True,False,False,,>70% built,100.0,0.0
510549918,Palm Jumeirah,Palm Jumeirah,Palm Jumeirah,Active,Standard,30.0,95,1,0,0,96,2023-06-01,,2023.0,,,False,True,False,False,False,,<30% built,48.0,-18.0
8480608,DAMAC HILLS,Al Hebiah Third,DAMAC Crescent Properties,Finished,Standard,100.0,0,0,12,14,26,2013-07-01,2016-05-24,2013.0,2016.0,1058.0,True,False,True,False,False,,>70% built,100.0,0.0
733576670,Meydan One Community,Al Merkadh,Meydan Group,Active,Standard,35.0,158,1,0,0,159,2025-03-13,2027-03-13,2025.0,2027.0,730.0,False,True,False,False,False,,30-70% built,0.0,35.0
742522998,Jumeirah Village Circle,Al Barsha South Fourth,Jumeirah Village,Not Started,Standard,0.0,175,1,0,0,176,2025-08-01,2028-01-30,2025.0,2028.0,912.0,False,True,False,False,False,,<30% built,0.0,0.0
464,Jumeirah Lakes Towers,Al Thanyah Fifth,DMCC (Dubai Multi Commodities Centre),Finished,Standard,100.0,361,1,0,0,362,2008-01-20,2008-01-26,2008.0,2008.0,6.0,True,False,True,False,False,,>70% built,100.0,0.0
194020796,,Um Suqaim Third,Jumeirah Hills Development,Finished,Standard,100.0,161,2,0,0,163,2018-12-20,2021-03-01,2018.0,2021.0,802.0,True,False,True,False,False,,>70% built,100.0,0.0
751062241,Palm Deira,Palm Deira,Dubai Properties,Not Started,Standard,0.0,63,1,0,0,64,2025-04-01,2027-09-30,2025.0,2027.0,912.0,False,True,False,False,False,,<30% built,0.0,0.0
499541253,Jumeirah Village Circle,Al Barsha South Fourth,Jumeirah Village,Finished,Standard,100.0,153,1,0,0,154,2023-04-15,,2023.0,,,True,False,True,False,False,,>70% built,48.0,52.0
748967187,Palm Jumeirah,Palm Jumeirah,Nakheel,Pending,Standard,2.0,0,0,0,0,0,2025-03-28,2028-03-27,2025.0,2028.0,1095.0,False,True,False,False,False,,<30% built,0.0,2.0
1192,Liwan1,Wadi Al Safa 2,Remraam,Finished,Standard,100.0,60,1,0,0,61,2009-05-01,2014-01-14,2009.0,2014.0,1719.0,True,False,True,False,False,,>70% built,100.0,0.0
14180020,Sufouh Gardens,Al Safouh First,TECOM Investments,Finished,Standard,100.0,48,1,0,0,49,2014-02-14,2015-08-27,2014.0,2015.0,559.0,True,False,True,False,False,,>70% built,100.0,0.0
162465361,Jumeirah Village Circle,Al Barsha South Fourth,Jumeirah Village,Finished,Standard,100.0,116,1,0,0,117,2017-03-01,2020-06-15,2017.0,2020.0,1202.0,True,False,True,False,False,,>70% built,100.0,0.0
44648403,The World,World Islands,The World,Active,Standard,90.0,1383,5,0,0,1388,2015-12-09,2025-04-30,2015.0,2025.0,3430.0,False,True,False,True,False,15.1,>70% built,100.0,-10.0
1264,Business Bay,Business Bay,Business Bay,Finished,Standard,100.0,186,3,0,0,189,2010-03-01,2014-04-13,2010.0,2014.0,1504.0,True,False,True,False,False,,>70% built,100.0,0.0
523305025,Business Bay,Business Bay,Business Bay,Active,Standard,48.0,181,1,0,0,182,2023-08-01,2026-02-28,2023.0,2026.0,942.0,False,True,False,True,False,5.2,30-70% built,48.0,0.0
632443545,,Al Hebiah Fifth,Wahat Al Jazeera Real Estate,Not Started,Standard,0.0,322,4,0,0,326,2024-10-17,2027-06-30,2024.0,2027.0,986.0,False,True,False,False,False,,<30% built,8.0,-8.0
675851543,Mohammed Bin Rashid AL Maktoum District 11,Wadi Al Safa 3,Meydan Group,Not Started,Standard,0.0,0,0,66,0,66,2025-04-15,2027-11-15,2025.0,2027.0,944.0,False,True,False,False,False,,<30% built,0.0,0.0
1209,Liwan1,Wadi Al Safa 2,Remraam,Finished,Standard,100.0,95,1,0,0,96,2009-03-19,2018-10-02,2009.0,2018.0,3484.0,True,False,True,False,False,,>70% built,100.0,0.0
654849294,International City Phase 3,Warsan Fourth,International City,Active,Standard,46.0,124,1,0,0,125,2024-08-05,2026-08-04,2024.0,2026.0,729.0,False,True,False,True,False,0.0,30-70% built,8.0,38.0
581738597,,Al Hebiah Fifth,Wahat Al Jazeera Real Estate,Active,Standard,13.0,48,1,0,0,49,2024-04-22,,2024.0,,,False,True,False,False,False,,<30% built,8.0,5.0
263,Jaddaf Waterfront,Al Jadaf,Dubai Properties,Pending,Standard,22.0,0,0,0,0,0,2008-11-03,2027-09-18,2008.0,2027.0,6893.0,False,True,False,False,False,,<30% built,100.0,-78.0
725504681,Dubai World Central,Madinat Al Mataar,Emaar Dubai South DWC,Not Started,Standard,0.0,204,3,0,0,207,2025-08-20,2029-05-31,2025.0,2029.0,1380.0,False,True,False,False,False,,<30% built,0.0,0.0
688747236,,Al Yufrah 1,Emaar Development,Active,Standard,1.0,0,0,482,447,929,2025-02-28,2028-12-31,2025.0,2028.0,1402.0,False,True,False,False,False,,<30% built,0.0,1.0
651310406,Jumeirah Village Circle,Al Barsha South Fourth,Nakheel,Active,Standard,7.0,236,1,0,0,237,2025-01-21,2027-07-20,2025.0,2027.0,910.0,False,True,False,False,False,,<30% built,0.0,7.0
8713121,Jumeirah Village Circle,Al Barsha South Fourth,Nakheel,Finished,Standard,100.0,94,1,0,0,95,2010-07-10,2014-07-31,2010.0,2014.0,1482.0,True,False,True,False,False,,>70% built,100.0,0.0
689417905,Dubai Harbour,Marsa Dubai,Emaar Development,Not Started,Standard,0.0,229,1,0,0,230,2025-05-08,2029-09-30,2025.0,2029.0,1606.0,False,True,False,False,False,,<30% built,0.0,0.0
678813961,Dubai Water Canal,Al Wasl,Meraas,Active,Standard,11.0,466,7,0,0,473,2024-11-07,2027-02-25,2024.0,2027.0,840.0,False,True,False,False,False,,<30% built,8.0,3.0
676938468,Mohammed Bin Rashid AL Maktoum District 11,Wadi Al Safa 3,Jumeirah Village,Pending,Standard,0.0,51,1,0,0,52,2024-12-01,2026-05-25,2024.0,2026.0,540.0,False,True,False,True,True,2.3,<30% built,8.0,-8.0
266,Business Bay,Business Bay,Business Bay,Active,Standard,99.0,145,1,0,0,146,2012-01-01,2023-01-31,2012.0,2023.0,4048.0,False,True,False,True,False,42.1,>70% built,100.0,-1.0
22,Business Bay,Business Bay,Business Bay,Finished,Standard,100.0,969,1,0,0,970,2008-10-29,2017-02-26,2008.0,2017.0,3042.0,True,False,True,False,False,,>70% built,100.0,0.0
404652443,Jaddaf Waterfront,Al Jadaf,Dubai Properties,Finished,Standard,100.0,129,1,0,0,130,2022-03-01,2023-10-30,2022.0,2023.0,608.0,True,False,True,False,False,,>70% built,100.0,0.0
249,Jumeirah Village Circle,Al Barsha South Fourth,Jumeirah Village,Finished,Standard,100.0,97,1,0,0,98,2009-05-10,2019-07-31,2009.0,2019.0,3734.0,True,False,True,False,False,,>70% built,100.0,0.0
40554326,Dubai Creek Harbour,Al Khairan First,The Lagoons (Phase 1),Finished,Standard,100.0,291,0,0,0,291,2017-01-14,2021-11-17,2017.0,2021.0,1768.0,True,False,True,False,False,,>70% built,100.0,0.0
33556511,Jumeirah Village Circle,Al Barsha South Fourth,Jumeirah Village,Finished,Standard,100.0,692,2,0,0,694,2016-07-01,2021-02-28,2016.0,2021.0,1703.0,True,False,True,False,False,,>70% built,100.0,0.0
490681709,Business Bay,Business Bay,Business Bay,Active,Standard,59.0,1030,2,0,0,1032,2023-06-09,2026-10-11,2023.0,2026.0,1220.0,False,True,False,False,False,,30-70% built,48.0,11.0
23387492,Dubai Creek Harbour,Al Khairan First,The Lagoons (Phase 1),Finished,Standard,100.0,506,3,0,4,513,2016-03-05,2020-05-31,2016.0,2020.0,1548.0,True,False,True,False,False,,>70% built,100.0,0.0
251542640,Mohammed Bin Rashid AL Maktoum City -District -1 Community,Al Merkadh,District One,Finished,Standard,100.0,133,1,0,0,134,2019-06-01,2023-07-16,2019.0,2023.0,1506.0,True,False,True,False,False,,>70% built,100.0,0.0
492693679,Business Bay,Business Bay,Dubai Properties,Active,Standard,23.0,249,1,0,0,250,2023-09-15,2027-04-15,2023.0,2027.0,1308.0,False,True,False,False,False,,<30% built,48.0,-25.0
546858072,Jumeirah Golf Estates,Me'Aisem First,Jumeirah Golf Estates,Pending,Standard,0.0,0,0,0,0,0,2023-07-01,,2023.0,,,False,True,False,False,False,,<30% built,48.0,-48.0
397,Dubai Sports City,Al Hebiah Fourth,Dubai Sports City,Finished,Standard,100.0,154,1,0,0,155,2008-11-19,2014-02-27,2008.0,2014.0,1926.0,True,False,True,False,False,,>70% built,100.0,0.0
569452124,Jumeirah Village Circle,Al Barsha South Fourth,Jumeirah Village,Active,Standard,34.0,432,1,0,0,433,2023-12-18,,2023.0,,,False,True,False,False,False,,30-70% built,48.0,-14.0
449216588,Jumeirah Village Circle,Al Barsha South Fourth,Jumeirah Village,Finished,Standard,100.0,211,1,0,0,212,2022-09-15,2023-10-31,2022.0,2023.0,411.0,True,False,True,False,False,,>70% built,100.0,0.0
757841790,Al Furjan,Jabal Ali First,Al Furjan,Not Started,Standard,0.0,92,1,0,0,93,2025-06-15,2027-06-15,2025.0,2027.0,730.0,False,True,False,False,False,,<30% built,0.0,0.0
458917431,Jumeirah Village Circle,Al Barsha South Fourth,Jumeirah Village,Active,Standard,29.0,579,1,0,0,580,2022-12-08,2025-12-08,2022.0,2025.0,1096.0,False,True,False,True,True,7.9,<30% built,100.0,-71.0
1196,Liwan1,Wadi Al Safa 2,Remraam,Finished,Standard,100.0,58,1,0,0,59,2009-03-25,2017-01-17,2009.0,2017.0,2855.0,True,False,True,False,False,,>70% built,100.0,0.0
21468892,Silicon Oasis,Nadd Hessa,Dubai Integrated Economic Zones,Finished,Standard,100.0,97,1,0,0,98,2014-12-14,2017-11-16,2014.0,2017.0,1068.0,True,False,True,False,False,,>70% built,100.0,0.0
538921855,Dubai Land Residence Complex,Wadi Al Safa 5,Dubailand Residences,Active,Standard,83.0,100,1,0,0,101,2023-05-17,2024-12-23,2023.0,2024.0,586.0,False,True,False,True,False,19.3,>70% built,48.0,35.0
521898573,TOWN SQUARE,Al Yelayiss 2,Nshama,Active,Standard,45.0,242,1,0,0,243,2023-12-01,,2023.0,,,False,True,False,False,False,,30-70% built,48.0,-3.0
11796582,Dubai Hills Estate,Hadaeq Sheikh Mohammed Bin Rashid,Dubai Hills Estate,Finished,Standard,100.0,676,8,0,1,685,2015-04-01,2019-09-01,2015.0,2019.0,1614.0,True,False,True,False,False,,>70% built,100.0,0.0
745898821,,Al Yelayiss 1,DAMAC Elite Investment,Not Started,Standard,0.0,0,0,0,231,231,2025-10-01,2029-06-30,2025.0,2029.0,1368.0,False,True,False,False,False,,<30% built,0.0,0.0
4663885,Living Legends,Wadi Al Safa 3,Dubailand,Active,Standard,49.0,688,3,0,2,693,2024-01-01,2025-03-31,2024.0,2025.0,455.0,False,True,False,True,False,16.1,30-70% built,8.0,41.0
610621855,Jumeirah Garden City,Al Satwa,Meraas,Active,Standard,10.0,56,1,0,0,57,2024-06-01,2025-12-31,2024.0,2025.0,578.0,False,True,False,True,True,7.1,<30% built,8.0,2.0
800280796,Mina Rashid,Madinat Dubai Almelaheyah,Mina Rashid Real Estate,Not Started,Standard,0.0,203,3,0,0,206,2026-02-26,2029-11-30,2026.0,2029.0,1373.0,False,True,False,False,False,,<30% built,0.0,0.0
772980083,Palm Deira,Palm Deira,Nakheel,Not Started,Standard,0.0,50,1,0,0,51,2025-10-01,2027-10-31,2025.0,2027.0,760.0,False,True,False,False,False,,<30% built,0.0,0.0
688763508,Nad Al Sheba Gardens,Nad Al Shiba First,Meraas,Active,Standard,26.0,45,1,0,0,46,2024-11-15,2026-05-15,2024.0,2026.0,546.0,False,True,False,True,True,2.7,<30% built,8.0,18.0
519690813,TILAL AL GHAF,Al Hebiah Fourth,Majid Al Futtaim Communities,Active,Standard,5.0,0,0,0,110,110,2023-12-15,,2023.0,,,False,True,False,False,False,,<30% built,48.0,-43.0
578533716,Springs - 3,Al Thanayah Fourth,Emaar Properties,Finished,Standard,100.0,0,0,304,84,388,2002-01-01,2005-01-01,2002.0,2005.0,1096.0,True,False,True,False,False,,>70% built,100.0,0.0
52791349,Dubai Creek Harbour,Al Khairan First,The Lagoons (Phase 1),Finished,Standard,100.0,813,2,0,0,815,2017-06-01,2023-01-12,2017.0,2023.0,2051.0,True,False,True,False,False,,>70% built,100.0,0.0
509715625,Jumeirah Village Circle,Al Barsha South Fourth,Jumeirah Village,Active,Standard,52.0,152,1,0,0,153,2023-08-01,,2023.0,,,False,True,False,False,False,,30-70% built,48.0,4.0
799284326,,Saih Shuaib 2,DHAM (Dubai Holding Asset Management),Not Started,Standard,0.0,140,2,0,0,142,2025-09-01,2028-08-31,2025.0,2028.0,1095.0,False,True,False,False,False,,<30% built,0.0,0.0
783492708,JABEL ALI HILLS,Saih Shuaib 1,Meraas,Pending,Standard,0.0,0,0,0,0,0,2025-10-01,2027-09-30,2025.0,2027.0,729.0,False,True,False,False,False,,<30% built,0.0,0.0
398,Jumeirah Islands,Al Thanyah Fifth,Nakheel,Active,Standard,75.0,525,1,0,0,526,2003-06-01,2023-06-05,2003.0,2023.0,7309.0,False,True,False,True,False,38.0,>70% built,87.5,-12.5
775,Silicon Oasis,Nadd Hessa,Dubai Integrated Economic Zones,Finished,Standard,100.0,316,1,0,0,317,2013-09-15,2016-07-12,2013.0,2016.0,1031.0,True,False,True,False,False,,>70% built,100.0,0.0
501671008,Arjan,Al Barshaa South Third,Liwan,Finished,Standard,100.0,206,1,0,0,207,2023-03-24,2025-04-01,2023.0,2025.0,739.0,True,False,True,False,False,,>70% built,48.0,52.0
1284,Jumeirah Golf Estates,Me'Aisem First,Jumeirah Golf Estates,Finished,Standard,100.0,0,2,0,398,400,2010-09-27,2012-10-31,2010.0,2012.0,765.0,True,False,True,False,False,,>70% built,100.0,0.0
774,Silicon Oasis,Nadd Hessa,Dubai Integrated Economic Zones,Finished,Standard,100.0,888,1,0,0,889,2007-05-24,2014-01-06,2007.0,2014.0,2419.0,True,False,True,False,False,,>70% built,100.0,0.0
677613014,,Dubai Investment Park Second,DAMAC Meree Investment,Not Started,Standard,0.0,276,1,0,0,277,2025-01-29,2028-05-31,2025.0,2028.0,1218.0,False,True,False,False,False,,<30% built,0.0,0.0
16457431,DownTown Dubai,Burj Khalifa,Emaar Properties,Finished,Standard,100.0,28,1,0,0,29,2014-02-26,2017-04-30,2014.0,2017.0,1159.0,True,False,True,False,False,,>70% built,100.0,0.0
148738229,Mohammed Bin Rashid AL Maktoum City -District -1 Community,Al Merkadh,District One,Finished,Standard,100.0,95,1,0,0,96,2017-12-01,2022-11-06,2017.0,2022.0,1801.0,True,False,True,False,False,,>70% built,100.0,0.0
466957996,Jumeirah Village Circle,Al Barsha South Fourth,Jumeirah Village,Active,Standard,37.0,167,1,0,0,168,2022-12-12,2025-09-30,2022.0,2025.0,1023.0,False,True,False,True,False,10.1,30-70% built,100.0,-63.0
185692508,Wasl Gate,Jabal Ali First,JAG Development,Finished,Standard,100.0,605,2,0,0,607,2018-05-01,2022-01-22,2018.0,2022.0,1362.0,True,False,True,False,False,,>70% built,100.0,0.0
709857924,Down Town Jabal Ali,Jabal Ali Industrial Second,Nakheel,Not Started,Standard,0.0,555,1,0,0,556,2025-01-16,2028-01-16,2025.0,2028.0,1095.0,False,True,False,False,False,,<30% built,0.0,0.0
28336532,DownTown Dubai,Burj Khalifa,Emaar Properties,Finished,Standard,100.0,135,1,0,0,136,2016-03-01,2018-09-03,2016.0,2018.0,916.0,True,False,True,False,False,,>70% built,100.0,0.0
752075605,Dubai Land Residence Complex,Wadi Al Safa 5,Dubailand Residences,Not Started,Standard,0.0,194,1,0,0,195,2025-06-01,2027-06-01,2025.0,2027.0,730.0,False,True,False,False,False,,<30% built,0.0,0.0
520107187,Al Furjan,Jabal Ali First,Nakheel,Active,Standard,58.0,97,1,0,0,98,2023-08-03,,2023.0,,,False,True,False,False,False,,30-70% built,48.0,10.0
688854691,Majan,Wadi Al Safa 3,Dubai Properties,Not Started,Standard,0.0,153,1,0,0,154,2024-11-26,2028-12-31,2024.0,2028.0,1496.0,False,True,False,False,False,,<30% built,8.0,-8.0
24060181,Dubai Investment Park First,Dubai Investment Park First,Dubai Investments Park Development,Finished,Standard,100.0,16,2,210,0,228,2015-06-07,2018-10-21,2015.0,2018.0,1232.0,True,False,True,False,False,,>70% built,100.0,0.0
503733622,Jumeirah Village Circle,Al Barsha South Fourth,Jumeirah Village,Finished,Standard,100.0,308,1,0,0,309,2023-05-25,2024-07-25,2023.0,2024.0,427.0,True,False,True,False,False,,>70% built,48.0,52.0
97545469,Dubai Land Residence Complex,Wadi Al Safa 5,Dubailand Residences,Finished,Standard,100.0,253,1,0,0,254,2017-05-01,2020-04-30,2017.0,2020.0,1095.0,True,False,True,False,False,,>70% built,100.0,0.0
97,Palm Jumeirah,Palm Jumeirah,Nakheel,Finished,Standard,100.0,273,1,20,2,296,2007-06-02,2010-07-25,2007.0,2010.0,1149.0,True,False,True,False,False,,>70% built,100.0,0.0
19,Business Bay,Business Bay,Business Bay,Finished,Standard,100.0,263,1,0,0,264,2008-09-25,2015-04-01,2008.0,2015.0,2379.0,True,False,True,False,False,,>70% built,100.0,0.0
150,Jumeirah Lakes Towers,Al Thanyah Fifth,DMCC (Dubai Multi Commodities Centre),Finished,Standard,100.0,492,1,0,0,493,2004-11-27,2010-02-16,2004.0,2010.0,1907.0,True,False,True,False,False,,>70% built,100.0,0.0
43,Silicon Oasis,Nadd Hessa,Dubai Integrated Economic Zones,Finished,Standard,100.0,145,1,0,0,146,2008-01-28,2010-02-09,2008.0,2010.0,743.0,True,False,True,False,False,,>70% built,100.0,0.0
812700517,City Of Arabia,Wadi Al Safa 4,Ilyas & Mustafa Galadari Investment & Development,Pending,Standard,0.0,2852,5,0,0,2857,2025-09-08,2028-09-08,2025.0,2028.0,1096.0,False,True,False,False,False,,<30% built,0.0,0.0
660436632,Mina Rashid,Madinat Dubai Almelaheyah,Mina Rashid Real Estate,Not Started,Standard,0.0,122,1,0,0,123,2025-02-22,2028-10-31,2025.0,2028.0,1347.0,False,True,False,False,False,,<30% built,0.0,0.0
366230569,,Wadi Al Safa 5,Dubai Properties,Finished,Standard,100.0,0,0,216,41,257,2021-09-15,2024-08-01,2021.0,2024.0,1051.0,True,False,True,False,False,,>70% built,100.0,0.0
1073,,Mirdif,Dubai Investment Real Estate,Finished,Standard,100.0,359,2,0,0,361,2016-11-21,2020-01-12,2016.0,2020.0,1147.0,True,False,True,False,False,,>70% built,100.0,0.0
231,International City Phase 1,Al Warsan First,Nakheel,Finished,Standard,100.0,174,1,0,0,175,2008-09-09,2010-12-26,2008.0,2010.0,838.0,True,False,True,False,False,,>70% built,100.0,0.0
701069215,Dubai World Central,Madinat Al Mataar,Dubai Aviation City Corporation,Not Started,Standard,0.0,2967,9,0,0,2976,2024-12-25,2027-12-31,2024.0,2027.0,1101.0,False,True,False,False,False,,<30% built,8.0,-8.0
407577674,Arjan,Al Barshaa South Third,Liwan,Finished,Standard,100.0,138,1,0,0,139,2021-06-01,2024-02-19,2021.0,2024.0,993.0,True,False,True,False,False,,>70% built,100.0,0.0
576335932,Meydan Racecourse Community,Nad Al Shiba First,Nakheel,Finished,Standard,100.0,91,2,0,0,93,2022-05-18,2024-06-30,2022.0,2024.0,774.0,True,False,True,False,False,,>70% built,100.0,0.0
1261,Silicon Oasis,Nadd Hessa,Dubai Integrated Economic Zones,Finished,Standard,100.0,122,1,0,1,124,2008-01-08,2009-11-01,2008.0,2009.0,663.0,True,False,True,False,False,,>70% built,100.0,0.0
4662436,Living Legends,Wadi Al Safa 3,Dubailand,Finished,Standard,100.0,0,0,0,150,150,2011-08-01,2016-10-31,2011.0,2016.0,1918.0,True,False,True,False,False,,>70% built,100.0,0.0
691016466,Mohammed Bin Rashid AL Maktoum District 11,Wadi Al Safa 3,Meydan Group,Not Started,Standard,0.0,0,0,84,0,84,2025-01-31,2028-03-31,2025.0,2028.0,1155.0,False,True,False,False,False,,<30% built,0.0,0.0
237767884,Dubai South Residential District,Madinat Al Mataar,Dubai Aviation City Corporation,Finished,Standard,100.0,60,1,0,0,61,2018-07-01,2021-11-21,2018.0,2021.0,1239.0,True,False,True,False,False,,>70% built,100.0,0.0
797587340,Jumeirah Village Triangle,Al Barsha South Fifth,Nakheel,Pending,Standard,0.0,409,1,0,0,410,2025-10-15,2028-09-30,2025.0,2028.0,1081.0,False,True,False,False,False,,<30% built,0.0,0.0
725450449,Dubai Maritime City,Madinat Dubai Almelaheyah,Dubai Maritime City,Not Started,Standard,0.0,276,1,0,0,277,2025-09-30,2029-03-30,2025.0,2029.0,1277.0,False,True,False,False,False,,<30% built,0.0,0.0
582947011,Jumeirah Village Circle,Al Barsha South Fourth,Jumeirah Village,Active,Standard,4.0,196,1,0,0,197,2024-06-21,2027-03-31,2024.0,2027.0,1013.0,False,True,False,False,False,,<30% built,8.0,-4.0
277334782,DUBAI HILLS - GOLF TERRACES,Hadaeq Sheikh Mohammed Bin Rashid,Dubai Hills Estate,Finished,Standard,100.0,0,0,0,127,127,2019-11-01,2024-06-30,2019.0,2024.0,1703.0,True,False,True,False,False,,>70% built,100.0,0.0
14217762,Al Furjan,Jabal Ali First,Al Furjan,Finished,Standard,100.0,129,1,0,0,130,2014-10-30,2016-05-07,2014.0,2016.0,555.0,True,False,True,False,False,,>70% built,100.0,0.0
452772434,Jumeirah Golf Estates,Me'Aisem First,Jumeirah Golf Estates,Active,Standard,20.0,0,0,154,294,448,2023-08-01,2026-06-30,2023.0,2026.0,1064.0,False,True,False,True,True,1.1,<30% built,48.0,-28.0
16560290,TOWN SQUARE,Al Yelayiss 2,Nshama Development,Finished,Standard,100.0,0,0,730,86,816,2015-08-01,2018-03-31,2015.0,2018.0,973.0,True,False,True,False,False,,>70% built,100.0,0.0
701068999,Jumeirah Village Circle,Al Barsha South Fourth,Jumeirah Village,Active,Standard,2.0,191,1,0,0,192,2024-09-11,2027-02-15,2024.0,2027.0,887.0,False,True,False,False,False,,<30% built,8.0,-6.0
615784711,Palm Deira,Palm Deira,Palm Deira,Active,Standard,21.0,64,1,0,0,65,2024-07-01,2026-06-30,2024.0,2026.0,729.0,False,True,False,True,True,1.1,<30% built,8.0,13.0
10589568,DAMAC HILLS,Al Hebiah Third,DAMAC Crescent Properties,Finished,Standard,100.0,0,0,0,64,64,2013-12-01,2019-03-25,2013.0,2019.0,1940.0,True,False,True,False,False,,>70% built,100.0,0.0
710466215,Wasl Gate,Jabal Ali First,JAG Development,Not Started,Standard,0.0,260,1,0,0,261,2025-03-15,2027-09-15,2025.0,2027.0,914.0,False,True,False,False,False,,<30% built,0.0,0.0
621,Business Bay,Business Bay,Business Bay,Finished,Standard,100.0,287,1,0,0,288,2009-01-21,2023-05-24,2009.0,2023.0,5236.0,True,False,True,False,False,,>70% built,100.0,0.0
172111808,,Wadi Al Safa 5,Dubai Properties,Finished,Standard,100.0,0,0,322,60,382,2018-07-15,2022-06-30,2018.0,2022.0,1446.0,True,False,True,False,False,,>70% built,100.0,0.0
571068150,Mohammed Bin Rashid AL Maktoum District 11,Wadi Al Safa 3,Meydan Group,Active,Standard,3.0,0,0,21,0,21,2023-12-05,2026-08-31,2023.0,2026.0,1000.0,False,True,False,False,False,,<30% built,48.0,-45.0
142593703,Jumeirah Village Circle,Al Barsha South Fourth,Jumeirah Village,Finished,Standard,100.0,0,0,17,0,17,2016-08-15,2018-05-30,2016.0,2018.0,653.0,True,False,True,False,False,,>70% built,100.0,0.0
646445425,WARSAN FIRST DEVELOPMENT,Al Warsan First,Meraas,Pending,Standard,0.0,0,0,0,0,0,2025-02-01,2028-01-31,2025.0,2028.0,1094.0,False,True,False,False,False,,<30% built,0.0,0.0
300291247,Business Bay,Business Bay,Business Bay,Finished,Standard,100.0,562,1,0,0,563,2020-02-25,2024-08-31,2020.0,2024.0,1649.0,True,False,True,False,False,,>70% built,100.0,0.0
14694479,DAMAC HILLS 2,Madinat Hind 4,Front Line Investment Management,Finished,Standard,100.0,0,0,0,489,489,2015-04-01,2022-06-02,2015.0,2022.0,2619.0,True,False,True,False,False,,>70% built,100.0,0.0
1071,Business Bay,Business Bay,Dubai Properties,Finished,Standard,100.0,42,1,0,0,43,2007-02-28,2010-01-14,2007.0,2010.0,1051.0,True,False,True,False,False,,>70% built,100.0,0.0
766556970,Palm Deira,Palm Deira,Nakheel,Not Started,Standard,0.0,140,1,0,0,141,2025-10-01,2027-12-31,2025.0,2027.0,821.0,False,True,False,False,False,,<30% built,0.0,0.0
139350432,Meydan One Community,Al Merkadh,Meydan Group,Finished,Standard,100.0,157,1,0,0,158,2017-10-01,2023-06-30,2017.0,2023.0,2098.0,True,False,True,False,False,,>70% built,100.0,0.0
546487645,Mohammed Bin Rashid AL Maktoum District 11,Wadi Al Safa 3,Meydan Group,Not Started,Standard,0.0,0,0,22,0,22,2023-10-11,2026-08-30,2023.0,2026.0,1054.0,False,True,False,False,False,,<30% built,48.0,-48.0
609941885,Al Furjan,Jabal Ali First,Al Furjan,Not Started,Standard,0.0,73,1,0,0,74,2024-09-01,2027-01-01,2024.0,2027.0,852.0,False,True,False,False,False,,<30% built,8.0,-8.0
561397314,Jumeirah Garden City,Al Satwa,Meraas,Active,Standard,75.0,89,1,0,0,90,2023-12-15,,2023.0,,,False,True,False,False,False,,>70% built,48.0,27.0
